2026-09-27T00:28:26.857+02:00  INFO 26752 --- [crime-app-backend] [restartedMain] c.d.c.CrimeAppBackendApplication         : Starting CrimeAppBackendApplication using Java 21.0.12.1 with PID 26752 (C:\Users\Dani\Progetti\Crime-app\backend\target\classes started by Dani in C:\Users\Dani\Progetti\Crime-app)
2026-09-27T00:28:26.861+02:00 DEBUG 26752 --- [crime-app-backend] [restartedMain] c.d.c.CrimeAppBackendApplication         : Running with Spring Boot v4.1.1, Spring v7.0.9
2026-09-27T00:28:26.861+02:00  INFO 26752 --- [crime-app-backend] [restartedMain] c.d.c.CrimeAppBackendApplication         : No active profile set, falling back to 1 default profile: "default"
2026-09-27T00:28:26.908+02:00  INFO 26752 --- [crime-app-backend] [restartedMain] .e.DevToolsPropertyDefaultsPostProcessor : Devtools property defaults active! Set 'spring.devtools.add-properties' to 'false' to disable
2026-09-27T00:28:26.908+02:00  INFO 26752 --- [crime-app-backend] [restartedMain] .e.DevToolsPropertyDefaultsPostProcessor : For additional web related logging consider setting the 'logging.level.web' property to 'DEBUG'
2026-09-27T00:28:27.493+02:00  INFO 26752 --- [crime-app-backend] [restartedMain] .s.d.r.c.RepositoryConfigurationDelegate : Bootstrapping Spring Data JPA repositories in DEFAULT mode.
2026-09-27T00:28:27.555+02:00  INFO 26752 --- [crime-app-backend] [restartedMain] .s.d.r.c.RepositoryConfigurationDelegate : Finished Spring Data repository scanning in 54 ms. Found 7 JPA repository interfaces.
2026-09-27T00:28:28.086+02:00  INFO 26752 --- [crime-app-backend] [restartedMain] o.s.boot.tomcat.TomcatWebServer          : Tomcat initialized with port 8080 (http)
2026-09-27T00:28:28.099+02:00  INFO 26752 --- [crime-app-backend] [restartedMain] o.apache.catalina.core.StandardService   : Starting service [Tomcat]
2026-09-27T00:28:28.099+02:00  INFO 26752 --- [crime-app-backend] [restartedMain] o.apache.catalina.core.StandardEngine    : Starting Servlet engine: [Apache Tomcat/11.0.24]
2026-09-27T00:28:28.135+02:00  INFO 26752 --- [crime-app-backend] [restartedMain] b.w.c.s.WebApplicationContextInitializer : Root WebApplicationContext: initialization completed in 1227 ms
2026-09-27T00:28:28.179+02:00 DEBUG 26752 --- [crime-app-backend] [restartedMain] c.d.c.config.RequestLoggingFilter        : Filter 'requestLoggingFilter' configured for use
2026-09-27T00:28:28.373+02:00  INFO 26752 --- [crime-app-backend] [restartedMain] com.zaxxer.hikari.HikariDataSource       : HikariPool-1 - Starting...
2026-09-27T00:28:28.526+02:00  INFO 26752 --- [crime-app-backend] [restartedMain] com.zaxxer.hikari.pool.HikariPool        : HikariPool-1 - Added connection org.postgresql.jdbc.PgConnection@60b1fd11
2026-09-27T00:28:28.528+02:00  INFO 26752 --- [crime-app-backend] [restartedMain] com.zaxxer.hikari.HikariDataSource       : HikariPool-1 - Start completed.
2026-09-27T00:28:28.549+02:00  INFO 26752 --- [crime-app-backend] [restartedMain] org.flywaydb.core.FlywayExecutor         : Database: jdbc:postgresql://localhost:5432/crimeapp (PostgreSQL 16.4)
2026-09-27T00:28:28.624+02:00  INFO 26752 --- [crime-app-backend] [restartedMain] o.f.core.internal.command.DbValidate     : Successfully validated 1 migration (execution time 00:00.027s)
2026-09-27T00:28:28.666+02:00  INFO 26752 --- [crime-app-backend] [restartedMain] o.f.core.internal.command.DbMigrate      : Current version of schema "public": 1
2026-09-27T00:28:28.670+02:00  INFO 26752 --- [crime-app-backend] [restartedMain] o.f.core.internal.command.DbMigrate      : Schema "public" is up to date. No migration necessary.
2026-09-27T00:28:28.755+02:00  INFO 26752 --- [crime-app-backend] [restartedMain] org.hibernate.orm.jpa                    : HHH008540: Processing PersistenceUnitInfo [name: default]
2026-09-27T00:28:28.824+02:00  INFO 26752 --- [crime-app-backend] [restartedMain] org.hibernate.orm.core                   : HHH000001: Hibernate ORM core version 7.4.5.Final
2026-09-27T00:28:28.834+02:00  INFO 26752 --- [crime-app-backend] [restartedMain] o.h.spatial.integration.SpatialService   : HHH80000001: Hibernate Spatial integration enabled: true
2026-09-27T00:28:29.184+02:00  INFO 26752 --- [crime-app-backend] [restartedMain] org.hibernate.orm.connections.pooling    : HHH10001005: Database info:
	Database JDBC URL [jdbc:postgresql://localhost:5432/crimeapp]
	Database driver: PostgreSQL JDBC Driver
	Database dialect: PostgreSQLDialect
	Database version: 16.4
	Default catalog/schema: crimeapp/public
	Autocommit mode: undefined/unknown
	Isolation level: READ_COMMITTED [default READ_COMMITTED]
	JDBC fetch size: none
	Pool: DataSourceConnectionProvider
	Minimum pool size: undefined/unknown
	Maximum pool size: undefined/unknown
2026-09-27T00:28:29.576+02:00  INFO 26752 --- [crime-app-backend] [restartedMain] o.s.o.j.p.SpringPersistenceUnitInfo      : No LoadTimeWeaver setup: ignoring JPA class transformer
2026-09-27T00:28:30.842+02:00  INFO 26752 --- [crime-app-backend] [restartedMain] org.hibernate.orm.core                   : HHH000489: No JTA platform available (set 'hibernate.transaction.jta.platform' to enable JTA platform integration)
2026-09-27T00:28:30.906+02:00  INFO 26752 --- [crime-app-backend] [restartedMain] j.LocalContainerEntityManagerFactoryBean : Initialized JPA EntityManagerFactory for persistence unit 'default'
2026-09-27T00:28:30.984+02:00  INFO 26752 --- [crime-app-backend] [restartedMain] o.s.d.j.r.query.QueryEnhancerFactories   : Hibernate is in classpath; If applicable, HQL parser will be used.
2026-09-27T00:28:31.321+02:00  WARN 26752 --- [crime-app-backend] [restartedMain] JpaBaseConfiguration$JpaWebConfiguration : spring.jpa.open-in-view is enabled by default. Therefore, database queries may be performed during view rendering. Explicitly configure spring.jpa.open-in-view to disable this warning
2026-09-27T00:28:31.392+02:00  WARN 26752 --- [crime-app-backend] [restartedMain] .s.a.UserDetailsServiceAutoConfiguration : 

Using generated security password: 3a11a330-a236-4a38-a122-d33fb62f2c18

This generated password is for development use only. Your security configuration must be updated before running your application in production.

2026-09-27T00:28:31.398+02:00  INFO 26752 --- [crime-app-backend] [restartedMain] r$InitializeUserDetailsManagerConfigurer : Global AuthenticationManager configured with UserDetailsService bean with name inMemoryUserDetailsManager
2026-09-27T00:28:31.806+02:00  INFO 26752 --- [crime-app-backend] [restartedMain] o.s.boot.tomcat.TomcatWebServer          : Tomcat started on port 8080 (http) with context path '/'
2026-09-27T00:28:31.811+02:00  INFO 26752 --- [crime-app-backend] [restartedMain] c.d.c.CrimeAppBackendApplication         : Started CrimeAppBackendApplication in 5.467 seconds (process running for 6.019)
2026-09-27T00:28:32.190+02:00 DEBUG 26752 --- [crime-app-backend] [scheduling-1] org.hibernate.SQL                        : select s1_0.id,s1_0.anonima,s1_0.autore_id,s1_0.categoria_id,s1_0.data_creazione,s1_0.data_rimozione,s1_0.data_scadenza,s1_0.descrizione,s1_0.posizione,s1_0.stato from segnalazione s1_0 where s1_0.stato=? and s1_0.data_scadenza<?
2026-09-27T00:28:32.758+02:00 DEBUG 26752 --- [crime-app-backend] [scheduling-1] org.hibernate.SQL                        : insert into evento_moderazione (amministratore_id,data_evento,motivazione,segnalazione_id,stato_nuovo,stato_precedente,tipo_attore) values (?,?,?,?,?,?,?)
2026-09-27T00:28:32.778+02:00 DEBUG 26752 --- [crime-app-backend] [scheduling-1] org.hibernate.SQL                        : update segnalazione set anonima=?,autore_id=?,categoria_id=?,data_rimozione=?,data_scadenza=?,descrizione=?,posizione=?,stato=? where id=?
2026-09-27T00:28:32.789+02:00  INFO 26752 --- [crime-app-backend] [scheduling-1] c.d.c.service.SegnalazioneScadenzaJob    : Segnalazioni scadute automaticamente: 1
2026-09-27T00:29:28.945+02:00  INFO 26752 --- [crime-app-backend] [http-nio-8080-exec-1] o.a.c.c.C.[Tomcat].[localhost].[/]       : Initializing Spring DispatcherServlet 'dispatcherServlet'
2026-09-27T00:29:28.945+02:00  INFO 26752 --- [crime-app-backend] [http-nio-8080-exec-1] o.s.web.servlet.DispatcherServlet        : Initializing Servlet 'dispatcherServlet'
2026-09-27T00:29:28.946+02:00  INFO 26752 --- [crime-app-backend] [http-nio-8080-exec-1] o.s.web.servlet.DispatcherServlet        : Completed initialization in 1 ms
2026-09-27T00:29:29.018+02:00 DEBUG 26752 --- [crime-app-backend] [http-nio-8080-exec-1] org.hibernate.SQL                        : select c1_0.id,c1_0.attiva,c1_0.descrizione,c1_0.durata_validita_ore,c1_0.icona,c1_0.nome from categoria c1_0
2026-09-27T00:29:29.042+02:00  INFO 26752 --- [crime-app-backend] [http-nio-8080-exec-1] c.d.c.config.RequestLoggingFilter        : GET /api/categorie -> 200 (60 ms)
2026-09-27T00:29:40.485+02:00 DEBUG 26752 --- [crime-app-backend] [http-nio-8080-exec-2] org.hibernate.SQL                        : select c1_0.id,c1_0.attiva,c1_0.descrizione,c1_0.durata_validita_ore,c1_0.icona,c1_0.nome from categoria c1_0
2026-09-27T00:29:40.489+02:00  INFO 26752 --- [crime-app-backend] [http-nio-8080-exec-2] c.d.c.config.RequestLoggingFilter        : GET /api/categorie -> 200 (9 ms)
2026-09-27T00:29:42.217+02:00 DEBUG 26752 --- [crime-app-backend] [http-nio-8080-exec-3] org.hibernate.SQL                        : select c1_0.id,c1_0.attiva,c1_0.descrizione,c1_0.durata_validita_ore,c1_0.icona,c1_0.nome from categoria c1_0
2026-09-27T00:29:42.220+02:00  INFO 26752 --- [crime-app-backend] [http-nio-8080-exec-3] c.d.c.config.RequestLoggingFilter        : GET /api/categorie -> 200 (7 ms)
2026-09-27T00:29:44.380+02:00 DEBUG 26752 --- [crime-app-backend] [http-nio-8080-exec-4] org.hibernate.SQL                        : select c1_0.id,c1_0.attiva,c1_0.descrizione,c1_0.durata_validita_ore,c1_0.icona,c1_0.nome from categoria c1_0
2026-09-27T00:29:44.385+02:00  INFO 26752 --- [crime-app-backend] [http-nio-8080-exec-4] c.d.c.config.RequestLoggingFilter        : GET /api/categorie -> 200 (8 ms)
2026-09-27T00:29:44.951+02:00 DEBUG 26752 --- [crime-app-backend] [http-nio-8080-exec-5] org.hibernate.SQL                        : SELECT * FROM segnalazione s
WHERE s.stato = 'ATTIVA'
  AND ST_DWithin(s.posizione, ST_SetSRID(ST_MakePoint(?, ?), 4326)::geography, ?)

2026-09-27T00:29:44.967+02:00  INFO 26752 --- [crime-app-backend] [http-nio-8080-exec-5] c.d.c.config.RequestLoggingFilter        : GET /api/segnalazioni/vicine?lat=45.0824&lng=7.6853&raggioMetri=2384 -> 200 (45 ms)
2026-09-27T00:29:46.319+02:00 DEBUG 26752 --- [crime-app-backend] [http-nio-8080-exec-6] org.hibernate.SQL                        : select c1_0.id,c1_0.attiva,c1_0.descrizione,c1_0.durata_validita_ore,c1_0.icona,c1_0.nome from categoria c1_0
2026-09-27T00:29:46.323+02:00  INFO 26752 --- [crime-app-backend] [http-nio-8080-exec-6] c.d.c.config.RequestLoggingFilter        : GET /api/categorie -> 200 (8 ms)
2026-09-27T00:29:47.101+02:00 DEBUG 26752 --- [crime-app-backend] [http-nio-8080-exec-7] org.hibernate.SQL                        : select c1_0.id,c1_0.attiva,c1_0.descrizione,c1_0.durata_validita_ore,c1_0.icona,c1_0.nome from categoria c1_0
2026-09-27T00:29:47.105+02:00  INFO 26752 --- [crime-app-backend] [http-nio-8080-exec-7] c.d.c.config.RequestLoggingFilter        : GET /api/categorie -> 200 (6 ms)
2026-09-27T00:29:47.409+02:00 DEBUG 26752 --- [crime-app-backend] [http-nio-8080-exec-8] org.hibernate.SQL                        : SELECT * FROM segnalazione s
WHERE s.stato = 'ATTIVA'
  AND ST_DWithin(s.posizione, ST_SetSRID(ST_MakePoint(?, ?), 4326)::geography, ?)

2026-09-27T00:29:47.414+02:00  INFO 26752 --- [crime-app-backend] [http-nio-8080-exec-8] c.d.c.config.RequestLoggingFilter        : GET /api/segnalazioni/vicine?lat=45.0824&lng=7.6853&raggioMetri=2384 -> 200 (5 ms)
2026-09-27T00:29:50.244+02:00 DEBUG 26752 --- [crime-app-backend] [http-nio-8080-exec-9] org.hibernate.SQL                        : SELECT * FROM segnalazione s
WHERE s.stato = 'ATTIVA'
  AND ST_DWithin(s.posizione, ST_SetSRID(ST_MakePoint(?, ?), 4326)::geography, ?)

2026-09-27T00:29:50.248+02:00  INFO 26752 --- [crime-app-backend] [http-nio-8080-exec-9] c.d.c.config.RequestLoggingFilter        : GET /api/segnalazioni/vicine?lat=45.07042923286664&lng=7.719697952270508&raggioMetri=19066 -> 200 (7 ms)
2026-09-27T00:29:56.009+02:00 DEBUG 26752 --- [crime-app-backend] [http-nio-8080-exec-10] org.hibernate.SQL                        : SELECT * FROM segnalazione s
WHERE s.stato = 'ATTIVA'
  AND ST_DWithin(s.posizione, ST_SetSRID(ST_MakePoint(?, ?), 4326)::geography, ?)

2026-09-27T00:29:56.012+02:00  INFO 26752 --- [crime-app-backend] [http-nio-8080-exec-10] c.d.c.config.RequestLoggingFilter        : GET /api/segnalazioni/vicine?lat=45.045752865439304&lng=7.919769287109376&raggioMetri=19070 -> 200 (6 ms)
2026-09-27T00:29:58.525+02:00 DEBUG 26752 --- [crime-app-backend] [http-nio-8080-exec-1] org.hibernate.SQL                        : SELECT * FROM segnalazione s
WHERE s.stato = 'ATTIVA'
  AND ST_DWithin(s.posizione, ST_SetSRID(ST_MakePoint(?, ?), 4326)::geography, ?)

2026-09-27T00:29:58.528+02:00  INFO 26752 --- [crime-app-backend] [http-nio-8080-exec-1] c.d.c.config.RequestLoggingFilter        : GET /api/segnalazioni/vicine?lat=45.082399799562914&lng=7.685301303863526&raggioMetri=2384 -> 200 (6 ms)
2026-09-27T00:30:01.491+02:00 DEBUG 26752 --- [crime-app-backend] [http-nio-8080-exec-2] org.hibernate.SQL                        : SELECT * FROM segnalazione s
WHERE s.stato = 'ATTIVA'
  AND ST_DWithin(s.posizione, ST_SetSRID(ST_MakePoint(?, ?), 4326)::geography, ?)

2026-09-27T00:30:01.496+02:00  INFO 26752 --- [crime-app-backend] [http-nio-8080-exec-2] c.d.c.config.RequestLoggingFilter        : GET /api/segnalazioni/vicine?lat=45.082399799562914&lng=7.685301303863526&raggioMetri=2053 -> 200 (11 ms)
2026-09-27T00:30:04.550+02:00 DEBUG 26752 --- [crime-app-backend] [http-nio-8080-exec-3] org.hibernate.SQL                        : SELECT * FROM segnalazione s
WHERE s.stato = 'ATTIVA'
  AND ST_DWithin(s.posizione, ST_SetSRID(ST_MakePoint(?, ?), 4326)::geography, ?)

2026-09-27T00:30:04.555+02:00  INFO 26752 --- [crime-app-backend] [http-nio-8080-exec-3] c.d.c.config.RequestLoggingFilter        : GET /api/segnalazioni/vicine?lat=45.079111931677154&lng=7.695236206054688&raggioMetri=2054 -> 200 (9 ms)
2026-09-27T00:30:05.551+02:00 DEBUG 26752 --- [crime-app-backend] [http-nio-8080-exec-4] org.hibernate.SQL                        : SELECT * FROM segnalazione s
WHERE s.stato = 'ATTIVA'
  AND ST_DWithin(s.posizione, ST_SetSRID(ST_MakePoint(?, ?), 4326)::geography, ?)

2026-09-27T00:30:05.555+02:00  INFO 26752 --- [crime-app-backend] [http-nio-8080-exec-4] c.d.c.config.RequestLoggingFilter        : GET /api/segnalazioni/vicine?lat=45.07726336986954&lng=7.707338333129884&raggioMetri=2054 -> 200 (7 ms)
2026-09-27T00:30:07.566+02:00 DEBUG 26752 --- [crime-app-backend] [http-nio-8080-exec-5] org.hibernate.SQL                        : SELECT * FROM segnalazione s
WHERE s.stato = 'ATTIVA'
  AND ST_DWithin(s.posizione, ST_SetSRID(ST_MakePoint(?, ?), 4326)::geography, ?)

2026-09-27T00:30:07.569+02:00  INFO 26752 --- [crime-app-backend] [http-nio-8080-exec-5] c.d.c.config.RequestLoggingFilter        : GET /api/segnalazioni/vicine?lat=45.058774462568685&lng=7.73240089416504&raggioMetri=2054 -> 200 (5 ms)
2026-09-27T00:30:19.563+02:00 DEBUG 26752 --- [crime-app-backend] [http-nio-8080-exec-6] org.hibernate.SQL                        : SELECT * FROM segnalazione s
WHERE s.stato = 'ATTIVA'
  AND ST_DWithin(s.posizione, ST_SetSRID(ST_MakePoint(?, ?), 4326)::geography, ?)

2026-09-27T00:30:19.567+02:00  INFO 26752 --- [crime-app-backend] [http-nio-8080-exec-6] c.d.c.config.RequestLoggingFilter        : GET /api/segnalazioni/vicine?lat=45.06983820965862&lng=7.748022075407423&raggioMetri=2054 -> 200 (6 ms)
2026-09-27T00:30:28.206+02:00 DEBUG 26752 --- [crime-app-backend] [http-nio-8080-exec-7] org.hibernate.SQL                        : SELECT * FROM segnalazione s
WHERE s.stato = 'ATTIVA'
  AND ST_DWithin(s.posizione, ST_SetSRID(ST_MakePoint(?, ?), 4326)::geography, ?)

2026-09-27T00:30:28.210+02:00  INFO 26752 --- [crime-app-backend] [http-nio-8080-exec-7] c.d.c.config.RequestLoggingFilter        : GET /api/segnalazioni/vicine?lat=45.06983820965862&lng=7.748011346571364&raggioMetri=1797 -> 200 (7 ms)
2026-09-27T00:30:36.579+02:00 DEBUG 26752 --- [crime-app-backend] [http-nio-8080-exec-8] org.hibernate.SQL                        : SELECT * FROM segnalazione s
WHERE s.stato = 'ATTIVA'
  AND ST_DWithin(s.posizione, ST_SetSRID(ST_MakePoint(?, ?), 4326)::geography, ?)

2026-09-27T00:30:36.583+02:00  INFO 26752 --- [crime-app-backend] [http-nio-8080-exec-8] c.d.c.config.RequestLoggingFilter        : GET /api/segnalazioni/vicine?lat=45.05866836141897&lng=7.722541093826295&raggioMetri=1798 -> 200 (7 ms)
2026-09-27T00:30:37.827+02:00 DEBUG 26752 --- [crime-app-backend] [http-nio-8080-exec-9] org.hibernate.SQL                        : SELECT * FROM segnalazione s
WHERE s.stato = 'ATTIVA'
  AND ST_DWithin(s.posizione, ST_SetSRID(ST_MakePoint(?, ?), 4326)::geography, ?)

2026-09-27T00:30:37.831+02:00  INFO 26752 --- [crime-app-backend] [http-nio-8080-exec-9] c.d.c.config.RequestLoggingFilter        : GET /api/segnalazioni/vicine?lat=45.082399799562914&lng=7.685290575027467&raggioMetri=1797 -> 200 (6 ms)
2026-09-27T00:30:49.248+02:00 DEBUG 26752 --- [crime-app-backend] [http-nio-8080-exec-10] org.hibernate.SQL                        : SELECT * FROM segnalazione s
WHERE s.stato = 'ATTIVA'
  AND ST_DWithin(s.posizione, ST_SetSRID(ST_MakePoint(?, ?), 4326)::geography, ?)

2026-09-27T00:30:49.251+02:00  INFO 26752 --- [crime-app-backend] [http-nio-8080-exec-10] c.d.c.config.RequestLoggingFilter        : GET /api/segnalazioni/vicine?lat=45.082399799562914&lng=7.685290575027467&raggioMetri=1797 -> 200 (5 ms)
2026-09-27T00:30:51.192+02:00 DEBUG 26752 --- [crime-app-backend] [http-nio-8080-exec-1] org.hibernate.SQL                        : SELECT * FROM segnalazione s
WHERE s.stato = 'ATTIVA'
  AND ST_DWithin(s.posizione, ST_SetSRID(ST_MakePoint(?, ?), 4326)::geography, ?)

2026-09-27T00:30:51.194+02:00  INFO 26752 --- [crime-app-backend] [http-nio-8080-exec-1] c.d.c.config.RequestLoggingFilter        : GET /api/segnalazioni/vicine?lat=45.082399799562914&lng=7.685290575027467&raggioMetri=1797 -> 200 (5 ms)
2026-09-27T00:30:52.108+02:00 DEBUG 26752 --- [crime-app-backend] [http-nio-8080-exec-2] org.hibernate.SQL                        : SELECT * FROM segnalazione s
WHERE s.stato = 'ATTIVA'
  AND ST_DWithin(s.posizione, ST_SetSRID(ST_MakePoint(?, ?), 4326)::geography, ?)

2026-09-27T00:30:52.113+02:00  INFO 26752 --- [crime-app-backend] [http-nio-8080-exec-2] c.d.c.config.RequestLoggingFilter        : GET /api/segnalazioni/vicine?lat=45.082399799562914&lng=7.685290575027467&raggioMetri=1797 -> 200 (9 ms)
2026-09-27T00:32:51.061+02:00 DEBUG 26752 --- [crime-app-backend] [http-nio-8080-exec-4] org.hibernate.SQL                        : SELECT * FROM segnalazione s
WHERE s.stato = 'ATTIVA'
  AND ST_DWithin(s.posizione, ST_SetSRID(ST_MakePoint(?, ?), 4326)::geography, ?)

2026-09-27T00:32:51.065+02:00  INFO 26752 --- [crime-app-backend] [http-nio-8080-exec-4] c.d.c.config.RequestLoggingFilter        : GET /api/segnalazioni/vicine?lat=45.07918769113124&lng=7.682114839553834&raggioMetri=1797 -> 200 (8 ms)
2026-09-27T00:32:51.511+02:00 DEBUG 26752 --- [crime-app-backend] [http-nio-8080-exec-5] org.hibernate.SQL                        : SELECT * FROM segnalazione s
WHERE s.stato = 'ATTIVA'
  AND ST_DWithin(s.posizione, ST_SetSRID(ST_MakePoint(?, ?), 4326)::geography, ?)

2026-09-27T00:32:51.514+02:00  INFO 26752 --- [crime-app-backend] [http-nio-8080-exec-5] c.d.c.config.RequestLoggingFilter        : GET /api/segnalazioni/vicine?lat=45.081945266886095&lng=7.6841211318969735&raggioMetri=7184 -> 200 (4 ms)
2026-09-27T00:32:53.010+02:00 DEBUG 26752 --- [crime-app-backend] [http-nio-8080-exec-6] org.hibernate.SQL                        : SELECT * FROM segnalazione s
WHERE s.stato = 'ATTIVA'
  AND ST_DWithin(s.posizione, ST_SetSRID(ST_MakePoint(?, ?), 4326)::geography, ?)

2026-09-27T00:32:53.012+02:00  INFO 26752 --- [crime-app-backend] [http-nio-8080-exec-6] c.d.c.config.RequestLoggingFilter        : GET /api/segnalazioni/vicine?lat=45.07894526052455&lng=7.683316469192506&raggioMetri=1797 -> 200 (5 ms)
2026-09-27T00:32:53.555+02:00 DEBUG 26752 --- [crime-app-backend] [http-nio-8080-exec-7] org.hibernate.SQL                        : SELECT * FROM segnalazione s
WHERE s.stato = 'ATTIVA'
  AND ST_DWithin(s.posizione, ST_SetSRID(ST_MakePoint(?, ?), 4326)::geography, ?)

2026-09-27T00:32:53.558+02:00  INFO 26752 --- [crime-app-backend] [http-nio-8080-exec-7] c.d.c.config.RequestLoggingFilter        : GET /api/segnalazioni/vicine?lat=45.08188466225595&lng=7.684496641159058&raggioMetri=1797 -> 200 (7 ms)
2026-09-27T00:32:54.037+02:00 DEBUG 26752 --- [crime-app-backend] [http-nio-8080-exec-8] org.hibernate.SQL                        : SELECT * FROM segnalazione s
WHERE s.stato = 'ATTIVA'
  AND ST_DWithin(s.posizione, ST_SetSRID(ST_MakePoint(?, ?), 4326)::geography, ?)

2026-09-27T00:32:54.043+02:00  INFO 26752 --- [crime-app-backend] [http-nio-8080-exec-8] c.d.c.config.RequestLoggingFilter        : GET /api/segnalazioni/vicine?lat=45.0829300831154&lng=7.685438096523286&raggioMetri=450 -> 200 (8 ms)
2026-09-27T00:32:54.767+02:00 DEBUG 26752 --- [crime-app-backend] [http-nio-8080-exec-9] org.hibernate.SQL                        : SELECT * FROM segnalazione s
WHERE s.stato = 'ATTIVA'
  AND ST_DWithin(s.posizione, ST_SetSRID(ST_MakePoint(?, ?), 4326)::geography, ?)

2026-09-27T00:32:54.770+02:00  INFO 26752 --- [crime-app-backend] [http-nio-8080-exec-9] c.d.c.config.RequestLoggingFilter        : GET /api/segnalazioni/vicine?lat=45.08280887588021&lng=7.685234248638154&raggioMetri=450 -> 200 (7 ms)
2026-09-27T00:33:20.013+02:00 DEBUG 26752 --- [crime-app-backend] [http-nio-8080-exec-10] org.hibernate.SQL                        : SELECT * FROM segnalazione s
WHERE s.stato = 'ATTIVA'
  AND ST_DWithin(s.posizione, ST_SetSRID(ST_MakePoint(?, ?), 4326)::geography, ?)

2026-09-27T00:33:20.016+02:00  INFO 26752 --- [crime-app-backend] [http-nio-8080-exec-10] c.d.c.config.RequestLoggingFilter        : GET /api/segnalazioni/vicine?lat=45.08209677818017&lng=7.682565450668336&raggioMetri=1797 -> 200 (6 ms)
2026-09-27T00:33:21.945+02:00 DEBUG 26752 --- [crime-app-backend] [http-nio-8080-exec-2] org.hibernate.SQL                        : select u1_0.id,u1_0.attivo,u1_0.cognome,u1_0.data_aggiornamento,u1_0.data_registrazione,u1_0.email,u1_0.identita_verificata,u1_0.nome,u1_0.password_hash,u1_0.punteggio_fiducia from utente u1_0
2026-09-27T00:33:21.945+02:00 DEBUG 26752 --- [crime-app-backend] [http-nio-8080-exec-1] org.hibernate.SQL                        : select c1_0.id,c1_0.attiva,c1_0.descrizione,c1_0.durata_validita_ore,c1_0.icona,c1_0.nome from categoria c1_0
2026-09-27T00:33:21.946+02:00 DEBUG 26752 --- [crime-app-backend] [http-nio-8080-exec-3] org.hibernate.SQL                        : select s1_0.id,s1_0.anonima,s1_0.autore_id,s1_0.categoria_id,s1_0.data_creazione,s1_0.data_rimozione,s1_0.data_scadenza,s1_0.descrizione,s1_0.posizione,s1_0.stato from segnalazione s1_0
2026-09-27T00:33:21.950+02:00  INFO 26752 --- [crime-app-backend] [http-nio-8080-exec-1] c.d.c.config.RequestLoggingFilter        : GET /api/categorie -> 200 (8 ms)
2026-09-27T00:33:21.956+02:00 DEBUG 26752 --- [crime-app-backend] [http-nio-8080-exec-2] org.hibernate.SQL                        : select pn1_0.id,pn1_0.notifiche_attive,pn1_0.notifiche_solo_categorie_preferite,pn1_0.raggio_notifica_metri,pn1_0.utente_id from preferenze_notifica pn1_0 where pn1_0.utente_id=?
2026-09-27T00:33:21.960+02:00 DEBUG 26752 --- [crime-app-backend] [http-nio-8080-exec-2] org.hibernate.SQL                        : select pn1_0.id,pn1_0.notifiche_attive,pn1_0.notifiche_solo_categorie_preferite,pn1_0.raggio_notifica_metri,pn1_0.utente_id from preferenze_notifica pn1_0 where pn1_0.utente_id=?
2026-09-27T00:33:21.962+02:00 DEBUG 26752 --- [crime-app-backend] [http-nio-8080-exec-2] org.hibernate.SQL                        : select pn1_0.id,pn1_0.notifiche_attive,pn1_0.notifiche_solo_categorie_preferite,pn1_0.raggio_notifica_metri,pn1_0.utente_id from preferenze_notifica pn1_0 where pn1_0.utente_id=?
2026-09-27T00:33:21.964+02:00 DEBUG 26752 --- [crime-app-backend] [http-nio-8080-exec-2] org.hibernate.SQL                        : select pn1_0.id,pn1_0.notifiche_attive,pn1_0.notifiche_solo_categorie_preferite,pn1_0.raggio_notifica_metri,pn1_0.utente_id from preferenze_notifica pn1_0 where pn1_0.utente_id=?
2026-09-27T00:33:21.965+02:00 DEBUG 26752 --- [crime-app-backend] [http-nio-8080-exec-2] org.hibernate.SQL                        : select pn1_0.id,pn1_0.notifiche_attive,pn1_0.notifiche_solo_categorie_preferite,pn1_0.raggio_notifica_metri,pn1_0.utente_id from preferenze_notifica pn1_0 where pn1_0.utente_id=?
2026-09-27T00:33:21.966+02:00 DEBUG 26752 --- [crime-app-backend] [http-nio-8080-exec-2] org.hibernate.SQL                        : select pn1_0.id,pn1_0.notifiche_attive,pn1_0.notifiche_solo_categorie_preferite,pn1_0.raggio_notifica_metri,pn1_0.utente_id from preferenze_notifica pn1_0 where pn1_0.utente_id=?
2026-09-27T00:33:21.968+02:00 DEBUG 26752 --- [crime-app-backend] [http-nio-8080-exec-2] org.hibernate.SQL                        : select pn1_0.id,pn1_0.notifiche_attive,pn1_0.notifiche_solo_categorie_preferite,pn1_0.raggio_notifica_metri,pn1_0.utente_id from preferenze_notifica pn1_0 where pn1_0.utente_id=?
2026-09-27T00:33:21.969+02:00 DEBUG 26752 --- [crime-app-backend] [http-nio-8080-exec-2] org.hibernate.SQL                        : select pn1_0.id,pn1_0.notifiche_attive,pn1_0.notifiche_solo_categorie_preferite,pn1_0.raggio_notifica_metri,pn1_0.utente_id from preferenze_notifica pn1_0 where pn1_0.utente_id=?
2026-09-27T00:33:21.970+02:00 DEBUG 26752 --- [crime-app-backend] [http-nio-8080-exec-3] org.hibernate.SQL                        : select c1_0.id,c1_0.attiva,c1_0.descrizione,c1_0.durata_validita_ore,c1_0.icona,c1_0.nome from categoria c1_0 where c1_0.id=?
2026-09-27T00:33:21.972+02:00 DEBUG 26752 --- [crime-app-backend] [http-nio-8080-exec-3] org.hibernate.SQL                        : select c1_0.id,c1_0.attiva,c1_0.descrizione,c1_0.durata_validita_ore,c1_0.icona,c1_0.nome from categoria c1_0 where c1_0.id=?
2026-09-27T00:33:21.975+02:00  INFO 26752 --- [crime-app-backend] [http-nio-8080-exec-2] c.d.c.config.RequestLoggingFilter        : GET /api/utenti -> 200 (33 ms)
2026-09-27T00:33:21.976+02:00  INFO 26752 --- [crime-app-backend] [http-nio-8080-exec-3] c.d.c.config.RequestLoggingFilter        : GET /api/segnalazioni -> 200 (33 ms)
2026-09-27T00:33:31.818+02:00 DEBUG 26752 --- [crime-app-backend] [scheduling-1] org.hibernate.SQL                        : select s1_0.id,s1_0.anonima,s1_0.autore_id,s1_0.categoria_id,s1_0.data_creazione,s1_0.data_rimozione,s1_0.data_scadenza,s1_0.descrizione,s1_0.posizione,s1_0.stato from segnalazione s1_0 where s1_0.stato=? and s1_0.data_scadenza<?
2026-09-27T00:34:08.646+02:00 DEBUG 26752 --- [crime-app-backend] [http-nio-8080-exec-5] org.hibernate.SQL                        : select u1_0.id,u1_0.attivo,u1_0.cognome,u1_0.data_aggiornamento,u1_0.data_registrazione,u1_0.email,u1_0.identita_verificata,u1_0.nome,u1_0.password_hash,pn1_0.id,pn1_0.notifiche_attive,pn1_0.notifiche_solo_categorie_preferite,pn1_0.raggio_notifica_metri,pn1_0.utente_id,u1_0.punteggio_fiducia from utente u1_0 left join preferenze_notifica pn1_0 on u1_0.id=pn1_0.utente_id where u1_0.id=?
2026-09-27T00:34:08.649+02:00 DEBUG 26752 --- [crime-app-backend] [http-nio-8080-exec-5] org.hibernate.SQL                        : select c1_0.id,c1_0.attiva,c1_0.descrizione,c1_0.durata_validita_ore,c1_0.icona,c1_0.nome from categoria c1_0 where c1_0.id=?
2026-09-27T00:34:08.653+02:00 DEBUG 26752 --- [crime-app-backend] [http-nio-8080-exec-5] org.hibernate.SQL                        : insert into segnalazione (anonima,autore_id,categoria_id,data_creazione,data_rimozione,data_scadenza,descrizione,posizione,stato) values (?,?,?,?,?,?,?,?,?)
2026-09-27T00:34:08.662+02:00  INFO 26752 --- [crime-app-backend] [http-nio-8080-exec-5] c.d.c.config.RequestLoggingFilter        : POST /api/segnalazioni -> 201 (52 ms)
2026-09-27T00:34:08.670+02:00 DEBUG 26752 --- [crime-app-backend] [http-nio-8080-exec-6] org.hibernate.SQL                        : select s1_0.id,s1_0.anonima,s1_0.autore_id,s1_0.categoria_id,s1_0.data_creazione,s1_0.data_rimozione,s1_0.data_scadenza,s1_0.descrizione,s1_0.posizione,s1_0.stato from segnalazione s1_0
2026-09-27T00:34:08.673+02:00 DEBUG 26752 --- [crime-app-backend] [http-nio-8080-exec-6] org.hibernate.SQL                        : select c1_0.id,c1_0.attiva,c1_0.descrizione,c1_0.durata_validita_ore,c1_0.icona,c1_0.nome from categoria c1_0 where c1_0.id=?
2026-09-27T00:34:08.674+02:00 DEBUG 26752 --- [crime-app-backend] [http-nio-8080-exec-6] org.hibernate.SQL                        : select c1_0.id,c1_0.attiva,c1_0.descrizione,c1_0.durata_validita_ore,c1_0.icona,c1_0.nome from categoria c1_0 where c1_0.id=?
2026-09-27T00:34:08.675+02:00 DEBUG 26752 --- [crime-app-backend] [http-nio-8080-exec-6] org.hibernate.SQL                        : select c1_0.id,c1_0.attiva,c1_0.descrizione,c1_0.durata_validita_ore,c1_0.icona,c1_0.nome from categoria c1_0 where c1_0.id=?
2026-09-27T00:34:08.678+02:00  INFO 26752 --- [crime-app-backend] [http-nio-8080-exec-6] c.d.c.config.RequestLoggingFilter        : GET /api/segnalazioni -> 200 (10 ms)
2026-09-27T00:34:16.011+02:00 DEBUG 26752 --- [crime-app-backend] [http-nio-8080-exec-7] org.hibernate.SQL                        : select c1_0.id,c1_0.attiva,c1_0.descrizione,c1_0.durata_validita_ore,c1_0.icona,c1_0.nome from categoria c1_0
2026-09-27T00:34:16.019+02:00  INFO 26752 --- [crime-app-backend] [http-nio-8080-exec-7] c.d.c.config.RequestLoggingFilter        : GET /api/categorie -> 200 (12 ms)
2026-09-27T00:34:16.456+02:00 DEBUG 26752 --- [crime-app-backend] [http-nio-8080-exec-8] org.hibernate.SQL                        : SELECT * FROM segnalazione s
WHERE s.stato = 'ATTIVA'
  AND ST_DWithin(s.posizione, ST_SetSRID(ST_MakePoint(?, ?), 4326)::geography, ?)

2026-09-27T00:34:16.494+02:00 DEBUG 26752 --- [crime-app-backend] [http-nio-8080-exec-8] org.hibernate.SQL                        : select c1_0.id,c1_0.attiva,c1_0.descrizione,c1_0.durata_validita_ore,c1_0.icona,c1_0.nome from categoria c1_0 where c1_0.id=?
2026-09-27T00:34:16.497+02:00  INFO 26752 --- [crime-app-backend] [http-nio-8080-exec-8] c.d.c.config.RequestLoggingFilter        : GET /api/segnalazioni/vicine?lat=45.0824&lng=7.6853&raggioMetri=1796 -> 200 (47 ms)
2026-09-27T00:34:21.087+02:00 DEBUG 26752 --- [crime-app-backend] [http-nio-8080-exec-9] org.hibernate.SQL                        : SELECT * FROM segnalazione s
WHERE s.stato = 'ATTIVA'
  AND ST_DWithin(s.posizione, ST_SetSRID(ST_MakePoint(?, ?), 4326)::geography, ?)

2026-09-27T00:34:21.090+02:00 DEBUG 26752 --- [crime-app-backend] [http-nio-8080-exec-9] org.hibernate.SQL                        : select c1_0.id,c1_0.attiva,c1_0.descrizione,c1_0.durata_validita_ore,c1_0.icona,c1_0.nome from categoria c1_0 where c1_0.id=?
2026-09-27T00:34:21.093+02:00  INFO 26752 --- [crime-app-backend] [http-nio-8080-exec-9] c.d.c.config.RequestLoggingFilter        : GET /api/segnalazioni/vicine?lat=45.080581647158354&lng=7.666075229644776&raggioMetri=7184 -> 200 (11 ms)
2026-09-27T00:34:22.208+02:00 DEBUG 26752 --- [crime-app-backend] [http-nio-8080-exec-2] org.hibernate.SQL                        : SELECT * FROM segnalazione s
WHERE s.stato = 'ATTIVA'
  AND ST_DWithin(s.posizione, ST_SetSRID(ST_MakePoint(?, ?), 4326)::geography, ?)

2026-09-27T00:34:22.238+02:00 DEBUG 26752 --- [crime-app-backend] [http-nio-8080-exec-2] org.hibernate.SQL                        : select c1_0.id,c1_0.attiva,c1_0.descrizione,c1_0.durata_validita_ore,c1_0.icona,c1_0.nome from categoria c1_0 where c1_0.id=?
2026-09-27T00:34:22.242+02:00  INFO 26752 --- [crime-app-backend] [http-nio-8080-exec-2] c.d.c.config.RequestLoggingFilter        : GET /api/segnalazioni/vicine?lat=45.060972227819875&lng=7.635540962219239&raggioMetri=7187 -> 200 (37 ms)
2026-09-27T00:34:23.493+02:00 DEBUG 26752 --- [crime-app-backend] [http-nio-8080-exec-3] org.hibernate.SQL                        : SELECT * FROM segnalazione s
WHERE s.stato = 'ATTIVA'
  AND ST_DWithin(s.posizione, ST_SetSRID(ST_MakePoint(?, ?), 4326)::geography, ?)

2026-09-27T00:34:23.512+02:00  INFO 26752 --- [crime-app-backend] [http-nio-8080-exec-3] c.d.c.config.RequestLoggingFilter        : GET /api/segnalazioni/vicine?lat=45.0873388214942&lng=7.4056434631347665&raggioMetri=20000 -> 200 (24 ms)
2026-09-27T00:34:25.030+02:00 DEBUG 26752 --- [crime-app-backend] [http-nio-8080-exec-4] org.hibernate.SQL                        : SELECT * FROM segnalazione s
WHERE s.stato = 'ATTIVA'
  AND ST_DWithin(s.posizione, ST_SetSRID(ST_MakePoint(?, ?), 4326)::geography, ?)

2026-09-27T00:34:25.032+02:00 DEBUG 26752 --- [crime-app-backend] [http-nio-8080-exec-4] org.hibernate.SQL                        : select c1_0.id,c1_0.attiva,c1_0.descrizione,c1_0.durata_validita_ore,c1_0.icona,c1_0.nome from categoria c1_0 where c1_0.id=?
2026-09-27T00:34:25.034+02:00  INFO 26752 --- [crime-app-backend] [http-nio-8080-exec-4] c.d.c.config.RequestLoggingFilter        : GET /api/segnalazioni/vicine?lat=45.09679146394738&lng=7.6665687561035165&raggioMetri=20000 -> 200 (7 ms)
2026-09-27T00:34:31.930+02:00 DEBUG 26752 --- [crime-app-backend] [http-nio-8080-exec-5] org.hibernate.SQL                        : SELECT * FROM segnalazione s
WHERE s.stato = 'ATTIVA'
  AND ST_DWithin(s.posizione, ST_SetSRID(ST_MakePoint(?, ?), 4326)::geography, ?)

2026-09-27T00:34:31.935+02:00  INFO 26752 --- [crime-app-backend] [http-nio-8080-exec-5] c.d.c.config.RequestLoggingFilter        : GET /api/segnalazioni/vicine?lat=45.21687321093267&lng=7.233810424804688&raggioMetri=20000 -> 200 (7 ms)
2026-09-27T00:34:37.531+02:00 DEBUG 26752 --- [crime-app-backend] [http-nio-8080-exec-6] org.hibernate.SQL                        : SELECT * FROM segnalazione s
WHERE s.stato = 'ATTIVA'
  AND ST_DWithin(s.posizione, ST_SetSRID(ST_MakePoint(?, ?), 4326)::geography, ?)

2026-09-27T00:34:37.534+02:00 DEBUG 26752 --- [crime-app-backend] [http-nio-8080-exec-6] org.hibernate.SQL                        : select c1_0.id,c1_0.attiva,c1_0.descrizione,c1_0.durata_validita_ore,c1_0.icona,c1_0.nome from categoria c1_0 where c1_0.id=?
2026-09-27T00:34:37.538+02:00  INFO 26752 --- [crime-app-backend] [http-nio-8080-exec-6] c.d.c.config.RequestLoggingFilter        : GET /api/segnalazioni/vicine?lat=45.09242890029916&lng=7.49095916748047&raggioMetri=20000 -> 200 (11 ms)
2026-09-27T00:34:43.964+02:00 DEBUG 26752 --- [crime-app-backend] [http-nio-8080-exec-7] org.hibernate.SQL                        : SELECT * FROM segnalazione s
WHERE s.stato = 'ATTIVA'
  AND ST_DWithin(s.posizione, ST_SetSRID(ST_MakePoint(?, ?), 4326)::geography, ?)

2026-09-27T00:34:43.967+02:00 DEBUG 26752 --- [crime-app-backend] [http-nio-8080-exec-7] org.hibernate.SQL                        : select c1_0.id,c1_0.attiva,c1_0.descrizione,c1_0.durata_validita_ore,c1_0.icona,c1_0.nome from categoria c1_0 where c1_0.id=?
2026-09-27T00:34:43.970+02:00  INFO 26752 --- [crime-app-backend] [http-nio-8080-exec-7] c.d.c.config.RequestLoggingFilter        : GET /api/segnalazioni/vicine?lat=45.082399799562914&lng=7.685290575027467&raggioMetri=1797 -> 200 (9 ms)
2026-09-27T00:34:47.799+02:00 DEBUG 26752 --- [crime-app-backend] [http-nio-8080-exec-8] org.hibernate.SQL                        : SELECT * FROM segnalazione s
WHERE s.stato = 'ATTIVA'
  AND ST_DWithin(s.posizione, ST_SetSRID(ST_MakePoint(?, ?), 4326)::geography, ?)

2026-09-27T00:34:47.802+02:00 DEBUG 26752 --- [crime-app-backend] [http-nio-8080-exec-8] org.hibernate.SQL                        : select c1_0.id,c1_0.attiva,c1_0.descrizione,c1_0.durata_validita_ore,c1_0.icona,c1_0.nome from categoria c1_0 where c1_0.id=?
2026-09-27T00:34:47.806+02:00  INFO 26752 --- [crime-app-backend] [http-nio-8080-exec-8] c.d.c.config.RequestLoggingFilter        : GET /api/segnalazioni/vicine?lat=45.082399799562914&lng=7.685290575027467&raggioMetri=1797 -> 200 (10 ms)
2026-09-27T00:34:48.509+02:00 DEBUG 26752 --- [crime-app-backend] [http-nio-8080-exec-9] org.hibernate.SQL                        : SELECT * FROM segnalazione s
WHERE s.stato = 'ATTIVA'
  AND ST_DWithin(s.posizione, ST_SetSRID(ST_MakePoint(?, ?), 4326)::geography, ?)

2026-09-27T00:34:48.511+02:00 DEBUG 26752 --- [crime-app-backend] [http-nio-8080-exec-9] org.hibernate.SQL                        : select c1_0.id,c1_0.attiva,c1_0.descrizione,c1_0.durata_validita_ore,c1_0.icona,c1_0.nome from categoria c1_0 where c1_0.id=?
2026-09-27T00:34:48.515+02:00  INFO 26752 --- [crime-app-backend] [http-nio-8080-exec-9] c.d.c.config.RequestLoggingFilter        : GET /api/segnalazioni/vicine?lat=45.0801384637393&lng=7.686779201030732&raggioMetri=450 -> 200 (9 ms)
2026-09-27T00:34:49.312+02:00 DEBUG 26752 --- [crime-app-backend] [http-nio-8080-exec-10] org.hibernate.SQL                        : SELECT * FROM segnalazione s
WHERE s.stato = 'ATTIVA'
  AND ST_DWithin(s.posizione, ST_SetSRID(ST_MakePoint(?, ?), 4326)::geography, ?)

2026-09-27T00:34:49.314+02:00 DEBUG 26752 --- [crime-app-backend] [http-nio-8080-exec-10] org.hibernate.SQL                        : select c1_0.id,c1_0.attiva,c1_0.descrizione,c1_0.durata_validita_ore,c1_0.icona,c1_0.nome from categoria c1_0 where c1_0.id=?
2026-09-27T00:34:49.317+02:00  INFO 26752 --- [crime-app-backend] [http-nio-8080-exec-10] c.d.c.config.RequestLoggingFilter        : GET /api/segnalazioni/vicine?lat=45.08205890039431&lng=7.685958445072175&raggioMetri=450 -> 200 (8 ms)
2026-09-27T00:34:49.884+02:00 DEBUG 26752 --- [crime-app-backend] [http-nio-8080-exec-1] org.hibernate.SQL                        : SELECT * FROM segnalazione s
WHERE s.stato = 'ATTIVA'
  AND ST_DWithin(s.posizione, ST_SetSRID(ST_MakePoint(?, ?), 4326)::geography, ?)

2026-09-27T00:34:49.887+02:00 DEBUG 26752 --- [crime-app-backend] [http-nio-8080-exec-1] org.hibernate.SQL                        : select c1_0.id,c1_0.attiva,c1_0.descrizione,c1_0.durata_validita_ore,c1_0.icona,c1_0.nome from categoria c1_0 where c1_0.id=?
2026-09-27T00:34:49.890+02:00  INFO 26752 --- [crime-app-backend] [http-nio-8080-exec-1] c.d.c.config.RequestLoggingFilter        : GET /api/segnalazioni/vicine?lat=45.08228806061507&lng=7.685648649930955&raggioMetri=225 -> 200 (9 ms)
2026-09-27T00:34:50.228+02:00 DEBUG 26752 --- [crime-app-backend] [http-nio-8080-exec-2] org.hibernate.SQL                        : SELECT * FROM segnalazione s
WHERE s.stato = 'ATTIVA'
  AND ST_DWithin(s.posizione, ST_SetSRID(ST_MakePoint(?, ?), 4326)::geography, ?)

2026-09-27T00:34:50.231+02:00 DEBUG 26752 --- [crime-app-backend] [http-nio-8080-exec-2] org.hibernate.SQL                        : select c1_0.id,c1_0.attiva,c1_0.descrizione,c1_0.durata_validita_ore,c1_0.icona,c1_0.nome from categoria c1_0 where c1_0.id=?
2026-09-27T00:34:50.235+02:00  INFO 26752 --- [crime-app-backend] [http-nio-8080-exec-2] c.d.c.config.RequestLoggingFilter        : GET /api/segnalazioni/vicine?lat=45.08285622248707&lng=7.685206085443498&raggioMetri=225 -> 200 (10 ms)
2026-09-27T00:34:51.216+02:00 DEBUG 26752 --- [crime-app-backend] [http-nio-8080-exec-3] org.hibernate.SQL                        : SELECT * FROM segnalazione s
WHERE s.stato = 'ATTIVA'
  AND ST_DWithin(s.posizione, ST_SetSRID(ST_MakePoint(?, ?), 4326)::geography, ?)

2026-09-27T00:34:51.219+02:00 DEBUG 26752 --- [crime-app-backend] [http-nio-8080-exec-3] org.hibernate.SQL                        : select c1_0.id,c1_0.attiva,c1_0.descrizione,c1_0.durata_validita_ore,c1_0.icona,c1_0.nome from categoria c1_0 where c1_0.id=?
2026-09-27T00:34:51.221+02:00  INFO 26752 --- [crime-app-backend] [http-nio-8080-exec-3] c.d.c.config.RequestLoggingFilter        : GET /api/segnalazioni/vicine?lat=45.0831062119207&lng=7.68502101302147&raggioMetri=225 -> 200 (8 ms)
2026-09-27T00:34:54.207+02:00 DEBUG 26752 --- [crime-app-backend] [http-nio-8080-exec-4] org.hibernate.SQL                        : SELECT * FROM segnalazione s
WHERE s.stato = 'ATTIVA'
  AND ST_DWithin(s.posizione, ST_SetSRID(ST_MakePoint(?, ?), 4326)::geography, ?)

2026-09-27T00:34:54.210+02:00 DEBUG 26752 --- [crime-app-backend] [http-nio-8080-exec-4] org.hibernate.SQL                        : select c1_0.id,c1_0.attiva,c1_0.descrizione,c1_0.durata_validita_ore,c1_0.icona,c1_0.nome from categoria c1_0 where c1_0.id=?
2026-09-27T00:34:54.213+02:00  INFO 26752 --- [crime-app-backend] [http-nio-8080-exec-4] c.d.c.config.RequestLoggingFilter        : GET /api/segnalazioni/vicine?lat=45.08299068663655&lng=7.684991508722306&raggioMetri=225 -> 200 (9 ms)
2026-09-27T00:35:15.213+02:00 DEBUG 26752 --- [crime-app-backend] [http-nio-8080-exec-5] org.hibernate.SQL                        : SELECT * FROM segnalazione s
WHERE s.stato = 'ATTIVA'
  AND ST_DWithin(s.posizione, ST_SetSRID(ST_MakePoint(?, ?), 4326)::geography, ?)

2026-09-27T00:35:15.215+02:00 DEBUG 26752 --- [crime-app-backend] [http-nio-8080-exec-5] org.hibernate.SQL                        : select c1_0.id,c1_0.attiva,c1_0.descrizione,c1_0.durata_validita_ore,c1_0.icona,c1_0.nome from categoria c1_0 where c1_0.id=?
2026-09-27T00:35:15.218+02:00  INFO 26752 --- [crime-app-backend] [http-nio-8080-exec-5] c.d.c.config.RequestLoggingFilter        : GET /api/segnalazioni/vicine?lat=45.083134619741685&lng=7.684945911169053&raggioMetri=225 -> 200 (8 ms)
2026-09-27T00:35:22.872+02:00 DEBUG 26752 --- [crime-app-backend] [http-nio-8080-exec-6] org.hibernate.SQL                        : SELECT * FROM segnalazione s
WHERE s.stato = 'ATTIVA'
  AND ST_DWithin(s.posizione, ST_SetSRID(ST_MakePoint(?, ?), 4326)::geography, ?)

2026-09-27T00:35:22.876+02:00 DEBUG 26752 --- [crime-app-backend] [http-nio-8080-exec-6] org.hibernate.SQL                        : select c1_0.id,c1_0.attiva,c1_0.descrizione,c1_0.durata_validita_ore,c1_0.icona,c1_0.nome from categoria c1_0 where c1_0.id=?
2026-09-27T00:35:22.883+02:00  INFO 26752 --- [crime-app-backend] [http-nio-8080-exec-6] c.d.c.config.RequestLoggingFilter        : GET /api/segnalazioni/vicine?lat=45.08308159179776&lng=7.683150172233582&raggioMetri=899 -> 200 (15 ms)
2026-09-27T00:35:24.998+02:00 DEBUG 26752 --- [crime-app-backend] [http-nio-8080-exec-7] org.hibernate.SQL                        : SELECT * FROM segnalazione s
WHERE s.stato = 'ATTIVA'
  AND ST_DWithin(s.posizione, ST_SetSRID(ST_MakePoint(?, ?), 4326)::geography, ?)

2026-09-27T00:35:25.001+02:00 DEBUG 26752 --- [crime-app-backend] [http-nio-8080-exec-7] org.hibernate.SQL                        : select c1_0.id,c1_0.attiva,c1_0.descrizione,c1_0.durata_validita_ore,c1_0.icona,c1_0.nome from categoria c1_0 where c1_0.id=?
2026-09-27T00:35:25.004+02:00  INFO 26752 --- [crime-app-backend] [http-nio-8080-exec-7] c.d.c.config.RequestLoggingFilter        : GET /api/segnalazioni/vicine?lat=45.082399799562914&lng=7.685290575027467&raggioMetri=1797 -> 200 (9 ms)
2026-09-27T00:36:16.052+02:00 DEBUG 26752 --- [crime-app-backend] [http-nio-8080-exec-8] org.hibernate.SQL                        : select c1_0.id,c1_0.attiva,c1_0.descrizione,c1_0.durata_validita_ore,c1_0.icona,c1_0.nome from categoria c1_0
2026-09-27T00:36:16.061+02:00  INFO 26752 --- [crime-app-backend] [http-nio-8080-exec-8] c.d.c.config.RequestLoggingFilter        : GET /api/categorie -> 200 (14 ms)
2026-09-27T00:36:19.290+02:00 DEBUG 26752 --- [crime-app-backend] [http-nio-8080-exec-9] org.hibernate.SQL                        : SELECT * FROM segnalazione s
WHERE s.stato = 'ATTIVA'
  AND ST_DWithin(s.posizione, ST_SetSRID(ST_MakePoint(?, ?), 4326)::geography, ?)

2026-09-27T00:36:19.295+02:00  INFO 26752 --- [crime-app-backend] [http-nio-8080-exec-9] c.d.c.config.RequestLoggingFilter        : GET /api/segnalazioni/vicine?lat=45.318116063033926&lng=8.858842849731447&raggioMetri=14304 -> 200 (8 ms)
2026-09-27T00:36:36.010+02:00 DEBUG 26752 --- [crime-app-backend] [http-nio-8080-exec-10] org.hibernate.SQL                        : SELECT * FROM segnalazione s
WHERE s.stato = 'ATTIVA'
  AND ST_DWithin(s.posizione, ST_SetSRID(ST_MakePoint(?, ?), 4326)::geography, ?)

2026-09-27T00:36:36.013+02:00 DEBUG 26752 --- [crime-app-backend] [http-nio-8080-exec-10] org.hibernate.SQL                        : select c1_0.id,c1_0.attiva,c1_0.descrizione,c1_0.durata_validita_ore,c1_0.icona,c1_0.nome from categoria c1_0 where c1_0.id=?
2026-09-27T00:36:36.017+02:00  INFO 26752 --- [crime-app-backend] [http-nio-8080-exec-10] c.d.c.config.RequestLoggingFilter        : GET /api/segnalazioni/vicine?lat=45.0824&lng=7.6853&raggioMetri=1796 -> 200 (10 ms)
2026-09-27T00:36:39.017+02:00 DEBUG 26752 --- [crime-app-backend] [http-nio-8080-exec-1] org.hibernate.SQL                        : select c1_0.id,c1_0.attiva,c1_0.descrizione,c1_0.durata_validita_ore,c1_0.icona,c1_0.nome from categoria c1_0
2026-09-27T00:36:39.026+02:00  INFO 26752 --- [crime-app-backend] [http-nio-8080-exec-1] c.d.c.config.RequestLoggingFilter        : GET /api/categorie -> 200 (14 ms)
2026-09-27T00:37:26.901+02:00 DEBUG 26752 --- [crime-app-backend] [http-nio-8080-exec-2] org.hibernate.SQL                        : select c1_0.id,c1_0.attiva,c1_0.descrizione,c1_0.durata_validita_ore,c1_0.icona,c1_0.nome from categoria c1_0
2026-09-27T00:37:26.909+02:00  INFO 26752 --- [crime-app-backend] [http-nio-8080-exec-2] c.d.c.config.RequestLoggingFilter        : GET /api/categorie -> 200 (13 ms)
2026-09-27T00:37:46.836+02:00 DEBUG 26752 --- [crime-app-backend] [http-nio-8080-exec-3] org.hibernate.SQL                        : select c1_0.id,c1_0.attiva,c1_0.descrizione,c1_0.durata_validita_ore,c1_0.icona,c1_0.nome from categoria c1_0
2026-09-27T00:37:46.840+02:00  INFO 26752 --- [crime-app-backend] [http-nio-8080-exec-3] c.d.c.config.RequestLoggingFilter        : GET /api/categorie -> 200 (7 ms)
2026-09-27T00:38:31.817+02:00 DEBUG 26752 --- [crime-app-backend] [scheduling-1] org.hibernate.SQL                        : select s1_0.id,s1_0.anonima,s1_0.autore_id,s1_0.categoria_id,s1_0.data_creazione,s1_0.data_rimozione,s1_0.data_scadenza,s1_0.descrizione,s1_0.posizione,s1_0.stato from segnalazione s1_0 where s1_0.stato=? and s1_0.data_scadenza<?
2026-09-27T00:39:52.528+02:00 DEBUG 26752 --- [crime-app-backend] [http-nio-8080-exec-5] org.hibernate.SQL                        : select c1_0.id,c1_0.attiva,c1_0.descrizione,c1_0.durata_validita_ore,c1_0.icona,c1_0.nome from categoria c1_0
2026-09-27T00:39:52.540+02:00  INFO 26752 --- [crime-app-backend] [http-nio-8080-exec-5] c.d.c.config.RequestLoggingFilter        : GET /api/categorie -> 200 (17 ms)
2026-09-27T00:39:53.104+02:00 DEBUG 26752 --- [crime-app-backend] [http-nio-8080-exec-6] org.hibernate.SQL                        : SELECT * FROM segnalazione s
WHERE s.stato = 'ATTIVA'
  AND ST_DWithin(s.posizione, ST_SetSRID(ST_MakePoint(?, ?), 4326)::geography, ?)

2026-09-27T00:39:53.108+02:00 DEBUG 26752 --- [crime-app-backend] [http-nio-8080-exec-6] org.hibernate.SQL                        : select c1_0.id,c1_0.attiva,c1_0.descrizione,c1_0.durata_validita_ore,c1_0.icona,c1_0.nome from categoria c1_0 where c1_0.id=?
2026-09-27T00:39:53.112+02:00  INFO 26752 --- [crime-app-backend] [http-nio-8080-exec-6] c.d.c.config.RequestLoggingFilter        : GET /api/segnalazioni/vicine?lat=45.0824&lng=7.6853&raggioMetri=1796 -> 200 (12 ms)
2026-09-27T00:39:55.529+02:00 DEBUG 26752 --- [crime-app-backend] [http-nio-8080-exec-7] org.hibernate.SQL                        : SELECT * FROM segnalazione s
WHERE s.stato = 'ATTIVA'
  AND ST_DWithin(s.posizione, ST_SetSRID(ST_MakePoint(?, ?), 4326)::geography, ?)

2026-09-27T00:39:55.531+02:00 DEBUG 26752 --- [crime-app-backend] [http-nio-8080-exec-7] org.hibernate.SQL                        : select c1_0.id,c1_0.attiva,c1_0.descrizione,c1_0.durata_validita_ore,c1_0.icona,c1_0.nome from categoria c1_0 where c1_0.id=?
2026-09-27T00:39:55.534+02:00  INFO 26752 --- [crime-app-backend] [http-nio-8080-exec-7] c.d.c.config.RequestLoggingFilter        : GET /api/segnalazioni/vicine?lat=45.080536192606914&lng=7.696233987808228&raggioMetri=1797 -> 200 (8 ms)
2026-09-27T00:39:56.664+02:00 DEBUG 26752 --- [crime-app-backend] [http-nio-8080-exec-8] org.hibernate.SQL                        : SELECT * FROM segnalazione s
WHERE s.stato = 'ATTIVA'
  AND ST_DWithin(s.posizione, ST_SetSRID(ST_MakePoint(?, ?), 4326)::geography, ?)

2026-09-27T00:39:56.667+02:00  INFO 26752 --- [crime-app-backend] [http-nio-8080-exec-8] c.d.c.config.RequestLoggingFilter        : GET /api/segnalazioni/vicine?lat=45.08033922246615&lng=7.710653543472291&raggioMetri=1797 -> 200 (7 ms)
2026-09-27T00:39:58.518+02:00 DEBUG 26752 --- [crime-app-backend] [http-nio-8080-exec-9] org.hibernate.SQL                        : SELECT * FROM segnalazione s
WHERE s.stato = 'ATTIVA'
  AND ST_DWithin(s.posizione, ST_SetSRID(ST_MakePoint(?, ?), 4326)::geography, ?)

2026-09-27T00:39:58.521+02:00  INFO 26752 --- [crime-app-backend] [http-nio-8080-exec-9] c.d.c.config.RequestLoggingFilter        : GET /api/segnalazioni/vicine?lat=45.083627019727416&lng=7.736102342605592&raggioMetri=1797 -> 200 (6 ms)
2026-09-27T00:39:59.773+02:00 DEBUG 26752 --- [crime-app-backend] [http-nio-8080-exec-10] org.hibernate.SQL                        : SELECT * FROM segnalazione s
WHERE s.stato = 'ATTIVA'
  AND ST_DWithin(s.posizione, ST_SetSRID(ST_MakePoint(?, ?), 4326)::geography, ?)

2026-09-27T00:39:59.775+02:00 DEBUG 26752 --- [crime-app-backend] [http-nio-8080-exec-10] org.hibernate.SQL                        : select c1_0.id,c1_0.attiva,c1_0.descrizione,c1_0.durata_validita_ore,c1_0.icona,c1_0.nome from categoria c1_0 where c1_0.id=?
2026-09-27T00:39:59.778+02:00  INFO 26752 --- [crime-app-backend] [http-nio-8080-exec-10] c.d.c.config.RequestLoggingFilter        : GET /api/segnalazioni/vicine?lat=45.082399799562914&lng=7.685290575027467&raggioMetri=1797 -> 200 (10 ms)
2026-09-27T00:40:10.023+02:00 DEBUG 26752 --- [crime-app-backend] [http-nio-8080-exec-1] org.hibernate.SQL                        : SELECT * FROM segnalazione s
WHERE s.stato = 'ATTIVA'
  AND ST_DWithin(s.posizione, ST_SetSRID(ST_MakePoint(?, ?), 4326)::geography, ?)

2026-09-27T00:40:10.026+02:00 DEBUG 26752 --- [crime-app-backend] [http-nio-8080-exec-1] org.hibernate.SQL                        : select c1_0.id,c1_0.attiva,c1_0.descrizione,c1_0.durata_validita_ore,c1_0.icona,c1_0.nome from categoria c1_0 where c1_0.id=?
2026-09-27T00:40:10.028+02:00  INFO 26752 --- [crime-app-backend] [http-nio-8080-exec-1] c.d.c.config.RequestLoggingFilter        : GET /api/segnalazioni/vicine?lat=45.082407375076905&lng=7.685290575027467&raggioMetri=1728 -> 200 (8 ms)
2026-09-27T00:40:14.902+02:00 DEBUG 26752 --- [crime-app-backend] [http-nio-8080-exec-2] org.hibernate.SQL                        : SELECT * FROM segnalazione s
WHERE s.stato = 'ATTIVA'
  AND ST_DWithin(s.posizione, ST_SetSRID(ST_MakePoint(?, ?), 4326)::geography, ?)

2026-09-27T00:40:14.906+02:00 DEBUG 26752 --- [crime-app-backend] [http-nio-8080-exec-2] org.hibernate.SQL                        : select c1_0.id,c1_0.attiva,c1_0.descrizione,c1_0.durata_validita_ore,c1_0.icona,c1_0.nome from categoria c1_0 where c1_0.id=?
2026-09-27T00:40:14.910+02:00  INFO 26752 --- [crime-app-backend] [http-nio-8080-exec-2] c.d.c.config.RequestLoggingFilter        : GET /api/segnalazioni/vicine?lat=45.082407375076905&lng=7.685301303863526&raggioMetri=838 -> 200 (11 ms)
2026-09-27T00:40:17.975+02:00 DEBUG 26752 --- [crime-app-backend] [http-nio-8080-exec-3] org.hibernate.SQL                        : select c1_0.id,c1_0.attiva,c1_0.descrizione,c1_0.durata_validita_ore,c1_0.icona,c1_0.nome from categoria c1_0
2026-09-27T00:40:17.979+02:00  INFO 26752 --- [crime-app-backend] [http-nio-8080-exec-3] c.d.c.config.RequestLoggingFilter        : GET /api/categorie -> 200 (7 ms)
2026-09-27T00:40:20.296+02:00 DEBUG 26752 --- [crime-app-backend] [http-nio-8080-exec-4] org.hibernate.SQL                        : select c1_0.id,c1_0.attiva,c1_0.descrizione,c1_0.durata_validita_ore,c1_0.icona,c1_0.nome from categoria c1_0
2026-09-27T00:40:20.300+02:00  INFO 26752 --- [crime-app-backend] [http-nio-8080-exec-4] c.d.c.config.RequestLoggingFilter        : GET /api/categorie -> 200 (7 ms)
2026-09-27T00:40:20.602+02:00 DEBUG 26752 --- [crime-app-backend] [http-nio-8080-exec-5] org.hibernate.SQL                        : SELECT * FROM segnalazione s
WHERE s.stato = 'ATTIVA'
  AND ST_DWithin(s.posizione, ST_SetSRID(ST_MakePoint(?, ?), 4326)::geography, ?)

2026-09-27T00:40:20.609+02:00 DEBUG 26752 --- [crime-app-backend] [http-nio-8080-exec-5] org.hibernate.SQL                        : select c1_0.id,c1_0.attiva,c1_0.descrizione,c1_0.durata_validita_ore,c1_0.icona,c1_0.nome from categoria c1_0 where c1_0.id=?
2026-09-27T00:40:20.612+02:00  INFO 26752 --- [crime-app-backend] [http-nio-8080-exec-5] c.d.c.config.RequestLoggingFilter        : GET /api/segnalazioni/vicine?lat=45.0824&lng=7.6853&raggioMetri=838 -> 200 (10 ms)
2026-09-27T00:40:21.684+02:00 DEBUG 26752 --- [crime-app-backend] [http-nio-8080-exec-6] org.hibernate.SQL                        : SELECT * FROM segnalazione s
WHERE s.stato = 'ATTIVA'
  AND ST_DWithin(s.posizione, ST_SetSRID(ST_MakePoint(?, ?), 4326)::geography, ?)

2026-09-27T00:40:21.687+02:00 DEBUG 26752 --- [crime-app-backend] [http-nio-8080-exec-6] org.hibernate.SQL                        : select c1_0.id,c1_0.attiva,c1_0.descrizione,c1_0.durata_validita_ore,c1_0.icona,c1_0.nome from categoria c1_0 where c1_0.id=?
2026-09-27T00:40:21.689+02:00  INFO 26752 --- [crime-app-backend] [http-nio-8080-exec-6] c.d.c.config.RequestLoggingFilter        : GET /api/segnalazioni/vicine?lat=45.0824&lng=7.6853&raggioMetri=838 -> 200 (8 ms)
2026-09-27T00:40:26.882+02:00 DEBUG 26752 --- [crime-app-backend] [http-nio-8080-exec-7] org.hibernate.SQL                        : SELECT * FROM segnalazione s
WHERE s.stato = 'ATTIVA'
  AND ST_DWithin(s.posizione, ST_SetSRID(ST_MakePoint(?, ?), 4326)::geography, ?)

2026-09-27T00:40:26.885+02:00 DEBUG 26752 --- [crime-app-backend] [http-nio-8080-exec-7] org.hibernate.SQL                        : select c1_0.id,c1_0.attiva,c1_0.descrizione,c1_0.durata_validita_ore,c1_0.icona,c1_0.nome from categoria c1_0 where c1_0.id=?
2026-09-27T00:40:26.889+02:00  INFO 26752 --- [crime-app-backend] [http-nio-8080-exec-7] c.d.c.config.RequestLoggingFilter        : GET /api/segnalazioni/vicine?lat=45.08030134351508&lng=7.687425613403321&raggioMetri=838 -> 200 (10 ms)
2026-09-27T00:40:27.425+02:00 DEBUG 26752 --- [crime-app-backend] [http-nio-8080-exec-8] org.hibernate.SQL                        : SELECT * FROM segnalazione s
WHERE s.stato = 'ATTIVA'
  AND ST_DWithin(s.posizione, ST_SetSRID(ST_MakePoint(?, ?), 4326)::geography, ?)

2026-09-27T00:40:27.427+02:00 DEBUG 26752 --- [crime-app-backend] [http-nio-8080-exec-8] org.hibernate.SQL                        : select c1_0.id,c1_0.attiva,c1_0.descrizione,c1_0.durata_validita_ore,c1_0.icona,c1_0.nome from categoria c1_0 where c1_0.id=?
2026-09-27T00:40:27.430+02:00  INFO 26752 --- [crime-app-backend] [http-nio-8080-exec-8] c.d.c.config.RequestLoggingFilter        : GET /api/segnalazioni/vicine?lat=45.0825285831639&lng=7.683262825012208&raggioMetri=838 -> 200 (12 ms)
2026-09-27T00:40:45.463+02:00 DEBUG 26752 --- [crime-app-backend] [http-nio-8080-exec-9] org.hibernate.SQL                        : SELECT * FROM segnalazione s
WHERE s.stato = 'ATTIVA'
  AND ST_DWithin(s.posizione, ST_SetSRID(ST_MakePoint(?, ?), 4326)::geography, ?)

2026-09-27T00:40:45.466+02:00 DEBUG 26752 --- [crime-app-backend] [http-nio-8080-exec-9] org.hibernate.SQL                        : select c1_0.id,c1_0.attiva,c1_0.descrizione,c1_0.durata_validita_ore,c1_0.icona,c1_0.nome from categoria c1_0 where c1_0.id=?
2026-09-27T00:40:45.468+02:00  INFO 26752 --- [crime-app-backend] [http-nio-8080-exec-9] c.d.c.config.RequestLoggingFilter        : GET /api/segnalazioni/vicine?lat=45.082998262072174&lng=7.6859450340271005&raggioMetri=838 -> 200 (10 ms)
2026-09-27T00:40:48.808+02:00 DEBUG 26752 --- [crime-app-backend] [http-nio-8080-exec-10] org.hibernate.SQL                        : SELECT * FROM segnalazione s
WHERE s.stato = 'ATTIVA'
  AND ST_DWithin(s.posizione, ST_SetSRID(ST_MakePoint(?, ?), 4326)::geography, ?)

2026-09-27T00:40:48.811+02:00 DEBUG 26752 --- [crime-app-backend] [http-nio-8080-exec-10] org.hibernate.SQL                        : select c1_0.id,c1_0.attiva,c1_0.descrizione,c1_0.durata_validita_ore,c1_0.icona,c1_0.nome from categoria c1_0 where c1_0.id=?
2026-09-27T00:40:48.813+02:00  INFO 26752 --- [crime-app-backend] [http-nio-8080-exec-10] c.d.c.config.RequestLoggingFilter        : GET /api/segnalazioni/vicine?lat=45.08421031883427&lng=7.685365676879884&raggioMetri=837 -> 200 (8 ms)
2026-09-27T00:40:50.886+02:00 DEBUG 26752 --- [crime-app-backend] [http-nio-8080-exec-1] org.hibernate.SQL                        : SELECT * FROM segnalazione s
WHERE s.stato = 'ATTIVA'
  AND ST_DWithin(s.posizione, ST_SetSRID(ST_MakePoint(?, ?), 4326)::geography, ?)

2026-09-27T00:40:50.888+02:00 DEBUG 26752 --- [crime-app-backend] [http-nio-8080-exec-1] org.hibernate.SQL                        : select c1_0.id,c1_0.attiva,c1_0.descrizione,c1_0.durata_validita_ore,c1_0.icona,c1_0.nome from categoria c1_0 where c1_0.id=?
2026-09-27T00:40:50.891+02:00  INFO 26752 --- [crime-app-backend] [http-nio-8080-exec-1] c.d.c.config.RequestLoggingFilter        : GET /api/segnalazioni/vicine?lat=45.08369898552368&lng=7.68519401550293&raggioMetri=419 -> 200 (13 ms)
2026-09-27T00:40:52.135+02:00 DEBUG 26752 --- [crime-app-backend] [http-nio-8080-exec-2] org.hibernate.SQL                        : SELECT * FROM segnalazione s
WHERE s.stato = 'ATTIVA'
  AND ST_DWithin(s.posizione, ST_SetSRID(ST_MakePoint(?, ?), 4326)::geography, ?)

2026-09-27T00:40:52.138+02:00 DEBUG 26752 --- [crime-app-backend] [http-nio-8080-exec-2] org.hibernate.SQL                        : select c1_0.id,c1_0.attiva,c1_0.descrizione,c1_0.durata_validita_ore,c1_0.icona,c1_0.nome from categoria c1_0 where c1_0.id=?
2026-09-27T00:40:52.141+02:00  INFO 26752 --- [crime-app-backend] [http-nio-8080-exec-2] c.d.c.config.RequestLoggingFilter        : GET /api/segnalazioni/vicine?lat=45.08296227874402&lng=7.68546760082245&raggioMetri=210 -> 200 (9 ms)
2026-09-27T00:40:52.886+02:00 DEBUG 26752 --- [crime-app-backend] [http-nio-8080-exec-3] org.hibernate.SQL                        : SELECT * FROM segnalazione s
WHERE s.stato = 'ATTIVA'
  AND ST_DWithin(s.posizione, ST_SetSRID(ST_MakePoint(?, ?), 4326)::geography, ?)

2026-09-27T00:40:52.889+02:00 DEBUG 26752 --- [crime-app-backend] [http-nio-8080-exec-3] org.hibernate.SQL                        : select c1_0.id,c1_0.attiva,c1_0.descrizione,c1_0.durata_validita_ore,c1_0.icona,c1_0.nome from categoria c1_0 where c1_0.id=?
2026-09-27T00:40:52.892+02:00  INFO 26752 --- [crime-app-backend] [http-nio-8080-exec-3] c.d.c.config.RequestLoggingFilter        : GET /api/segnalazioni/vicine?lat=45.082977429621806&lng=7.685408592224122&raggioMetri=210 -> 200 (8 ms)
2026-09-27T00:40:54.256+02:00 DEBUG 26752 --- [crime-app-backend] [http-nio-8080-exec-4] org.hibernate.SQL                        : SELECT * FROM segnalazione s
WHERE s.stato = 'ATTIVA'
  AND ST_DWithin(s.posizione, ST_SetSRID(ST_MakePoint(?, ?), 4326)::geography, ?)

2026-09-27T00:40:54.258+02:00 DEBUG 26752 --- [crime-app-backend] [http-nio-8080-exec-4] org.hibernate.SQL                        : select c1_0.id,c1_0.attiva,c1_0.descrizione,c1_0.durata_validita_ore,c1_0.icona,c1_0.nome from categoria c1_0 where c1_0.id=?
2026-09-27T00:40:54.261+02:00  INFO 26752 --- [crime-app-backend] [http-nio-8080-exec-4] c.d.c.config.RequestLoggingFilter        : GET /api/segnalazioni/vicine?lat=45.082407375076905&lng=7.685301303863526&raggioMetri=838 -> 200 (11 ms)
2026-09-27T00:40:55.103+02:00 DEBUG 26752 --- [crime-app-backend] [http-nio-8080-exec-5] org.hibernate.SQL                        : SELECT * FROM segnalazione s
WHERE s.stato = 'ATTIVA'
  AND ST_DWithin(s.posizione, ST_SetSRID(ST_MakePoint(?, ?), 4326)::geography, ?)

2026-09-27T00:40:55.105+02:00 DEBUG 26752 --- [crime-app-backend] [http-nio-8080-exec-5] org.hibernate.SQL                        : select c1_0.id,c1_0.attiva,c1_0.descrizione,c1_0.durata_validita_ore,c1_0.icona,c1_0.nome from categoria c1_0 where c1_0.id=?
2026-09-27T00:40:55.107+02:00  INFO 26752 --- [crime-app-backend] [http-nio-8080-exec-5] c.d.c.config.RequestLoggingFilter        : GET /api/segnalazioni/vicine?lat=45.082407375076905&lng=7.685301303863526&raggioMetri=838 -> 200 (8 ms)
2026-09-27T00:40:56.324+02:00 DEBUG 26752 --- [crime-app-backend] [http-nio-8080-exec-6] org.hibernate.SQL                        : SELECT * FROM segnalazione s
WHERE s.stato = 'ATTIVA'
  AND ST_DWithin(s.posizione, ST_SetSRID(ST_MakePoint(?, ?), 4326)::geography, ?)

2026-09-27T00:40:56.326+02:00 DEBUG 26752 --- [crime-app-backend] [http-nio-8080-exec-6] org.hibernate.SQL                        : select c1_0.id,c1_0.attiva,c1_0.descrizione,c1_0.durata_validita_ore,c1_0.icona,c1_0.nome from categoria c1_0 where c1_0.id=?
2026-09-27T00:40:56.329+02:00  INFO 26752 --- [crime-app-backend] [http-nio-8080-exec-6] c.d.c.config.RequestLoggingFilter        : GET /api/segnalazioni/vicine?lat=45.08380125255193&lng=7.683820724487306&raggioMetri=837 -> 200 (11 ms)
2026-09-27T00:43:31.813+02:00 DEBUG 26752 --- [crime-app-backend] [scheduling-1] org.hibernate.SQL                        : select s1_0.id,s1_0.anonima,s1_0.autore_id,s1_0.categoria_id,s1_0.data_creazione,s1_0.data_rimozione,s1_0.data_scadenza,s1_0.descrizione,s1_0.posizione,s1_0.stato from segnalazione s1_0 where s1_0.stato=? and s1_0.data_scadenza<?
2026-09-27T00:48:31.813+02:00 DEBUG 26752 --- [crime-app-backend] [scheduling-1] org.hibernate.SQL                        : select s1_0.id,s1_0.anonima,s1_0.autore_id,s1_0.categoria_id,s1_0.data_creazione,s1_0.data_rimozione,s1_0.data_scadenza,s1_0.descrizione,s1_0.posizione,s1_0.stato from segnalazione s1_0 where s1_0.stato=? and s1_0.data_scadenza<?
2026-09-27T00:53:31.818+02:00 DEBUG 26752 --- [crime-app-backend] [scheduling-1] org.hibernate.SQL                        : select s1_0.id,s1_0.anonima,s1_0.autore_id,s1_0.categoria_id,s1_0.data_creazione,s1_0.data_rimozione,s1_0.data_scadenza,s1_0.descrizione,s1_0.posizione,s1_0.stato from segnalazione s1_0 where s1_0.stato=? and s1_0.data_scadenza<?
2026-09-27T00:55:16.191+02:00  INFO 26752 --- [crime-app-backend] [SpringApplicationShutdownHook] o.s.boot.tomcat.GracefulShutdown         : Commencing graceful shutdown. Waiting for active requests to complete
2026-09-27T00:55:16.196+02:00  INFO 26752 --- [crime-app-backend] [tomcat-shutdown] o.s.boot.tomcat.GracefulShutdown         : Graceful shutdown complete
2026-09-27T00:55:16.202+02:00  INFO 26752 --- [crime-app-backend] [SpringApplicationShutdownHook] j.LocalContainerEntityManagerFactoryBean : Closing JPA EntityManagerFactory for persistence unit 'default'
2026-09-27T00:55:16.206+02:00  INFO 26752 --- [crime-app-backend] [SpringApplicationShutdownHook] com.zaxxer.hikari.HikariDataSource       : HikariPool-1 - Shutdown initiated...
2026-09-27T00:55:16.208+02:00  INFO 26752 --- [crime-app-backend] [SpringApplicationShutdownHook] com.zaxxer.hikari.HikariDataSource       : HikariPool-1 - Shutdown completed.
2026-09-27T01:57:07.895+02:00  INFO 28384 --- [crime-app-backend] [restartedMain] c.d.c.CrimeAppBackendApplication         : Starting CrimeAppBackendApplication using Java 21.0.12.1 with PID 28384 (C:\Users\Dani\Progetti\Crime-app\backend\target\classes started by Dani in C:\Users\Dani\Progetti\Crime-app)
2026-09-27T01:57:07.898+02:00 DEBUG 28384 --- [crime-app-backend] [restartedMain] c.d.c.CrimeAppBackendApplication         : Running with Spring Boot v4.1.1, Spring v7.0.9
2026-09-27T01:57:07.900+02:00  INFO 28384 --- [crime-app-backend] [restartedMain] c.d.c.CrimeAppBackendApplication         : No active profile set, falling back to 1 default profile: "default"
2026-09-27T01:57:07.941+02:00  INFO 28384 --- [crime-app-backend] [restartedMain] .e.DevToolsPropertyDefaultsPostProcessor : Devtools property defaults active! Set 'spring.devtools.add-properties' to 'false' to disable
2026-09-27T01:57:07.941+02:00  INFO 28384 --- [crime-app-backend] [restartedMain] .e.DevToolsPropertyDefaultsPostProcessor : For additional web related logging consider setting the 'logging.level.web' property to 'DEBUG'
2026-09-27T01:57:08.513+02:00  INFO 28384 --- [crime-app-backend] [restartedMain] .s.d.r.c.RepositoryConfigurationDelegate : Bootstrapping Spring Data JPA repositories in DEFAULT mode.
2026-09-27T01:57:08.569+02:00  INFO 28384 --- [crime-app-backend] [restartedMain] .s.d.r.c.RepositoryConfigurationDelegate : Finished Spring Data repository scanning in 49 ms. Found 8 JPA repository interfaces.
2026-09-27T01:57:09.174+02:00  INFO 28384 --- [crime-app-backend] [restartedMain] o.s.boot.tomcat.TomcatWebServer          : Tomcat initialized with port 8080 (http)
2026-09-27T01:57:09.188+02:00  INFO 28384 --- [crime-app-backend] [restartedMain] o.apache.catalina.core.StandardService   : Starting service [Tomcat]
2026-09-27T01:57:09.189+02:00  INFO 28384 --- [crime-app-backend] [restartedMain] o.apache.catalina.core.StandardEngine    : Starting Servlet engine: [Apache Tomcat/11.0.24]
2026-09-27T01:57:09.234+02:00  INFO 28384 --- [crime-app-backend] [restartedMain] b.w.c.s.WebApplicationContextInitializer : Root WebApplicationContext: initialization completed in 1293 ms
2026-09-27T01:57:09.278+02:00 DEBUG 28384 --- [crime-app-backend] [restartedMain] c.d.c.config.RequestLoggingFilter        : Filter 'requestLoggingFilter' configured for use
2026-09-27T01:57:09.494+02:00  INFO 28384 --- [crime-app-backend] [restartedMain] com.zaxxer.hikari.HikariDataSource       : HikariPool-1 - Starting...
2026-09-27T01:57:09.632+02:00  INFO 28384 --- [crime-app-backend] [restartedMain] com.zaxxer.hikari.pool.HikariPool        : HikariPool-1 - Added connection org.postgresql.jdbc.PgConnection@328e4246
2026-09-27T01:57:09.633+02:00  INFO 28384 --- [crime-app-backend] [restartedMain] com.zaxxer.hikari.HikariDataSource       : HikariPool-1 - Start completed.
2026-09-27T01:57:09.654+02:00  INFO 28384 --- [crime-app-backend] [restartedMain] org.flywaydb.core.FlywayExecutor         : Database: jdbc:postgresql://localhost:5432/crimeapp (PostgreSQL 16.4)
2026-09-27T01:57:09.718+02:00  INFO 28384 --- [crime-app-backend] [restartedMain] o.f.core.internal.command.DbValidate     : Successfully validated 2 migrations (execution time 00:00.026s)
2026-09-27T01:57:09.758+02:00  INFO 28384 --- [crime-app-backend] [restartedMain] o.f.core.internal.command.DbMigrate      : Current version of schema "public": 2
2026-09-27T01:57:09.761+02:00  INFO 28384 --- [crime-app-backend] [restartedMain] o.f.core.internal.command.DbMigrate      : Schema "public" is up to date. No migration necessary.
2026-09-27T01:57:09.848+02:00  INFO 28384 --- [crime-app-backend] [restartedMain] org.hibernate.orm.jpa                    : HHH008540: Processing PersistenceUnitInfo [name: default]
2026-09-27T01:57:09.917+02:00  INFO 28384 --- [crime-app-backend] [restartedMain] org.hibernate.orm.core                   : HHH000001: Hibernate ORM core version 7.4.5.Final
2026-09-27T01:57:09.928+02:00  INFO 28384 --- [crime-app-backend] [restartedMain] o.h.spatial.integration.SpatialService   : HHH80000001: Hibernate Spatial integration enabled: true
2026-09-27T01:57:10.285+02:00  INFO 28384 --- [crime-app-backend] [restartedMain] org.hibernate.orm.connections.pooling    : HHH10001005: Database info:
	Database JDBC URL [jdbc:postgresql://localhost:5432/crimeapp]
	Database driver: PostgreSQL JDBC Driver
	Database dialect: PostgreSQLDialect
	Database version: 16.4
	Default catalog/schema: crimeapp/public
	Autocommit mode: undefined/unknown
	Isolation level: READ_COMMITTED [default READ_COMMITTED]
	JDBC fetch size: none
	Pool: DataSourceConnectionProvider
	Minimum pool size: undefined/unknown
	Maximum pool size: undefined/unknown
2026-09-27T01:57:10.489+02:00  INFO 28384 --- [crime-app-backend] [restartedMain] o.s.o.j.p.SpringPersistenceUnitInfo      : No LoadTimeWeaver setup: ignoring JPA class transformer
2026-09-27T01:57:11.587+02:00  INFO 28384 --- [crime-app-backend] [restartedMain] org.hibernate.orm.core                   : HHH000489: No JTA platform available (set 'hibernate.transaction.jta.platform' to enable JTA platform integration)
2026-09-27T01:57:11.636+02:00  INFO 28384 --- [crime-app-backend] [restartedMain] j.LocalContainerEntityManagerFactoryBean : Initialized JPA EntityManagerFactory for persistence unit 'default'
2026-09-27T01:57:11.720+02:00  INFO 28384 --- [crime-app-backend] [restartedMain] o.s.d.j.r.query.QueryEnhancerFactories   : Hibernate is in classpath; If applicable, HQL parser will be used.
2026-09-27T01:57:12.061+02:00  WARN 28384 --- [crime-app-backend] [restartedMain] JpaBaseConfiguration$JpaWebConfiguration : spring.jpa.open-in-view is enabled by default. Therefore, database queries may be performed during view rendering. Explicitly configure spring.jpa.open-in-view to disable this warning
2026-09-27T01:57:12.132+02:00  WARN 28384 --- [crime-app-backend] [restartedMain] .s.a.UserDetailsServiceAutoConfiguration : 

Using generated security password: 8ad282b1-683f-4adf-9e41-634c1cdb929a

This generated password is for development use only. Your security configuration must be updated before running your application in production.

2026-09-27T01:57:12.138+02:00  INFO 28384 --- [crime-app-backend] [restartedMain] r$InitializeUserDetailsManagerConfigurer : Global AuthenticationManager configured with UserDetailsService bean with name inMemoryUserDetailsManager
2026-09-27T01:57:12.551+02:00  WARN 28384 --- [crime-app-backend] [restartedMain] ConfigServletWebServerApplicationContext : Exception encountered during context initialization - cancelling refresh attempt: org.springframework.context.ApplicationContextException: Failed to start bean 'webServerStartStop'
2026-09-27T01:57:12.554+02:00  INFO 28384 --- [crime-app-backend] [restartedMain] j.LocalContainerEntityManagerFactoryBean : Closing JPA EntityManagerFactory for persistence unit 'default'
2026-09-27T01:57:12.556+02:00  INFO 28384 --- [crime-app-backend] [restartedMain] com.zaxxer.hikari.HikariDataSource       : HikariPool-1 - Shutdown initiated...
2026-09-27T01:57:12.559+02:00  INFO 28384 --- [crime-app-backend] [restartedMain] com.zaxxer.hikari.HikariDataSource       : HikariPool-1 - Shutdown completed.
2026-09-27T01:57:12.573+02:00  INFO 28384 --- [crime-app-backend] [restartedMain] .s.b.a.l.ConditionEvaluationReportLogger : 

Error starting ApplicationContext. To display the condition evaluation report re-run your application with 'debug' enabled.
2026-09-27T01:57:12.586+02:00 ERROR 28384 --- [crime-app-backend] [restartedMain] o.s.b.d.LoggingFailureAnalysisReporter   : 

***************************
APPLICATION FAILED TO START
***************************

Description:

Web server failed to start. Port 8080 was already in use.

Action:

Identify and stop the process that's listening on port 8080 or configure this application to listen on another port.

2026-09-27T15:38:08.980+02:00  INFO 26492 --- [crime-app-backend] [restartedMain] c.d.c.CrimeAppBackendApplication         : Starting CrimeAppBackendApplication using Java 21.0.12.1 with PID 26492 (C:\Users\Dani\Progetti\Crime-app\backend\target\classes started by Dani in C:\Users\Dani\Progetti\Crime-app)
2026-09-27T15:38:08.983+02:00 DEBUG 26492 --- [crime-app-backend] [restartedMain] c.d.c.CrimeAppBackendApplication         : Running with Spring Boot v4.1.1, Spring v7.0.9
2026-09-27T15:38:08.983+02:00  INFO 26492 --- [crime-app-backend] [restartedMain] c.d.c.CrimeAppBackendApplication         : No active profile set, falling back to 1 default profile: "default"
2026-09-27T15:38:09.026+02:00  INFO 26492 --- [crime-app-backend] [restartedMain] .e.DevToolsPropertyDefaultsPostProcessor : Devtools property defaults active! Set 'spring.devtools.add-properties' to 'false' to disable
2026-09-27T15:38:09.026+02:00  INFO 26492 --- [crime-app-backend] [restartedMain] .e.DevToolsPropertyDefaultsPostProcessor : For additional web related logging consider setting the 'logging.level.web' property to 'DEBUG'
2026-09-27T15:38:09.710+02:00  INFO 26492 --- [crime-app-backend] [restartedMain] .s.d.r.c.RepositoryConfigurationDelegate : Bootstrapping Spring Data JPA repositories in DEFAULT mode.
2026-09-27T15:38:09.781+02:00  INFO 26492 --- [crime-app-backend] [restartedMain] .s.d.r.c.RepositoryConfigurationDelegate : Finished Spring Data repository scanning in 61 ms. Found 8 JPA repository interfaces.
2026-09-27T15:38:10.322+02:00  INFO 26492 --- [crime-app-backend] [restartedMain] o.s.boot.tomcat.TomcatWebServer          : Tomcat initialized with port 8080 (http)
2026-09-27T15:38:10.337+02:00  INFO 26492 --- [crime-app-backend] [restartedMain] o.apache.catalina.core.StandardService   : Starting service [Tomcat]
2026-09-27T15:38:10.337+02:00  INFO 26492 --- [crime-app-backend] [restartedMain] o.apache.catalina.core.StandardEngine    : Starting Servlet engine: [Apache Tomcat/11.0.24]
2026-09-27T15:38:10.373+02:00  INFO 26492 --- [crime-app-backend] [restartedMain] b.w.c.s.WebApplicationContextInitializer : Root WebApplicationContext: initialization completed in 1346 ms
2026-09-27T15:38:10.414+02:00 DEBUG 26492 --- [crime-app-backend] [restartedMain] c.d.c.config.RequestLoggingFilter        : Filter 'requestLoggingFilter' configured for use
2026-09-27T15:38:10.625+02:00  INFO 26492 --- [crime-app-backend] [restartedMain] com.zaxxer.hikari.HikariDataSource       : HikariPool-1 - Starting...
2026-09-27T15:38:10.779+02:00  INFO 26492 --- [crime-app-backend] [restartedMain] com.zaxxer.hikari.pool.HikariPool        : HikariPool-1 - Added connection org.postgresql.jdbc.PgConnection@42555923
2026-09-27T15:38:10.780+02:00  INFO 26492 --- [crime-app-backend] [restartedMain] com.zaxxer.hikari.HikariDataSource       : HikariPool-1 - Start completed.
2026-09-27T15:38:10.805+02:00  INFO 26492 --- [crime-app-backend] [restartedMain] org.flywaydb.core.FlywayExecutor         : Database: jdbc:postgresql://localhost:5432/crimeapp (PostgreSQL 16.4)
2026-09-27T15:38:10.896+02:00  INFO 26492 --- [crime-app-backend] [restartedMain] o.f.core.internal.command.DbValidate     : Successfully validated 2 migrations (execution time 00:00.032s)
2026-09-27T15:38:10.919+02:00  INFO 26492 --- [crime-app-backend] [restartedMain] o.f.core.internal.command.DbMigrate      : Current version of schema "public": 2
2026-09-27T15:38:10.923+02:00  INFO 26492 --- [crime-app-backend] [restartedMain] o.f.core.internal.command.DbMigrate      : Schema "public" is up to date. No migration necessary.
2026-09-27T15:38:11.024+02:00  INFO 26492 --- [crime-app-backend] [restartedMain] org.hibernate.orm.jpa                    : HHH008540: Processing PersistenceUnitInfo [name: default]
2026-09-27T15:38:11.096+02:00  INFO 26492 --- [crime-app-backend] [restartedMain] org.hibernate.orm.core                   : HHH000001: Hibernate ORM core version 7.4.5.Final
2026-09-27T15:38:11.110+02:00  INFO 26492 --- [crime-app-backend] [restartedMain] o.h.spatial.integration.SpatialService   : HHH80000001: Hibernate Spatial integration enabled: true
2026-09-27T15:38:11.503+02:00  INFO 26492 --- [crime-app-backend] [restartedMain] org.hibernate.orm.connections.pooling    : HHH10001005: Database info:
	Database JDBC URL [jdbc:postgresql://localhost:5432/crimeapp]
	Database driver: PostgreSQL JDBC Driver
	Database dialect: PostgreSQLDialect
	Database version: 16.4
	Default catalog/schema: crimeapp/public
	Autocommit mode: undefined/unknown
	Isolation level: READ_COMMITTED [default READ_COMMITTED]
	JDBC fetch size: none
	Pool: DataSourceConnectionProvider
	Minimum pool size: undefined/unknown
	Maximum pool size: undefined/unknown
2026-09-27T15:38:11.690+02:00  INFO 26492 --- [crime-app-backend] [restartedMain] o.s.o.j.p.SpringPersistenceUnitInfo      : No LoadTimeWeaver setup: ignoring JPA class transformer
2026-09-27T15:38:12.821+02:00  INFO 26492 --- [crime-app-backend] [restartedMain] org.hibernate.orm.core                   : HHH000489: No JTA platform available (set 'hibernate.transaction.jta.platform' to enable JTA platform integration)
2026-09-27T15:38:12.898+02:00  INFO 26492 --- [crime-app-backend] [restartedMain] j.LocalContainerEntityManagerFactoryBean : Initialized JPA EntityManagerFactory for persistence unit 'default'
2026-09-27T15:38:12.989+02:00  INFO 26492 --- [crime-app-backend] [restartedMain] o.s.d.j.r.query.QueryEnhancerFactories   : Hibernate is in classpath; If applicable, HQL parser will be used.
2026-09-27T15:38:13.512+02:00  WARN 26492 --- [crime-app-backend] [restartedMain] JpaBaseConfiguration$JpaWebConfiguration : spring.jpa.open-in-view is enabled by default. Therefore, database queries may be performed during view rendering. Explicitly configure spring.jpa.open-in-view to disable this warning
2026-09-27T15:38:13.619+02:00  WARN 26492 --- [crime-app-backend] [restartedMain] .s.a.UserDetailsServiceAutoConfiguration : 

Using generated security password: 650fc92d-e8ef-48ca-91c7-94cd455af65f

This generated password is for development use only. Your security configuration must be updated before running your application in production.

2026-09-27T15:38:13.633+02:00  INFO 26492 --- [crime-app-backend] [restartedMain] r$InitializeUserDetailsManagerConfigurer : Global AuthenticationManager configured with UserDetailsService bean with name inMemoryUserDetailsManager
2026-09-27T15:38:14.174+02:00  INFO 26492 --- [crime-app-backend] [restartedMain] o.s.boot.tomcat.TomcatWebServer          : Tomcat started on port 8080 (http) with context path '/'
2026-09-27T15:38:14.183+02:00  INFO 26492 --- [crime-app-backend] [restartedMain] c.d.c.CrimeAppBackendApplication         : Started CrimeAppBackendApplication in 5.743 seconds (process running for 6.402)
2026-09-27T15:38:14.659+02:00 DEBUG 26492 --- [crime-app-backend] [scheduling-1] org.hibernate.SQL                        : select s1_0.id,s1_0.anonima,s1_0.autore_id,s1_0.categoria_id,s1_0.data_creazione,s1_0.data_rimozione,s1_0.data_scadenza,s1_0.data_ultima_conferma,s1_0.descrizione,s1_0.posizione,s1_0.stato from segnalazione s1_0 where s1_0.stato=? and s1_0.data_scadenza<?
2026-09-27T15:38:26.451+02:00  INFO 26492 --- [crime-app-backend] [http-nio-8080-exec-1] o.a.c.c.C.[Tomcat].[localhost].[/]       : Initializing Spring DispatcherServlet 'dispatcherServlet'
2026-09-27T15:38:26.452+02:00  INFO 26492 --- [crime-app-backend] [http-nio-8080-exec-1] o.s.web.servlet.DispatcherServlet        : Initializing Servlet 'dispatcherServlet'
2026-09-27T15:38:26.453+02:00  INFO 26492 --- [crime-app-backend] [http-nio-8080-exec-1] o.s.web.servlet.DispatcherServlet        : Completed initialization in 1 ms
2026-09-27T15:38:26.527+02:00 DEBUG 26492 --- [crime-app-backend] [http-nio-8080-exec-1] org.hibernate.SQL                        : select c1_0.id,c1_0.attiva,c1_0.descrizione,c1_0.durata_validita_ore,c1_0.icona,c1_0.nome from categoria c1_0
2026-09-27T15:38:26.557+02:00  INFO 26492 --- [crime-app-backend] [http-nio-8080-exec-1] c.d.c.config.RequestLoggingFilter        : GET /api/categorie -> 200 (69 ms)
2026-09-27T15:38:36.733+02:00 DEBUG 26492 --- [crime-app-backend] [http-nio-8080-exec-2] org.hibernate.SQL                        : select c1_0.id,c1_0.attiva,c1_0.descrizione,c1_0.durata_validita_ore,c1_0.icona,c1_0.nome from categoria c1_0
2026-09-27T15:38:36.738+02:00  INFO 26492 --- [crime-app-backend] [http-nio-8080-exec-2] c.d.c.config.RequestLoggingFilter        : GET /api/categorie -> 200 (8 ms)
2026-09-27T15:38:37.284+02:00 DEBUG 26492 --- [crime-app-backend] [http-nio-8080-exec-3] org.hibernate.SQL                        : SELECT * FROM segnalazione s
WHERE s.stato = 'ATTIVA'
  AND ST_DWithin(s.posizione, ST_SetSRID(ST_MakePoint(?, ?), 4326)::geography, ?)

2026-09-27T15:38:37.966+02:00 DEBUG 26492 --- [crime-app-backend] [http-nio-8080-exec-3] org.hibernate.SQL                        : select c1_0.id,c1_0.attiva,c1_0.descrizione,c1_0.durata_validita_ore,c1_0.icona,c1_0.nome from categoria c1_0 where c1_0.id=?
2026-09-27T15:38:37.971+02:00 DEBUG 26492 --- [crime-app-backend] [http-nio-8080-exec-3] org.hibernate.SQL                        : select c1_0.id,c1_0.attiva,c1_0.descrizione,c1_0.durata_validita_ore,c1_0.icona,c1_0.nome from categoria c1_0 where c1_0.id=?
2026-09-27T15:38:37.973+02:00 DEBUG 26492 --- [crime-app-backend] [http-nio-8080-exec-3] org.hibernate.SQL                        : select c1_0.id,c1_0.attiva,c1_0.descrizione,c1_0.durata_validita_ore,c1_0.icona,c1_0.nome from categoria c1_0 where c1_0.id=?
2026-09-27T15:38:37.984+02:00  INFO 26492 --- [crime-app-backend] [http-nio-8080-exec-3] c.d.c.config.RequestLoggingFilter        : GET /api/segnalazioni/vicine?lat=45.0824&lng=7.6853&raggioMetri=884 -> 200 (732 ms)
2026-09-27T15:38:41.310+02:00 DEBUG 26492 --- [crime-app-backend] [http-nio-8080-exec-4] org.hibernate.SQL                        : select c1_0.id,c1_0.attiva,c1_0.descrizione,c1_0.durata_validita_ore,c1_0.icona,c1_0.nome from categoria c1_0
2026-09-27T15:38:41.315+02:00  INFO 26492 --- [crime-app-backend] [http-nio-8080-exec-4] c.d.c.config.RequestLoggingFilter        : GET /api/categorie -> 200 (9 ms)
2026-09-27T15:38:41.766+02:00 DEBUG 26492 --- [crime-app-backend] [http-nio-8080-exec-5] org.hibernate.SQL                        : SELECT * FROM segnalazione s
WHERE s.stato = 'ATTIVA'
  AND ST_DWithin(s.posizione, ST_SetSRID(ST_MakePoint(?, ?), 4326)::geography, ?)

2026-09-27T15:38:41.771+02:00 DEBUG 26492 --- [crime-app-backend] [http-nio-8080-exec-5] org.hibernate.SQL                        : select c1_0.id,c1_0.attiva,c1_0.descrizione,c1_0.durata_validita_ore,c1_0.icona,c1_0.nome from categoria c1_0 where c1_0.id=?
2026-09-27T15:38:41.775+02:00 DEBUG 26492 --- [crime-app-backend] [http-nio-8080-exec-5] org.hibernate.SQL                        : select c1_0.id,c1_0.attiva,c1_0.descrizione,c1_0.durata_validita_ore,c1_0.icona,c1_0.nome from categoria c1_0 where c1_0.id=?
2026-09-27T15:38:41.777+02:00 DEBUG 26492 --- [crime-app-backend] [http-nio-8080-exec-5] org.hibernate.SQL                        : select c1_0.id,c1_0.attiva,c1_0.descrizione,c1_0.durata_validita_ore,c1_0.icona,c1_0.nome from categoria c1_0 where c1_0.id=?
2026-09-27T15:38:41.781+02:00  INFO 26492 --- [crime-app-backend] [http-nio-8080-exec-5] c.d.c.config.RequestLoggingFilter        : GET /api/segnalazioni/vicine?lat=45.0824&lng=7.6853&raggioMetri=884 -> 200 (16 ms)
2026-09-27T15:38:43.371+02:00 DEBUG 26492 --- [crime-app-backend] [http-nio-8080-exec-6] org.hibernate.SQL                        : select c1_0.id,c1_0.attiva,c1_0.descrizione,c1_0.durata_validita_ore,c1_0.icona,c1_0.nome from categoria c1_0
2026-09-27T15:38:43.376+02:00  INFO 26492 --- [crime-app-backend] [http-nio-8080-exec-6] c.d.c.config.RequestLoggingFilter        : GET /api/categorie -> 200 (8 ms)
2026-09-27T15:40:08.512+02:00 DEBUG 26492 --- [crime-app-backend] [http-nio-8080-exec-8] org.hibernate.SQL                        : select c1_0.id,c1_0.attiva,c1_0.descrizione,c1_0.durata_validita_ore,c1_0.icona,c1_0.nome from categoria c1_0
2026-09-27T15:40:08.517+02:00  INFO 26492 --- [crime-app-backend] [http-nio-8080-exec-8] c.d.c.config.RequestLoggingFilter        : GET /api/categorie -> 200 (8 ms)
2026-09-27T15:43:14.188+02:00 DEBUG 26492 --- [crime-app-backend] [scheduling-1] org.hibernate.SQL                        : select s1_0.id,s1_0.anonima,s1_0.autore_id,s1_0.categoria_id,s1_0.data_creazione,s1_0.data_rimozione,s1_0.data_scadenza,s1_0.data_ultima_conferma,s1_0.descrizione,s1_0.posizione,s1_0.stato from segnalazione s1_0 where s1_0.stato=? and s1_0.data_scadenza<?
2026-09-27T15:48:14.186+02:00 DEBUG 26492 --- [crime-app-backend] [scheduling-1] org.hibernate.SQL                        : select s1_0.id,s1_0.anonima,s1_0.autore_id,s1_0.categoria_id,s1_0.data_creazione,s1_0.data_rimozione,s1_0.data_scadenza,s1_0.data_ultima_conferma,s1_0.descrizione,s1_0.posizione,s1_0.stato from segnalazione s1_0 where s1_0.stato=? and s1_0.data_scadenza<?
2026-09-27T15:49:29.121+02:00 DEBUG 26492 --- [crime-app-backend] [http-nio-8080-exec-10] org.hibernate.SQL                        : select c1_0.id,c1_0.attiva,c1_0.descrizione,c1_0.durata_validita_ore,c1_0.icona,c1_0.nome from categoria c1_0
2026-09-27T15:49:29.124+02:00  INFO 26492 --- [crime-app-backend] [http-nio-8080-exec-10] c.d.c.config.RequestLoggingFilter        : GET /api/categorie -> 200 (6 ms)
2026-09-27T15:50:22.825+02:00 DEBUG 26492 --- [crime-app-backend] [http-nio-8080-exec-1] org.hibernate.SQL                        : select c1_0.id,c1_0.attiva,c1_0.descrizione,c1_0.durata_validita_ore,c1_0.icona,c1_0.nome from categoria c1_0
2026-09-27T15:50:22.830+02:00  INFO 26492 --- [crime-app-backend] [http-nio-8080-exec-1] c.d.c.config.RequestLoggingFilter        : GET /api/categorie -> 200 (9 ms)
2026-09-27T15:50:23.281+02:00 DEBUG 26492 --- [crime-app-backend] [http-nio-8080-exec-2] org.hibernate.SQL                        : SELECT * FROM segnalazione s
WHERE s.stato = 'ATTIVA'
  AND ST_DWithin(s.posizione, ST_SetSRID(ST_MakePoint(?, ?), 4326)::geography, ?)

2026-09-27T15:50:23.288+02:00 DEBUG 26492 --- [crime-app-backend] [http-nio-8080-exec-2] org.hibernate.SQL                        : select c1_0.id,c1_0.attiva,c1_0.descrizione,c1_0.durata_validita_ore,c1_0.icona,c1_0.nome from categoria c1_0 where c1_0.id=?
2026-09-27T15:50:23.290+02:00 DEBUG 26492 --- [crime-app-backend] [http-nio-8080-exec-2] org.hibernate.SQL                        : select c1_0.id,c1_0.attiva,c1_0.descrizione,c1_0.durata_validita_ore,c1_0.icona,c1_0.nome from categoria c1_0 where c1_0.id=?
2026-09-27T15:50:23.291+02:00 DEBUG 26492 --- [crime-app-backend] [http-nio-8080-exec-2] org.hibernate.SQL                        : select c1_0.id,c1_0.attiva,c1_0.descrizione,c1_0.durata_validita_ore,c1_0.icona,c1_0.nome from categoria c1_0 where c1_0.id=?
2026-09-27T15:50:23.295+02:00  INFO 26492 --- [crime-app-backend] [http-nio-8080-exec-2] c.d.c.config.RequestLoggingFilter        : GET /api/segnalazioni/vicine?lat=45.0824&lng=7.6853&raggioMetri=1192 -> 200 (15 ms)
2026-09-27T15:50:26.377+02:00 DEBUG 26492 --- [crime-app-backend] [http-nio-8080-exec-3] org.hibernate.SQL                        : SELECT * FROM segnalazione s
WHERE s.stato = 'ATTIVA'
  AND ST_DWithin(s.posizione, ST_SetSRID(ST_MakePoint(?, ?), 4326)::geography, ?)

2026-09-27T15:50:26.380+02:00 DEBUG 26492 --- [crime-app-backend] [http-nio-8080-exec-3] org.hibernate.SQL                        : select c1_0.id,c1_0.attiva,c1_0.descrizione,c1_0.durata_validita_ore,c1_0.icona,c1_0.nome from categoria c1_0 where c1_0.id=?
2026-09-27T15:50:26.382+02:00 DEBUG 26492 --- [crime-app-backend] [http-nio-8080-exec-3] org.hibernate.SQL                        : select c1_0.id,c1_0.attiva,c1_0.descrizione,c1_0.durata_validita_ore,c1_0.icona,c1_0.nome from categoria c1_0 where c1_0.id=?
2026-09-27T15:50:26.383+02:00 DEBUG 26492 --- [crime-app-backend] [http-nio-8080-exec-3] org.hibernate.SQL                        : select c1_0.id,c1_0.attiva,c1_0.descrizione,c1_0.durata_validita_ore,c1_0.icona,c1_0.nome from categoria c1_0 where c1_0.id=?
2026-09-27T15:50:26.385+02:00  INFO 26492 --- [crime-app-backend] [http-nio-8080-exec-3] c.d.c.config.RequestLoggingFilter        : GET /api/segnalazioni/vicine?lat=45.0804074045148&lng=7.6863205432891855&raggioMetri=1192 -> 200 (10 ms)
2026-09-27T15:50:27.565+02:00 DEBUG 26492 --- [crime-app-backend] [http-nio-8080-exec-4] org.hibernate.SQL                        : SELECT * FROM segnalazione s
WHERE s.stato = 'ATTIVA'
  AND ST_DWithin(s.posizione, ST_SetSRID(ST_MakePoint(?, ?), 4326)::geography, ?)

2026-09-27T15:50:27.569+02:00 DEBUG 26492 --- [crime-app-backend] [http-nio-8080-exec-4] org.hibernate.SQL                        : select c1_0.id,c1_0.attiva,c1_0.descrizione,c1_0.durata_validita_ore,c1_0.icona,c1_0.nome from categoria c1_0 where c1_0.id=?
2026-09-27T15:50:27.571+02:00 DEBUG 26492 --- [crime-app-backend] [http-nio-8080-exec-4] org.hibernate.SQL                        : select c1_0.id,c1_0.attiva,c1_0.descrizione,c1_0.durata_validita_ore,c1_0.icona,c1_0.nome from categoria c1_0 where c1_0.id=?
2026-09-27T15:50:27.572+02:00 DEBUG 26492 --- [crime-app-backend] [http-nio-8080-exec-4] org.hibernate.SQL                        : select c1_0.id,c1_0.attiva,c1_0.descrizione,c1_0.durata_validita_ore,c1_0.icona,c1_0.nome from categoria c1_0 where c1_0.id=?
2026-09-27T15:50:27.575+02:00  INFO 26492 --- [crime-app-backend] [http-nio-8080-exec-4] c.d.c.config.RequestLoggingFilter        : GET /api/segnalazioni/vicine?lat=45.08276342310072&lng=7.686041593551637&raggioMetri=1192 -> 200 (14 ms)
2026-09-27T15:50:28.493+02:00 DEBUG 26492 --- [crime-app-backend] [http-nio-8080-exec-5] org.hibernate.SQL                        : SELECT * FROM segnalazione s
WHERE s.stato = 'ATTIVA'
  AND ST_DWithin(s.posizione, ST_SetSRID(ST_MakePoint(?, ?), 4326)::geography, ?)

2026-09-27T15:50:28.497+02:00 DEBUG 26492 --- [crime-app-backend] [http-nio-8080-exec-5] org.hibernate.SQL                        : select c1_0.id,c1_0.attiva,c1_0.descrizione,c1_0.durata_validita_ore,c1_0.icona,c1_0.nome from categoria c1_0 where c1_0.id=?
2026-09-27T15:50:28.499+02:00 DEBUG 26492 --- [crime-app-backend] [http-nio-8080-exec-5] org.hibernate.SQL                        : select c1_0.id,c1_0.attiva,c1_0.descrizione,c1_0.durata_validita_ore,c1_0.icona,c1_0.nome from categoria c1_0 where c1_0.id=?
2026-09-27T15:50:28.501+02:00 DEBUG 26492 --- [crime-app-backend] [http-nio-8080-exec-5] org.hibernate.SQL                        : select c1_0.id,c1_0.attiva,c1_0.descrizione,c1_0.durata_validita_ore,c1_0.icona,c1_0.nome from categoria c1_0 where c1_0.id=?
2026-09-27T15:50:28.503+02:00  INFO 26492 --- [crime-app-backend] [http-nio-8080-exec-5] c.d.c.config.RequestLoggingFilter        : GET /api/segnalazioni/vicine?lat=45.082399799562914&lng=7.685301303863526&raggioMetri=1192 -> 200 (14 ms)
2026-09-27T15:50:30.492+02:00 DEBUG 26492 --- [crime-app-backend] [http-nio-8080-exec-6] org.hibernate.SQL                        : SELECT * FROM segnalazione s
WHERE s.stato = 'ATTIVA'
  AND ST_DWithin(s.posizione, ST_SetSRID(ST_MakePoint(?, ?), 4326)::geography, ?)

2026-09-27T15:50:30.495+02:00 DEBUG 26492 --- [crime-app-backend] [http-nio-8080-exec-6] org.hibernate.SQL                        : select c1_0.id,c1_0.attiva,c1_0.descrizione,c1_0.durata_validita_ore,c1_0.icona,c1_0.nome from categoria c1_0 where c1_0.id=?
2026-09-27T15:50:30.498+02:00 DEBUG 26492 --- [crime-app-backend] [http-nio-8080-exec-6] org.hibernate.SQL                        : select c1_0.id,c1_0.attiva,c1_0.descrizione,c1_0.durata_validita_ore,c1_0.icona,c1_0.nome from categoria c1_0 where c1_0.id=?
2026-09-27T15:50:30.499+02:00 DEBUG 26492 --- [crime-app-backend] [http-nio-8080-exec-6] org.hibernate.SQL                        : select c1_0.id,c1_0.attiva,c1_0.descrizione,c1_0.durata_validita_ore,c1_0.icona,c1_0.nome from categoria c1_0 where c1_0.id=?
2026-09-27T15:50:30.503+02:00  INFO 26492 --- [crime-app-backend] [http-nio-8080-exec-6] c.d.c.config.RequestLoggingFilter        : GET /api/segnalazioni/vicine?lat=45.08561172740924&lng=7.685580253601075&raggioMetri=2384 -> 200 (15 ms)
2026-09-27T15:50:31.434+02:00 DEBUG 26492 --- [crime-app-backend] [http-nio-8080-exec-7] org.hibernate.SQL                        : SELECT * FROM segnalazione s
WHERE s.stato = 'ATTIVA'
  AND ST_DWithin(s.posizione, ST_SetSRID(ST_MakePoint(?, ?), 4326)::geography, ?)

2026-09-27T15:50:31.438+02:00 DEBUG 26492 --- [crime-app-backend] [http-nio-8080-exec-7] org.hibernate.SQL                        : select c1_0.id,c1_0.attiva,c1_0.descrizione,c1_0.durata_validita_ore,c1_0.icona,c1_0.nome from categoria c1_0 where c1_0.id=?
2026-09-27T15:50:31.440+02:00 DEBUG 26492 --- [crime-app-backend] [http-nio-8080-exec-7] org.hibernate.SQL                        : select c1_0.id,c1_0.attiva,c1_0.descrizione,c1_0.durata_validita_ore,c1_0.icona,c1_0.nome from categoria c1_0 where c1_0.id=?
2026-09-27T15:50:31.442+02:00 DEBUG 26492 --- [crime-app-backend] [http-nio-8080-exec-7] org.hibernate.SQL                        : select c1_0.id,c1_0.attiva,c1_0.descrizione,c1_0.durata_validita_ore,c1_0.icona,c1_0.nome from categoria c1_0 where c1_0.id=?
2026-09-27T15:50:31.446+02:00  INFO 26492 --- [crime-app-backend] [http-nio-8080-exec-7] c.d.c.config.RequestLoggingFilter        : GET /api/segnalazioni/vicine?lat=45.08847503912509&lng=7.696888446807862&raggioMetri=2384 -> 200 (17 ms)
2026-09-27T15:50:32.129+02:00 DEBUG 26492 --- [crime-app-backend] [http-nio-8080-exec-8] org.hibernate.SQL                        : SELECT * FROM segnalazione s
WHERE s.stato = 'ATTIVA'
  AND ST_DWithin(s.posizione, ST_SetSRID(ST_MakePoint(?, ?), 4326)::geography, ?)

2026-09-27T15:50:32.133+02:00 DEBUG 26492 --- [crime-app-backend] [http-nio-8080-exec-8] org.hibernate.SQL                        : select c1_0.id,c1_0.attiva,c1_0.descrizione,c1_0.durata_validita_ore,c1_0.icona,c1_0.nome from categoria c1_0 where c1_0.id=?
2026-09-27T15:50:32.134+02:00 DEBUG 26492 --- [crime-app-backend] [http-nio-8080-exec-8] org.hibernate.SQL                        : select c1_0.id,c1_0.attiva,c1_0.descrizione,c1_0.durata_validita_ore,c1_0.icona,c1_0.nome from categoria c1_0 where c1_0.id=?
2026-09-27T15:50:32.138+02:00  INFO 26492 --- [crime-app-backend] [http-nio-8080-exec-8] c.d.c.config.RequestLoggingFilter        : GET /api/segnalazioni/vicine?lat=45.09118672052955&lng=7.7131104469299325&raggioMetri=2384 -> 200 (15 ms)
2026-09-27T15:50:32.642+02:00 DEBUG 26492 --- [crime-app-backend] [http-nio-8080-exec-9] org.hibernate.SQL                        : SELECT * FROM segnalazione s
WHERE s.stato = 'ATTIVA'
  AND ST_DWithin(s.posizione, ST_SetSRID(ST_MakePoint(?, ?), 4326)::geography, ?)

2026-09-27T15:50:32.645+02:00  INFO 26492 --- [crime-app-backend] [http-nio-8080-exec-9] c.d.c.config.RequestLoggingFilter        : GET /api/segnalazioni/vicine?lat=45.08883862399359&lng=7.721843719482423&raggioMetri=2384 -> 200 (6 ms)
2026-09-27T15:50:36.045+02:00 DEBUG 26492 --- [crime-app-backend] [http-nio-8080-exec-10] org.hibernate.SQL                        : SELECT * FROM segnalazione s
WHERE s.stato = 'ATTIVA'
  AND ST_DWithin(s.posizione, ST_SetSRID(ST_MakePoint(?, ?), 4326)::geography, ?)

2026-09-27T15:50:36.049+02:00  INFO 26492 --- [crime-app-backend] [http-nio-8080-exec-10] c.d.c.config.RequestLoggingFilter        : GET /api/segnalazioni/vicine?lat=45.08884619865374&lng=7.721843719482423&raggioMetri=837 -> 200 (7 ms)
2026-09-27T15:50:39.094+02:00 DEBUG 26492 --- [crime-app-backend] [http-nio-8080-exec-1] org.hibernate.SQL                        : SELECT * FROM segnalazione s
WHERE s.stato = 'ATTIVA'
  AND ST_DWithin(s.posizione, ST_SetSRID(ST_MakePoint(?, ?), 4326)::geography, ?)

2026-09-27T15:50:39.101+02:00  INFO 26492 --- [crime-app-backend] [http-nio-8080-exec-1] c.d.c.config.RequestLoggingFilter        : GET /api/segnalazioni/vicine?lat=45.08884619865374&lng=7.721832990646363&raggioMetri=1950 -> 200 (12 ms)
2026-09-27T15:50:46.018+02:00 DEBUG 26492 --- [crime-app-backend] [http-nio-8080-exec-2] org.hibernate.SQL                        : SELECT * FROM segnalazione s
WHERE s.stato = 'ATTIVA'
  AND ST_DWithin(s.posizione, ST_SetSRID(ST_MakePoint(?, ?), 4326)::geography, ?)

2026-09-27T15:50:46.024+02:00  INFO 26492 --- [crime-app-backend] [http-nio-8080-exec-2] c.d.c.config.RequestLoggingFilter        : GET /api/segnalazioni/vicine?lat=45.08863410778985&lng=7.71666169166565&raggioMetri=1951 -> 200 (10 ms)
2026-09-27T15:50:52.582+02:00 DEBUG 26492 --- [crime-app-backend] [http-nio-8080-exec-3] org.hibernate.SQL                        : SELECT * FROM segnalazione s
WHERE s.stato = 'ATTIVA'
  AND ST_DWithin(s.posizione, ST_SetSRID(ST_MakePoint(?, ?), 4326)::geography, ?)

2026-09-27T15:50:52.586+02:00  INFO 26492 --- [crime-app-backend] [http-nio-8080-exec-3] c.d.c.config.RequestLoggingFilter        : GET /api/segnalazioni/vicine?lat=45.091482119386626&lng=7.711468935012818&raggioMetri=1950 -> 200 (7 ms)
2026-09-27T15:50:54.276+02:00 DEBUG 26492 --- [crime-app-backend] [http-nio-8080-exec-4] org.hibernate.SQL                        : SELECT * FROM segnalazione s
WHERE s.stato = 'ATTIVA'
  AND ST_DWithin(s.posizione, ST_SetSRID(ST_MakePoint(?, ?), 4326)::geography, ?)

2026-09-27T15:50:54.279+02:00 DEBUG 26492 --- [crime-app-backend] [http-nio-8080-exec-4] org.hibernate.SQL                        : select c1_0.id,c1_0.attiva,c1_0.descrizione,c1_0.durata_validita_ore,c1_0.icona,c1_0.nome from categoria c1_0 where c1_0.id=?
2026-09-27T15:50:54.282+02:00 DEBUG 26492 --- [crime-app-backend] [http-nio-8080-exec-4] org.hibernate.SQL                        : select c1_0.id,c1_0.attiva,c1_0.descrizione,c1_0.durata_validita_ore,c1_0.icona,c1_0.nome from categoria c1_0 where c1_0.id=?
2026-09-27T15:50:54.284+02:00 DEBUG 26492 --- [crime-app-backend] [http-nio-8080-exec-4] org.hibernate.SQL                        : select c1_0.id,c1_0.attiva,c1_0.descrizione,c1_0.durata_validita_ore,c1_0.icona,c1_0.nome from categoria c1_0 where c1_0.id=?
2026-09-27T15:50:54.288+02:00  INFO 26492 --- [crime-app-backend] [http-nio-8080-exec-4] c.d.c.config.RequestLoggingFilter        : GET /api/segnalazioni/vicine?lat=45.08960365959603&lng=7.689582109451295&raggioMetri=1950 -> 200 (15 ms)
2026-09-27T15:50:57.071+02:00 DEBUG 26492 --- [crime-app-backend] [http-nio-8080-exec-5] org.hibernate.SQL                        : SELECT * FROM segnalazione s
WHERE s.stato = 'ATTIVA'
  AND ST_DWithin(s.posizione, ST_SetSRID(ST_MakePoint(?, ?), 4326)::geography, ?)

2026-09-27T15:50:57.075+02:00 DEBUG 26492 --- [crime-app-backend] [http-nio-8080-exec-5] org.hibernate.SQL                        : select c1_0.id,c1_0.attiva,c1_0.descrizione,c1_0.durata_validita_ore,c1_0.icona,c1_0.nome from categoria c1_0 where c1_0.id=?
2026-09-27T15:50:57.077+02:00 DEBUG 26492 --- [crime-app-backend] [http-nio-8080-exec-5] org.hibernate.SQL                        : select c1_0.id,c1_0.attiva,c1_0.descrizione,c1_0.durata_validita_ore,c1_0.icona,c1_0.nome from categoria c1_0 where c1_0.id=?
2026-09-27T15:50:57.078+02:00 DEBUG 26492 --- [crime-app-backend] [http-nio-8080-exec-5] org.hibernate.SQL                        : select c1_0.id,c1_0.attiva,c1_0.descrizione,c1_0.durata_validita_ore,c1_0.icona,c1_0.nome from categoria c1_0 where c1_0.id=?
2026-09-27T15:50:57.080+02:00  INFO 26492 --- [crime-app-backend] [http-nio-8080-exec-5] c.d.c.config.RequestLoggingFilter        : GET /api/segnalazioni/vicine?lat=45.07845282018796&lng=7.677265405654908&raggioMetri=1951 -> 200 (12 ms)
2026-09-27T15:50:57.590+02:00 DEBUG 26492 --- [crime-app-backend] [http-nio-8080-exec-6] org.hibernate.SQL                        : SELECT * FROM segnalazione s
WHERE s.stato = 'ATTIVA'
  AND ST_DWithin(s.posizione, ST_SetSRID(ST_MakePoint(?, ?), 4326)::geography, ?)

2026-09-27T15:50:57.593+02:00 DEBUG 26492 --- [crime-app-backend] [http-nio-8080-exec-6] org.hibernate.SQL                        : select c1_0.id,c1_0.attiva,c1_0.descrizione,c1_0.durata_validita_ore,c1_0.icona,c1_0.nome from categoria c1_0 where c1_0.id=?
2026-09-27T15:50:57.595+02:00 DEBUG 26492 --- [crime-app-backend] [http-nio-8080-exec-6] org.hibernate.SQL                        : select c1_0.id,c1_0.attiva,c1_0.descrizione,c1_0.durata_validita_ore,c1_0.icona,c1_0.nome from categoria c1_0 where c1_0.id=?
2026-09-27T15:50:57.596+02:00 DEBUG 26492 --- [crime-app-backend] [http-nio-8080-exec-6] org.hibernate.SQL                        : select c1_0.id,c1_0.attiva,c1_0.descrizione,c1_0.durata_validita_ore,c1_0.icona,c1_0.nome from categoria c1_0 where c1_0.id=?
2026-09-27T15:50:57.599+02:00  INFO 26492 --- [crime-app-backend] [http-nio-8080-exec-6] c.d.c.config.RequestLoggingFilter        : GET /api/segnalazioni/vicine?lat=45.080983160792165&lng=7.686127424240113&raggioMetri=1951 -> 200 (11 ms)
2026-09-27T15:51:00.725+02:00 DEBUG 26492 --- [crime-app-backend] [http-nio-8080-exec-7] org.hibernate.SQL                        : SELECT * FROM segnalazione s
WHERE s.stato = 'ATTIVA'
  AND ST_DWithin(s.posizione, ST_SetSRID(ST_MakePoint(?, ?), 4326)::geography, ?)

2026-09-27T15:51:00.729+02:00 DEBUG 26492 --- [crime-app-backend] [http-nio-8080-exec-7] org.hibernate.SQL                        : select c1_0.id,c1_0.attiva,c1_0.descrizione,c1_0.durata_validita_ore,c1_0.icona,c1_0.nome from categoria c1_0 where c1_0.id=?
2026-09-27T15:51:00.731+02:00 DEBUG 26492 --- [crime-app-backend] [http-nio-8080-exec-7] org.hibernate.SQL                        : select c1_0.id,c1_0.attiva,c1_0.descrizione,c1_0.durata_validita_ore,c1_0.icona,c1_0.nome from categoria c1_0 where c1_0.id=?
2026-09-27T15:51:00.733+02:00 DEBUG 26492 --- [crime-app-backend] [http-nio-8080-exec-7] org.hibernate.SQL                        : select c1_0.id,c1_0.attiva,c1_0.descrizione,c1_0.durata_validita_ore,c1_0.icona,c1_0.nome from categoria c1_0 where c1_0.id=?
2026-09-27T15:51:00.737+02:00  INFO 26492 --- [crime-app-backend] [http-nio-8080-exec-7] c.d.c.config.RequestLoggingFilter        : GET /api/segnalazioni/vicine?lat=45.0618209973035&lng=7.65000343322754&raggioMetri=15600 -> 200 (15 ms)
2026-09-27T15:51:02.669+02:00 DEBUG 26492 --- [crime-app-backend] [http-nio-8080-exec-8] org.hibernate.SQL                        : SELECT * FROM segnalazione s
WHERE s.stato = 'ATTIVA'
  AND ST_DWithin(s.posizione, ST_SetSRID(ST_MakePoint(?, ?), 4326)::geography, ?)

2026-09-27T15:51:02.673+02:00 DEBUG 26492 --- [crime-app-backend] [http-nio-8080-exec-8] org.hibernate.SQL                        : select c1_0.id,c1_0.attiva,c1_0.descrizione,c1_0.durata_validita_ore,c1_0.icona,c1_0.nome from categoria c1_0 where c1_0.id=?
2026-09-27T15:51:02.675+02:00 DEBUG 26492 --- [crime-app-backend] [http-nio-8080-exec-8] org.hibernate.SQL                        : select c1_0.id,c1_0.attiva,c1_0.descrizione,c1_0.durata_validita_ore,c1_0.icona,c1_0.nome from categoria c1_0 where c1_0.id=?
2026-09-27T15:51:02.677+02:00 DEBUG 26492 --- [crime-app-backend] [http-nio-8080-exec-8] org.hibernate.SQL                        : select c1_0.id,c1_0.attiva,c1_0.descrizione,c1_0.durata_validita_ore,c1_0.icona,c1_0.nome from categoria c1_0 where c1_0.id=?
2026-09-27T15:51:02.681+02:00  INFO 26492 --- [crime-app-backend] [http-nio-8080-exec-8] c.d.c.config.RequestLoggingFilter        : GET /api/segnalazioni/vicine?lat=45.07209617090809&lng=7.662320137023927&raggioMetri=7801 -> 200 (13 ms)
2026-09-27T15:51:03.419+02:00 DEBUG 26492 --- [crime-app-backend] [http-nio-8080-exec-9] org.hibernate.SQL                        : SELECT * FROM segnalazione s
WHERE s.stato = 'ATTIVA'
  AND ST_DWithin(s.posizione, ST_SetSRID(ST_MakePoint(?, ?), 4326)::geography, ?)

2026-09-27T15:51:03.422+02:00 DEBUG 26492 --- [crime-app-backend] [http-nio-8080-exec-9] org.hibernate.SQL                        : select c1_0.id,c1_0.attiva,c1_0.descrizione,c1_0.durata_validita_ore,c1_0.icona,c1_0.nome from categoria c1_0 where c1_0.id=?
2026-09-27T15:51:03.424+02:00 DEBUG 26492 --- [crime-app-backend] [http-nio-8080-exec-9] org.hibernate.SQL                        : select c1_0.id,c1_0.attiva,c1_0.descrizione,c1_0.durata_validita_ore,c1_0.icona,c1_0.nome from categoria c1_0 where c1_0.id=?
2026-09-27T15:51:03.425+02:00 DEBUG 26492 --- [crime-app-backend] [http-nio-8080-exec-9] org.hibernate.SQL                        : select c1_0.id,c1_0.attiva,c1_0.descrizione,c1_0.durata_validita_ore,c1_0.icona,c1_0.nome from categoria c1_0 where c1_0.id=?
2026-09-27T15:51:03.430+02:00  INFO 26492 --- [crime-app-backend] [http-nio-8080-exec-9] c.d.c.config.RequestLoggingFilter        : GET /api/segnalazioni/vicine?lat=45.07456618060709&lng=7.671439647674561&raggioMetri=3901 -> 200 (14 ms)
2026-09-27T15:51:04.515+02:00 DEBUG 26492 --- [crime-app-backend] [http-nio-8080-exec-10] org.hibernate.SQL                        : SELECT * FROM segnalazione s
WHERE s.stato = 'ATTIVA'
  AND ST_DWithin(s.posizione, ST_SetSRID(ST_MakePoint(?, ?), 4326)::geography, ?)

2026-09-27T15:51:04.519+02:00 DEBUG 26492 --- [crime-app-backend] [http-nio-8080-exec-10] org.hibernate.SQL                        : select c1_0.id,c1_0.attiva,c1_0.descrizione,c1_0.durata_validita_ore,c1_0.icona,c1_0.nome from categoria c1_0 where c1_0.id=?
2026-09-27T15:51:04.521+02:00 DEBUG 26492 --- [crime-app-backend] [http-nio-8080-exec-10] org.hibernate.SQL                        : select c1_0.id,c1_0.attiva,c1_0.descrizione,c1_0.durata_validita_ore,c1_0.icona,c1_0.nome from categoria c1_0 where c1_0.id=?
2026-09-27T15:51:04.524+02:00 DEBUG 26492 --- [crime-app-backend] [http-nio-8080-exec-10] org.hibernate.SQL                        : select c1_0.id,c1_0.attiva,c1_0.descrizione,c1_0.durata_validita_ore,c1_0.icona,c1_0.nome from categoria c1_0 where c1_0.id=?
2026-09-27T15:51:04.530+02:00  INFO 26492 --- [crime-app-backend] [http-nio-8080-exec-10] c.d.c.config.RequestLoggingFilter        : GET /api/segnalazioni/vicine?lat=45.081081644837454&lng=7.674529552459718&raggioMetri=3901 -> 200 (18 ms)
2026-09-27T15:51:06.344+02:00 DEBUG 26492 --- [crime-app-backend] [http-nio-8080-exec-1] org.hibernate.SQL                        : SELECT * FROM segnalazione s
WHERE s.stato = 'ATTIVA'
  AND ST_DWithin(s.posizione, ST_SetSRID(ST_MakePoint(?, ?), 4326)::geography, ?)

2026-09-27T15:51:06.348+02:00 DEBUG 26492 --- [crime-app-backend] [http-nio-8080-exec-1] org.hibernate.SQL                        : select c1_0.id,c1_0.attiva,c1_0.descrizione,c1_0.durata_validita_ore,c1_0.icona,c1_0.nome from categoria c1_0 where c1_0.id=?
2026-09-27T15:51:06.350+02:00 DEBUG 26492 --- [crime-app-backend] [http-nio-8080-exec-1] org.hibernate.SQL                        : select c1_0.id,c1_0.attiva,c1_0.descrizione,c1_0.durata_validita_ore,c1_0.icona,c1_0.nome from categoria c1_0 where c1_0.id=?
2026-09-27T15:51:06.351+02:00 DEBUG 26492 --- [crime-app-backend] [http-nio-8080-exec-1] org.hibernate.SQL                        : select c1_0.id,c1_0.attiva,c1_0.descrizione,c1_0.durata_validita_ore,c1_0.icona,c1_0.nome from categoria c1_0 where c1_0.id=?
2026-09-27T15:51:06.354+02:00  INFO 26492 --- [crime-app-backend] [http-nio-8080-exec-1] c.d.c.config.RequestLoggingFilter        : GET /api/segnalazioni/vicine?lat=45.08240358732004&lng=7.6852959394454965&raggioMetri=976 -> 200 (13 ms)
2026-09-27T15:51:10.333+02:00 DEBUG 26492 --- [crime-app-backend] [http-nio-8080-exec-2] org.hibernate.SQL                        : SELECT * FROM segnalazione s
WHERE s.stato = 'ATTIVA'
  AND ST_DWithin(s.posizione, ST_SetSRID(ST_MakePoint(?, ?), 4326)::geography, ?)

2026-09-27T15:51:10.337+02:00  INFO 26492 --- [crime-app-backend] [http-nio-8080-exec-2] c.d.c.config.RequestLoggingFilter        : GET /api/segnalazioni/vicine?lat=45.08435046123882&lng=7.670704722404481&raggioMetri=976 -> 200 (7 ms)
2026-09-27T15:51:21.546+02:00 DEBUG 26492 --- [crime-app-backend] [http-nio-8080-exec-3] org.hibernate.SQL                        : SELECT * FROM segnalazione s
WHERE s.stato = 'ATTIVA'
  AND ST_DWithin(s.posizione, ST_SetSRID(ST_MakePoint(?, ?), 4326)::geography, ?)

2026-09-27T15:51:21.550+02:00 DEBUG 26492 --- [crime-app-backend] [http-nio-8080-exec-3] org.hibernate.SQL                        : select c1_0.id,c1_0.attiva,c1_0.descrizione,c1_0.durata_validita_ore,c1_0.icona,c1_0.nome from categoria c1_0 where c1_0.id=?
2026-09-27T15:51:21.552+02:00 DEBUG 26492 --- [crime-app-backend] [http-nio-8080-exec-3] org.hibernate.SQL                        : select c1_0.id,c1_0.attiva,c1_0.descrizione,c1_0.durata_validita_ore,c1_0.icona,c1_0.nome from categoria c1_0 where c1_0.id=?
2026-09-27T15:51:21.554+02:00 DEBUG 26492 --- [crime-app-backend] [http-nio-8080-exec-3] org.hibernate.SQL                        : select c1_0.id,c1_0.attiva,c1_0.descrizione,c1_0.durata_validita_ore,c1_0.icona,c1_0.nome from categoria c1_0 where c1_0.id=?
2026-09-27T15:51:21.559+02:00  INFO 26492 --- [crime-app-backend] [http-nio-8080-exec-3] c.d.c.config.RequestLoggingFilter        : GET /api/segnalazioni/vicine?lat=45.08240358732004&lng=7.6852959394454965&raggioMetri=976 -> 200 (17 ms)
2026-09-27T15:51:35.160+02:00 DEBUG 26492 --- [crime-app-backend] [http-nio-8080-exec-4] org.hibernate.SQL                        : SELECT * FROM segnalazione s
WHERE s.stato = 'ATTIVA'
  AND ST_DWithin(s.posizione, ST_SetSRID(ST_MakePoint(?, ?), 4326)::geography, ?)

2026-09-27T15:51:35.164+02:00 DEBUG 26492 --- [crime-app-backend] [http-nio-8080-exec-4] org.hibernate.SQL                        : select c1_0.id,c1_0.attiva,c1_0.descrizione,c1_0.durata_validita_ore,c1_0.icona,c1_0.nome from categoria c1_0 where c1_0.id=?
2026-09-27T15:51:35.166+02:00 DEBUG 26492 --- [crime-app-backend] [http-nio-8080-exec-4] org.hibernate.SQL                        : select c1_0.id,c1_0.attiva,c1_0.descrizione,c1_0.durata_validita_ore,c1_0.icona,c1_0.nome from categoria c1_0 where c1_0.id=?
2026-09-27T15:51:35.170+02:00  INFO 26492 --- [crime-app-backend] [http-nio-8080-exec-4] c.d.c.config.RequestLoggingFilter        : GET /api/segnalazioni/vicine?lat=45.08210056595737&lng=7.695091366767884&raggioMetri=976 -> 200 (12 ms)
2026-09-27T15:51:35.889+02:00 DEBUG 26492 --- [crime-app-backend] [http-nio-8080-exec-5] org.hibernate.SQL                        : SELECT * FROM segnalazione s
WHERE s.stato = 'ATTIVA'
  AND ST_DWithin(s.posizione, ST_SetSRID(ST_MakePoint(?, ?), 4326)::geography, ?)

2026-09-27T15:51:35.894+02:00  INFO 26492 --- [crime-app-backend] [http-nio-8080-exec-5] c.d.c.config.RequestLoggingFilter        : GET /api/segnalazioni/vicine?lat=45.08247934240956&lng=7.701464295387268&raggioMetri=976 -> 200 (9 ms)
2026-09-27T15:51:44.408+02:00 DEBUG 26492 --- [crime-app-backend] [http-nio-8080-exec-6] org.hibernate.SQL                        : SELECT * FROM segnalazione s
WHERE s.stato = 'ATTIVA'
  AND ST_DWithin(s.posizione, ST_SetSRID(ST_MakePoint(?, ?), 4326)::geography, ?)

2026-09-27T15:51:44.412+02:00 DEBUG 26492 --- [crime-app-backend] [http-nio-8080-exec-6] org.hibernate.SQL                        : select c1_0.id,c1_0.attiva,c1_0.descrizione,c1_0.durata_validita_ore,c1_0.icona,c1_0.nome from categoria c1_0 where c1_0.id=?
2026-09-27T15:51:44.414+02:00 DEBUG 26492 --- [crime-app-backend] [http-nio-8080-exec-6] org.hibernate.SQL                        : select c1_0.id,c1_0.attiva,c1_0.descrizione,c1_0.durata_validita_ore,c1_0.icona,c1_0.nome from categoria c1_0 where c1_0.id=?
2026-09-27T15:51:44.416+02:00 DEBUG 26492 --- [crime-app-backend] [http-nio-8080-exec-6] org.hibernate.SQL                        : select c1_0.id,c1_0.attiva,c1_0.descrizione,c1_0.durata_validita_ore,c1_0.icona,c1_0.nome from categoria c1_0 where c1_0.id=?
2026-09-27T15:51:44.420+02:00  INFO 26492 --- [crime-app-backend] [http-nio-8080-exec-6] c.d.c.config.RequestLoggingFilter        : GET /api/segnalazioni/vicine?lat=45.08240358732004&lng=7.6852959394454965&raggioMetri=976 -> 200 (14 ms)
2026-09-27T15:51:49.977+02:00 DEBUG 26492 --- [crime-app-backend] [http-nio-8080-exec-7] org.hibernate.SQL                        : SELECT * FROM segnalazione s
WHERE s.stato = 'ATTIVA'
  AND ST_DWithin(s.posizione, ST_SetSRID(ST_MakePoint(?, ?), 4326)::geography, ?)

2026-09-27T15:51:49.980+02:00 DEBUG 26492 --- [crime-app-backend] [http-nio-8080-exec-7] org.hibernate.SQL                        : select c1_0.id,c1_0.attiva,c1_0.descrizione,c1_0.durata_validita_ore,c1_0.icona,c1_0.nome from categoria c1_0 where c1_0.id=?
2026-09-27T15:51:49.982+02:00 DEBUG 26492 --- [crime-app-backend] [http-nio-8080-exec-7] org.hibernate.SQL                        : select c1_0.id,c1_0.attiva,c1_0.descrizione,c1_0.durata_validita_ore,c1_0.icona,c1_0.nome from categoria c1_0 where c1_0.id=?
2026-09-27T15:51:49.986+02:00  INFO 26492 --- [crime-app-backend] [http-nio-8080-exec-7] c.d.c.config.RequestLoggingFilter        : GET /api/segnalazioni/vicine?lat=45.08921356846523&lng=7.692376971244813&raggioMetri=976 -> 200 (11 ms)
2026-09-27T15:51:51.164+02:00 DEBUG 26492 --- [crime-app-backend] [http-nio-8080-exec-8] org.hibernate.SQL                        : SELECT * FROM segnalazione s
WHERE s.stato = 'ATTIVA'
  AND ST_DWithin(s.posizione, ST_SetSRID(ST_MakePoint(?, ?), 4326)::geography, ?)

2026-09-27T15:51:51.167+02:00  INFO 26492 --- [crime-app-backend] [http-nio-8080-exec-8] c.d.c.config.RequestLoggingFilter        : GET /api/segnalazioni/vicine?lat=45.093667266041685&lng=7.684566378593446&raggioMetri=975 -> 200 (6 ms)
2026-09-27T15:51:52.585+02:00 DEBUG 26492 --- [crime-app-backend] [http-nio-8080-exec-9] org.hibernate.SQL                        : SELECT * FROM segnalazione s
WHERE s.stato = 'ATTIVA'
  AND ST_DWithin(s.posizione, ST_SetSRID(ST_MakePoint(?, ?), 4326)::geography, ?)

2026-09-27T15:51:52.589+02:00 DEBUG 26492 --- [crime-app-backend] [http-nio-8080-exec-9] org.hibernate.SQL                        : select c1_0.id,c1_0.attiva,c1_0.descrizione,c1_0.durata_validita_ore,c1_0.icona,c1_0.nome from categoria c1_0 where c1_0.id=?
2026-09-27T15:51:52.591+02:00 DEBUG 26492 --- [crime-app-backend] [http-nio-8080-exec-9] org.hibernate.SQL                        : select c1_0.id,c1_0.attiva,c1_0.descrizione,c1_0.durata_validita_ore,c1_0.icona,c1_0.nome from categoria c1_0 where c1_0.id=?
2026-09-27T15:51:52.593+02:00 DEBUG 26492 --- [crime-app-backend] [http-nio-8080-exec-9] org.hibernate.SQL                        : select c1_0.id,c1_0.attiva,c1_0.descrizione,c1_0.durata_validita_ore,c1_0.icona,c1_0.nome from categoria c1_0 where c1_0.id=?
2026-09-27T15:51:52.597+02:00  INFO 26492 --- [crime-app-backend] [http-nio-8080-exec-9] c.d.c.config.RequestLoggingFilter        : GET /api/segnalazioni/vicine?lat=45.08240358732004&lng=7.6852959394454965&raggioMetri=976 -> 200 (14 ms)
2026-09-27T15:51:56.968+02:00 DEBUG 26492 --- [crime-app-backend] [http-nio-8080-exec-10] org.hibernate.SQL                        : SELECT * FROM segnalazione s
WHERE s.stato = 'ATTIVA'
  AND ST_DWithin(s.posizione, ST_SetSRID(ST_MakePoint(?, ?), 4326)::geography, ?)

2026-09-27T15:51:56.971+02:00  INFO 26492 --- [crime-app-backend] [http-nio-8080-exec-10] c.d.c.config.RequestLoggingFilter        : GET /api/segnalazioni/vicine?lat=45.08236570973758&lng=7.6631730794906625&raggioMetri=976 -> 200 (5 ms)
2026-09-27T15:51:57.801+02:00 DEBUG 26492 --- [crime-app-backend] [http-nio-8080-exec-1] org.hibernate.SQL                        : SELECT * FROM segnalazione s
WHERE s.stato = 'ATTIVA'
  AND ST_DWithin(s.posizione, ST_SetSRID(ST_MakePoint(?, ?), 4326)::geography, ?)

2026-09-27T15:51:57.806+02:00  INFO 26492 --- [crime-app-backend] [http-nio-8080-exec-1] c.d.c.config.RequestLoggingFilter        : GET /api/segnalazioni/vicine?lat=45.082630852287295&lng=7.6630979776382455&raggioMetri=976 -> 200 (8 ms)
2026-09-27T15:52:02.004+02:00 DEBUG 26492 --- [crime-app-backend] [http-nio-8080-exec-2] org.hibernate.SQL                        : SELECT * FROM segnalazione s
WHERE s.stato = 'ATTIVA'
  AND ST_DWithin(s.posizione, ST_SetSRID(ST_MakePoint(?, ?), 4326)::geography, ?)

2026-09-27T15:52:02.007+02:00 DEBUG 26492 --- [crime-app-backend] [http-nio-8080-exec-2] org.hibernate.SQL                        : select c1_0.id,c1_0.attiva,c1_0.descrizione,c1_0.durata_validita_ore,c1_0.icona,c1_0.nome from categoria c1_0 where c1_0.id=?
2026-09-27T15:52:02.009+02:00 DEBUG 26492 --- [crime-app-backend] [http-nio-8080-exec-2] org.hibernate.SQL                        : select c1_0.id,c1_0.attiva,c1_0.descrizione,c1_0.durata_validita_ore,c1_0.icona,c1_0.nome from categoria c1_0 where c1_0.id=?
2026-09-27T15:52:02.010+02:00 DEBUG 26492 --- [crime-app-backend] [http-nio-8080-exec-2] org.hibernate.SQL                        : select c1_0.id,c1_0.attiva,c1_0.descrizione,c1_0.durata_validita_ore,c1_0.icona,c1_0.nome from categoria c1_0 where c1_0.id=?
2026-09-27T15:52:02.014+02:00  INFO 26492 --- [crime-app-backend] [http-nio-8080-exec-2] c.d.c.config.RequestLoggingFilter        : GET /api/segnalazioni/vicine?lat=45.08240358732004&lng=7.6852959394454965&raggioMetri=976 -> 200 (13 ms)
2026-09-27T15:52:03.529+02:00 DEBUG 26492 --- [crime-app-backend] [http-nio-8080-exec-3] org.hibernate.SQL                        : SELECT * FROM segnalazione s
WHERE s.stato = 'ATTIVA'
  AND ST_DWithin(s.posizione, ST_SetSRID(ST_MakePoint(?, ?), 4326)::geography, ?)

2026-09-27T15:52:03.531+02:00 DEBUG 26492 --- [crime-app-backend] [http-nio-8080-exec-3] org.hibernate.SQL                        : select c1_0.id,c1_0.attiva,c1_0.descrizione,c1_0.durata_validita_ore,c1_0.icona,c1_0.nome from categoria c1_0 where c1_0.id=?
2026-09-27T15:52:03.533+02:00 DEBUG 26492 --- [crime-app-backend] [http-nio-8080-exec-3] org.hibernate.SQL                        : select c1_0.id,c1_0.attiva,c1_0.descrizione,c1_0.durata_validita_ore,c1_0.icona,c1_0.nome from categoria c1_0 where c1_0.id=?
2026-09-27T15:52:03.534+02:00 DEBUG 26492 --- [crime-app-backend] [http-nio-8080-exec-3] org.hibernate.SQL                        : select c1_0.id,c1_0.attiva,c1_0.descrizione,c1_0.durata_validita_ore,c1_0.icona,c1_0.nome from categoria c1_0 where c1_0.id=?
2026-09-27T15:52:03.537+02:00  INFO 26492 --- [crime-app-backend] [http-nio-8080-exec-3] c.d.c.config.RequestLoggingFilter        : GET /api/segnalazioni/vicine?lat=45.08208541484704&lng=7.687441706657411&raggioMetri=976 -> 200 (12 ms)
2026-09-27T15:52:14.326+02:00 DEBUG 26492 --- [crime-app-backend] [http-nio-8080-exec-4] org.hibernate.SQL                        : SELECT * FROM segnalazione s
WHERE s.stato = 'ATTIVA'
  AND ST_DWithin(s.posizione, ST_SetSRID(ST_MakePoint(?, ?), 4326)::geography, ?)

2026-09-27T15:52:14.329+02:00 DEBUG 26492 --- [crime-app-backend] [http-nio-8080-exec-4] org.hibernate.SQL                        : select c1_0.id,c1_0.attiva,c1_0.descrizione,c1_0.durata_validita_ore,c1_0.icona,c1_0.nome from categoria c1_0 where c1_0.id=?
2026-09-27T15:52:14.330+02:00 DEBUG 26492 --- [crime-app-backend] [http-nio-8080-exec-4] org.hibernate.SQL                        : select c1_0.id,c1_0.attiva,c1_0.descrizione,c1_0.durata_validita_ore,c1_0.icona,c1_0.nome from categoria c1_0 where c1_0.id=?
2026-09-27T15:52:14.332+02:00 DEBUG 26492 --- [crime-app-backend] [http-nio-8080-exec-4] org.hibernate.SQL                        : select c1_0.id,c1_0.attiva,c1_0.descrizione,c1_0.durata_validita_ore,c1_0.icona,c1_0.nome from categoria c1_0 where c1_0.id=?
2026-09-27T15:52:14.336+02:00  INFO 26492 --- [crime-app-backend] [http-nio-8080-exec-4] c.d.c.config.RequestLoggingFilter        : GET /api/segnalazioni/vicine?lat=45.08208541484704&lng=7.687441706657411&raggioMetri=976 -> 200 (13 ms)
2026-09-27T15:52:16.738+02:00 DEBUG 26492 --- [crime-app-backend] [http-nio-8080-exec-5] org.hibernate.SQL                        : SELECT * FROM segnalazione s
WHERE s.stato = 'ATTIVA'
  AND ST_DWithin(s.posizione, ST_SetSRID(ST_MakePoint(?, ?), 4326)::geography, ?)

2026-09-27T15:52:16.740+02:00 DEBUG 26492 --- [crime-app-backend] [http-nio-8080-exec-5] org.hibernate.SQL                        : select c1_0.id,c1_0.attiva,c1_0.descrizione,c1_0.durata_validita_ore,c1_0.icona,c1_0.nome from categoria c1_0 where c1_0.id=?
2026-09-27T15:52:16.741+02:00 DEBUG 26492 --- [crime-app-backend] [http-nio-8080-exec-5] org.hibernate.SQL                        : select c1_0.id,c1_0.attiva,c1_0.descrizione,c1_0.durata_validita_ore,c1_0.icona,c1_0.nome from categoria c1_0 where c1_0.id=?
2026-09-27T15:52:16.742+02:00 DEBUG 26492 --- [crime-app-backend] [http-nio-8080-exec-5] org.hibernate.SQL                        : select c1_0.id,c1_0.attiva,c1_0.descrizione,c1_0.durata_validita_ore,c1_0.icona,c1_0.nome from categoria c1_0 where c1_0.id=?
2026-09-27T15:52:16.745+02:00  INFO 26492 --- [crime-app-backend] [http-nio-8080-exec-5] c.d.c.config.RequestLoggingFilter        : GET /api/segnalazioni/vicine?lat=45.08208541484704&lng=7.687441706657411&raggioMetri=976 -> 200 (11 ms)
2026-09-27T15:52:18.615+02:00 DEBUG 26492 --- [crime-app-backend] [http-nio-8080-exec-6] org.hibernate.SQL                        : SELECT * FROM segnalazione s
WHERE s.stato = 'ATTIVA'
  AND ST_DWithin(s.posizione, ST_SetSRID(ST_MakePoint(?, ?), 4326)::geography, ?)

2026-09-27T15:52:18.618+02:00 DEBUG 26492 --- [crime-app-backend] [http-nio-8080-exec-6] org.hibernate.SQL                        : select c1_0.id,c1_0.attiva,c1_0.descrizione,c1_0.durata_validita_ore,c1_0.icona,c1_0.nome from categoria c1_0 where c1_0.id=?
2026-09-27T15:52:18.620+02:00 DEBUG 26492 --- [crime-app-backend] [http-nio-8080-exec-6] org.hibernate.SQL                        : select c1_0.id,c1_0.attiva,c1_0.descrizione,c1_0.durata_validita_ore,c1_0.icona,c1_0.nome from categoria c1_0 where c1_0.id=?
2026-09-27T15:52:18.621+02:00 DEBUG 26492 --- [crime-app-backend] [http-nio-8080-exec-6] org.hibernate.SQL                        : select c1_0.id,c1_0.attiva,c1_0.descrizione,c1_0.durata_validita_ore,c1_0.icona,c1_0.nome from categoria c1_0 where c1_0.id=?
2026-09-27T15:52:18.624+02:00  INFO 26492 --- [crime-app-backend] [http-nio-8080-exec-6] c.d.c.config.RequestLoggingFilter        : GET /api/segnalazioni/vicine?lat=45.08208541484704&lng=7.687441706657411&raggioMetri=976 -> 200 (12 ms)
2026-09-27T15:52:21.739+02:00 DEBUG 26492 --- [crime-app-backend] [http-nio-8080-exec-7] org.hibernate.SQL                        : SELECT * FROM segnalazione s
WHERE s.stato = 'ATTIVA'
  AND ST_DWithin(s.posizione, ST_SetSRID(ST_MakePoint(?, ?), 4326)::geography, ?)

2026-09-27T15:52:21.741+02:00 DEBUG 26492 --- [crime-app-backend] [http-nio-8080-exec-7] org.hibernate.SQL                        : select c1_0.id,c1_0.attiva,c1_0.descrizione,c1_0.durata_validita_ore,c1_0.icona,c1_0.nome from categoria c1_0 where c1_0.id=?
2026-09-27T15:52:21.743+02:00 DEBUG 26492 --- [crime-app-backend] [http-nio-8080-exec-7] org.hibernate.SQL                        : select c1_0.id,c1_0.attiva,c1_0.descrizione,c1_0.durata_validita_ore,c1_0.icona,c1_0.nome from categoria c1_0 where c1_0.id=?
2026-09-27T15:52:21.745+02:00 DEBUG 26492 --- [crime-app-backend] [http-nio-8080-exec-7] org.hibernate.SQL                        : select c1_0.id,c1_0.attiva,c1_0.descrizione,c1_0.durata_validita_ore,c1_0.icona,c1_0.nome from categoria c1_0 where c1_0.id=?
2026-09-27T15:52:21.748+02:00  INFO 26492 --- [crime-app-backend] [http-nio-8080-exec-7] c.d.c.config.RequestLoggingFilter        : GET /api/segnalazioni/vicine?lat=45.08208541484704&lng=7.687441706657411&raggioMetri=976 -> 200 (12 ms)
2026-09-27T15:52:23.762+02:00 DEBUG 26492 --- [crime-app-backend] [http-nio-8080-exec-8] org.hibernate.SQL                        : SELECT * FROM segnalazione s
WHERE s.stato = 'ATTIVA'
  AND ST_DWithin(s.posizione, ST_SetSRID(ST_MakePoint(?, ?), 4326)::geography, ?)

2026-09-27T15:52:23.765+02:00 DEBUG 26492 --- [crime-app-backend] [http-nio-8080-exec-8] org.hibernate.SQL                        : select c1_0.id,c1_0.attiva,c1_0.descrizione,c1_0.durata_validita_ore,c1_0.icona,c1_0.nome from categoria c1_0 where c1_0.id=?
2026-09-27T15:52:23.767+02:00 DEBUG 26492 --- [crime-app-backend] [http-nio-8080-exec-8] org.hibernate.SQL                        : select c1_0.id,c1_0.attiva,c1_0.descrizione,c1_0.durata_validita_ore,c1_0.icona,c1_0.nome from categoria c1_0 where c1_0.id=?
2026-09-27T15:52:23.768+02:00 DEBUG 26492 --- [crime-app-backend] [http-nio-8080-exec-8] org.hibernate.SQL                        : select c1_0.id,c1_0.attiva,c1_0.descrizione,c1_0.durata_validita_ore,c1_0.icona,c1_0.nome from categoria c1_0 where c1_0.id=?
2026-09-27T15:52:23.773+02:00  INFO 26492 --- [crime-app-backend] [http-nio-8080-exec-8] c.d.c.config.RequestLoggingFilter        : GET /api/segnalazioni/vicine?lat=45.08208541484704&lng=7.687441706657411&raggioMetri=976 -> 200 (14 ms)
2026-09-27T15:52:24.688+02:00 DEBUG 26492 --- [crime-app-backend] [http-nio-8080-exec-9] org.hibernate.SQL                        : SELECT * FROM segnalazione s
WHERE s.stato = 'ATTIVA'
  AND ST_DWithin(s.posizione, ST_SetSRID(ST_MakePoint(?, ?), 4326)::geography, ?)

2026-09-27T15:52:24.691+02:00 DEBUG 26492 --- [crime-app-backend] [http-nio-8080-exec-9] org.hibernate.SQL                        : select c1_0.id,c1_0.attiva,c1_0.descrizione,c1_0.durata_validita_ore,c1_0.icona,c1_0.nome from categoria c1_0 where c1_0.id=?
2026-09-27T15:52:24.692+02:00 DEBUG 26492 --- [crime-app-backend] [http-nio-8080-exec-9] org.hibernate.SQL                        : select c1_0.id,c1_0.attiva,c1_0.descrizione,c1_0.durata_validita_ore,c1_0.icona,c1_0.nome from categoria c1_0 where c1_0.id=?
2026-09-27T15:52:24.694+02:00 DEBUG 26492 --- [crime-app-backend] [http-nio-8080-exec-9] org.hibernate.SQL                        : select c1_0.id,c1_0.attiva,c1_0.descrizione,c1_0.durata_validita_ore,c1_0.icona,c1_0.nome from categoria c1_0 where c1_0.id=?
2026-09-27T15:52:24.696+02:00  INFO 26492 --- [crime-app-backend] [http-nio-8080-exec-9] c.d.c.config.RequestLoggingFilter        : GET /api/segnalazioni/vicine?lat=45.08208541484704&lng=7.687441706657411&raggioMetri=976 -> 200 (10 ms)
2026-09-27T15:52:28.670+02:00 DEBUG 26492 --- [crime-app-backend] [http-nio-8080-exec-10] org.hibernate.SQL                        : SELECT * FROM segnalazione s
WHERE s.stato = 'ATTIVA'
  AND ST_DWithin(s.posizione, ST_SetSRID(ST_MakePoint(?, ?), 4326)::geography, ?)

2026-09-27T15:52:28.673+02:00 DEBUG 26492 --- [crime-app-backend] [http-nio-8080-exec-10] org.hibernate.SQL                        : select c1_0.id,c1_0.attiva,c1_0.descrizione,c1_0.durata_validita_ore,c1_0.icona,c1_0.nome from categoria c1_0 where c1_0.id=?
2026-09-27T15:52:28.675+02:00 DEBUG 26492 --- [crime-app-backend] [http-nio-8080-exec-10] org.hibernate.SQL                        : select c1_0.id,c1_0.attiva,c1_0.descrizione,c1_0.durata_validita_ore,c1_0.icona,c1_0.nome from categoria c1_0 where c1_0.id=?
2026-09-27T15:52:28.676+02:00 DEBUG 26492 --- [crime-app-backend] [http-nio-8080-exec-10] org.hibernate.SQL                        : select c1_0.id,c1_0.attiva,c1_0.descrizione,c1_0.durata_validita_ore,c1_0.icona,c1_0.nome from categoria c1_0 where c1_0.id=?
2026-09-27T15:52:28.680+02:00  INFO 26492 --- [crime-app-backend] [http-nio-8080-exec-10] c.d.c.config.RequestLoggingFilter        : GET /api/segnalazioni/vicine?lat=45.082267227905724&lng=7.688857913017273&raggioMetri=976 -> 200 (13 ms)
2026-09-27T15:52:29.216+02:00 DEBUG 26492 --- [crime-app-backend] [http-nio-8080-exec-1] org.hibernate.SQL                        : SELECT * FROM segnalazione s
WHERE s.stato = 'ATTIVA'
  AND ST_DWithin(s.posizione, ST_SetSRID(ST_MakePoint(?, ?), 4326)::geography, ?)

2026-09-27T15:52:29.219+02:00 DEBUG 26492 --- [crime-app-backend] [http-nio-8080-exec-1] org.hibernate.SQL                        : select c1_0.id,c1_0.attiva,c1_0.descrizione,c1_0.durata_validita_ore,c1_0.icona,c1_0.nome from categoria c1_0 where c1_0.id=?
2026-09-27T15:52:29.221+02:00 DEBUG 26492 --- [crime-app-backend] [http-nio-8080-exec-1] org.hibernate.SQL                        : select c1_0.id,c1_0.attiva,c1_0.descrizione,c1_0.durata_validita_ore,c1_0.icona,c1_0.nome from categoria c1_0 where c1_0.id=?
2026-09-27T15:52:29.223+02:00 DEBUG 26492 --- [crime-app-backend] [http-nio-8080-exec-1] org.hibernate.SQL                        : select c1_0.id,c1_0.attiva,c1_0.descrizione,c1_0.durata_validita_ore,c1_0.icona,c1_0.nome from categoria c1_0 where c1_0.id=?
2026-09-27T15:52:29.225+02:00  INFO 26492 --- [crime-app-backend] [http-nio-8080-exec-1] c.d.c.config.RequestLoggingFilter        : GET /api/segnalazioni/vicine?lat=45.08227480343728&lng=7.687076926231385&raggioMetri=976 -> 200 (12 ms)
2026-09-27T15:52:29.879+02:00 DEBUG 26492 --- [crime-app-backend] [http-nio-8080-exec-2] org.hibernate.SQL                        : SELECT * FROM segnalazione s
WHERE s.stato = 'ATTIVA'
  AND ST_DWithin(s.posizione, ST_SetSRID(ST_MakePoint(?, ?), 4326)::geography, ?)

2026-09-27T15:52:29.882+02:00 DEBUG 26492 --- [crime-app-backend] [http-nio-8080-exec-2] org.hibernate.SQL                        : select c1_0.id,c1_0.attiva,c1_0.descrizione,c1_0.durata_validita_ore,c1_0.icona,c1_0.nome from categoria c1_0 where c1_0.id=?
2026-09-27T15:52:29.884+02:00 DEBUG 26492 --- [crime-app-backend] [http-nio-8080-exec-2] org.hibernate.SQL                        : select c1_0.id,c1_0.attiva,c1_0.descrizione,c1_0.durata_validita_ore,c1_0.icona,c1_0.nome from categoria c1_0 where c1_0.id=?
2026-09-27T15:52:29.886+02:00 DEBUG 26492 --- [crime-app-backend] [http-nio-8080-exec-2] org.hibernate.SQL                        : select c1_0.id,c1_0.attiva,c1_0.descrizione,c1_0.durata_validita_ore,c1_0.icona,c1_0.nome from categoria c1_0 where c1_0.id=?
2026-09-27T15:52:29.891+02:00  INFO 26492 --- [crime-app-backend] [http-nio-8080-exec-2] c.d.c.config.RequestLoggingFilter        : GET /api/segnalazioni/vicine?lat=45.082373285256075&lng=7.686358094215394&raggioMetri=976 -> 200 (16 ms)
2026-09-27T15:52:31.034+02:00 DEBUG 26492 --- [crime-app-backend] [http-nio-8080-exec-3] org.hibernate.SQL                        : SELECT * FROM segnalazione s
WHERE s.stato = 'ATTIVA'
  AND ST_DWithin(s.posizione, ST_SetSRID(ST_MakePoint(?, ?), 4326)::geography, ?)

2026-09-27T15:52:31.037+02:00 DEBUG 26492 --- [crime-app-backend] [http-nio-8080-exec-3] org.hibernate.SQL                        : select c1_0.id,c1_0.attiva,c1_0.descrizione,c1_0.durata_validita_ore,c1_0.icona,c1_0.nome from categoria c1_0 where c1_0.id=?
2026-09-27T15:52:31.039+02:00 DEBUG 26492 --- [crime-app-backend] [http-nio-8080-exec-3] org.hibernate.SQL                        : select c1_0.id,c1_0.attiva,c1_0.descrizione,c1_0.durata_validita_ore,c1_0.icona,c1_0.nome from categoria c1_0 where c1_0.id=?
2026-09-27T15:52:31.041+02:00 DEBUG 26492 --- [crime-app-backend] [http-nio-8080-exec-3] org.hibernate.SQL                        : select c1_0.id,c1_0.attiva,c1_0.descrizione,c1_0.durata_validita_ore,c1_0.icona,c1_0.nome from categoria c1_0 where c1_0.id=?
2026-09-27T15:52:31.045+02:00  INFO 26492 --- [crime-app-backend] [http-nio-8080-exec-3] c.d.c.config.RequestLoggingFilter        : GET /api/segnalazioni/vicine?lat=45.08208541484704&lng=7.687441706657411&raggioMetri=976 -> 200 (14 ms)
2026-09-27T15:52:32.156+02:00 DEBUG 26492 --- [crime-app-backend] [http-nio-8080-exec-4] org.hibernate.SQL                        : SELECT * FROM segnalazione s
WHERE s.stato = 'ATTIVA'
  AND ST_DWithin(s.posizione, ST_SetSRID(ST_MakePoint(?, ?), 4326)::geography, ?)

2026-09-27T15:52:32.159+02:00 DEBUG 26492 --- [crime-app-backend] [http-nio-8080-exec-4] org.hibernate.SQL                        : select c1_0.id,c1_0.attiva,c1_0.descrizione,c1_0.durata_validita_ore,c1_0.icona,c1_0.nome from categoria c1_0 where c1_0.id=?
2026-09-27T15:52:32.164+02:00 DEBUG 26492 --- [crime-app-backend] [http-nio-8080-exec-4] org.hibernate.SQL                        : select c1_0.id,c1_0.attiva,c1_0.descrizione,c1_0.durata_validita_ore,c1_0.icona,c1_0.nome from categoria c1_0 where c1_0.id=?
2026-09-27T15:52:32.165+02:00 DEBUG 26492 --- [crime-app-backend] [http-nio-8080-exec-4] org.hibernate.SQL                        : select c1_0.id,c1_0.attiva,c1_0.descrizione,c1_0.durata_validita_ore,c1_0.icona,c1_0.nome from categoria c1_0 where c1_0.id=?
2026-09-27T15:52:32.170+02:00  INFO 26492 --- [crime-app-backend] [http-nio-8080-exec-4] c.d.c.config.RequestLoggingFilter        : GET /api/segnalazioni/vicine?lat=45.08200965923517&lng=7.684823870658875&raggioMetri=976 -> 200 (17 ms)
2026-09-27T15:52:33.370+02:00 DEBUG 26492 --- [crime-app-backend] [http-nio-8080-exec-5] org.hibernate.SQL                        : SELECT * FROM segnalazione s
WHERE s.stato = 'ATTIVA'
  AND ST_DWithin(s.posizione, ST_SetSRID(ST_MakePoint(?, ?), 4326)::geography, ?)

2026-09-27T15:52:33.372+02:00 DEBUG 26492 --- [crime-app-backend] [http-nio-8080-exec-5] org.hibernate.SQL                        : select c1_0.id,c1_0.attiva,c1_0.descrizione,c1_0.durata_validita_ore,c1_0.icona,c1_0.nome from categoria c1_0 where c1_0.id=?
2026-09-27T15:52:33.374+02:00 DEBUG 26492 --- [crime-app-backend] [http-nio-8080-exec-5] org.hibernate.SQL                        : select c1_0.id,c1_0.attiva,c1_0.descrizione,c1_0.durata_validita_ore,c1_0.icona,c1_0.nome from categoria c1_0 where c1_0.id=?
2026-09-27T15:52:33.375+02:00 DEBUG 26492 --- [crime-app-backend] [http-nio-8080-exec-5] org.hibernate.SQL                        : select c1_0.id,c1_0.attiva,c1_0.descrizione,c1_0.durata_validita_ore,c1_0.icona,c1_0.nome from categoria c1_0 where c1_0.id=?
2026-09-27T15:52:33.378+02:00  INFO 26492 --- [crime-app-backend] [http-nio-8080-exec-5] c.d.c.config.RequestLoggingFilter        : GET /api/segnalazioni/vicine?lat=45.081820269765984&lng=7.682366967201234&raggioMetri=976 -> 200 (11 ms)
2026-09-27T15:52:34.535+02:00 DEBUG 26492 --- [crime-app-backend] [http-nio-8080-exec-6] org.hibernate.SQL                        : SELECT * FROM segnalazione s
WHERE s.stato = 'ATTIVA'
  AND ST_DWithin(s.posizione, ST_SetSRID(ST_MakePoint(?, ?), 4326)::geography, ?)

2026-09-27T15:52:34.537+02:00 DEBUG 26492 --- [crime-app-backend] [http-nio-8080-exec-6] org.hibernate.SQL                        : select c1_0.id,c1_0.attiva,c1_0.descrizione,c1_0.durata_validita_ore,c1_0.icona,c1_0.nome from categoria c1_0 where c1_0.id=?
2026-09-27T15:52:34.539+02:00 DEBUG 26492 --- [crime-app-backend] [http-nio-8080-exec-6] org.hibernate.SQL                        : select c1_0.id,c1_0.attiva,c1_0.descrizione,c1_0.durata_validita_ore,c1_0.icona,c1_0.nome from categoria c1_0 where c1_0.id=?
2026-09-27T15:52:34.541+02:00 DEBUG 26492 --- [crime-app-backend] [http-nio-8080-exec-6] org.hibernate.SQL                        : select c1_0.id,c1_0.attiva,c1_0.descrizione,c1_0.durata_validita_ore,c1_0.icona,c1_0.nome from categoria c1_0 where c1_0.id=?
2026-09-27T15:52:34.546+02:00  INFO 26492 --- [crime-app-backend] [http-nio-8080-exec-6] c.d.c.config.RequestLoggingFilter        : GET /api/segnalazioni/vicine?lat=45.08192632794608&lng=7.68371880054474&raggioMetri=976 -> 200 (14 ms)
2026-09-27T15:52:37.430+02:00 DEBUG 26492 --- [crime-app-backend] [http-nio-8080-exec-7] org.hibernate.SQL                        : SELECT * FROM segnalazione s
WHERE s.stato = 'ATTIVA'
  AND ST_DWithin(s.posizione, ST_SetSRID(ST_MakePoint(?, ?), 4326)::geography, ?)

2026-09-27T15:52:37.433+02:00 DEBUG 26492 --- [crime-app-backend] [http-nio-8080-exec-7] org.hibernate.SQL                        : select c1_0.id,c1_0.attiva,c1_0.descrizione,c1_0.durata_validita_ore,c1_0.icona,c1_0.nome from categoria c1_0 where c1_0.id=?
2026-09-27T15:52:37.436+02:00 DEBUG 26492 --- [crime-app-backend] [http-nio-8080-exec-7] org.hibernate.SQL                        : select c1_0.id,c1_0.attiva,c1_0.descrizione,c1_0.durata_validita_ore,c1_0.icona,c1_0.nome from categoria c1_0 where c1_0.id=?
2026-09-27T15:52:37.438+02:00 DEBUG 26492 --- [crime-app-backend] [http-nio-8080-exec-7] org.hibernate.SQL                        : select c1_0.id,c1_0.attiva,c1_0.descrizione,c1_0.durata_validita_ore,c1_0.icona,c1_0.nome from categoria c1_0 where c1_0.id=?
2026-09-27T15:52:37.442+02:00  INFO 26492 --- [crime-app-backend] [http-nio-8080-exec-7] c.d.c.config.RequestLoggingFilter        : GET /api/segnalazioni/vicine?lat=45.08208541484704&lng=7.687441706657411&raggioMetri=976 -> 200 (15 ms)
2026-09-27T15:52:39.051+02:00 DEBUG 26492 --- [crime-app-backend] [http-nio-8080-exec-8] org.hibernate.SQL                        : SELECT * FROM segnalazione s
WHERE s.stato = 'ATTIVA'
  AND ST_DWithin(s.posizione, ST_SetSRID(ST_MakePoint(?, ?), 4326)::geography, ?)

2026-09-27T15:52:39.054+02:00 DEBUG 26492 --- [crime-app-backend] [http-nio-8080-exec-8] org.hibernate.SQL                        : select c1_0.id,c1_0.attiva,c1_0.descrizione,c1_0.durata_validita_ore,c1_0.icona,c1_0.nome from categoria c1_0 where c1_0.id=?
2026-09-27T15:52:39.056+02:00 DEBUG 26492 --- [crime-app-backend] [http-nio-8080-exec-8] org.hibernate.SQL                        : select c1_0.id,c1_0.attiva,c1_0.descrizione,c1_0.durata_validita_ore,c1_0.icona,c1_0.nome from categoria c1_0 where c1_0.id=?
2026-09-27T15:52:39.058+02:00 DEBUG 26492 --- [crime-app-backend] [http-nio-8080-exec-8] org.hibernate.SQL                        : select c1_0.id,c1_0.attiva,c1_0.descrizione,c1_0.durata_validita_ore,c1_0.icona,c1_0.nome from categoria c1_0 where c1_0.id=?
2026-09-27T15:52:39.063+02:00  INFO 26492 --- [crime-app-backend] [http-nio-8080-exec-8] c.d.c.config.RequestLoggingFilter        : GET /api/segnalazioni/vicine?lat=45.08203996149198&lng=7.685757279396058&raggioMetri=976 -> 200 (15 ms)
2026-09-27T15:52:42.503+02:00 DEBUG 26492 --- [crime-app-backend] [http-nio-8080-exec-9] org.hibernate.SQL                        : SELECT * FROM segnalazione s
WHERE s.stato = 'ATTIVA'
  AND ST_DWithin(s.posizione, ST_SetSRID(ST_MakePoint(?, ?), 4326)::geography, ?)

2026-09-27T15:52:42.506+02:00 DEBUG 26492 --- [crime-app-backend] [http-nio-8080-exec-9] org.hibernate.SQL                        : select c1_0.id,c1_0.attiva,c1_0.descrizione,c1_0.durata_validita_ore,c1_0.icona,c1_0.nome from categoria c1_0 where c1_0.id=?
2026-09-27T15:52:42.508+02:00 DEBUG 26492 --- [crime-app-backend] [http-nio-8080-exec-9] org.hibernate.SQL                        : select c1_0.id,c1_0.attiva,c1_0.descrizione,c1_0.durata_validita_ore,c1_0.icona,c1_0.nome from categoria c1_0 where c1_0.id=?
2026-09-27T15:52:42.510+02:00 DEBUG 26492 --- [crime-app-backend] [http-nio-8080-exec-9] org.hibernate.SQL                        : select c1_0.id,c1_0.attiva,c1_0.descrizione,c1_0.durata_validita_ore,c1_0.icona,c1_0.nome from categoria c1_0 where c1_0.id=?
2026-09-27T15:52:42.514+02:00  INFO 26492 --- [crime-app-backend] [http-nio-8080-exec-9] c.d.c.config.RequestLoggingFilter        : GET /api/segnalazioni/vicine?lat=45.082092990402714&lng=7.6856714487075815&raggioMetri=976 -> 200 (14 ms)
2026-09-27T15:52:44.964+02:00 DEBUG 26492 --- [crime-app-backend] [http-nio-8080-exec-10] org.hibernate.SQL                        : SELECT * FROM segnalazione s
WHERE s.stato = 'ATTIVA'
  AND ST_DWithin(s.posizione, ST_SetSRID(ST_MakePoint(?, ?), 4326)::geography, ?)

2026-09-27T15:52:44.967+02:00 DEBUG 26492 --- [crime-app-backend] [http-nio-8080-exec-10] org.hibernate.SQL                        : select c1_0.id,c1_0.attiva,c1_0.descrizione,c1_0.durata_validita_ore,c1_0.icona,c1_0.nome from categoria c1_0 where c1_0.id=?
2026-09-27T15:52:44.969+02:00 DEBUG 26492 --- [crime-app-backend] [http-nio-8080-exec-10] org.hibernate.SQL                        : select c1_0.id,c1_0.attiva,c1_0.descrizione,c1_0.durata_validita_ore,c1_0.icona,c1_0.nome from categoria c1_0 where c1_0.id=?
2026-09-27T15:52:44.971+02:00 DEBUG 26492 --- [crime-app-backend] [http-nio-8080-exec-10] org.hibernate.SQL                        : select c1_0.id,c1_0.attiva,c1_0.descrizione,c1_0.durata_validita_ore,c1_0.icona,c1_0.nome from categoria c1_0 where c1_0.id=?
2026-09-27T15:52:44.974+02:00  INFO 26492 --- [crime-app-backend] [http-nio-8080-exec-10] c.d.c.config.RequestLoggingFilter        : GET /api/segnalazioni/vicine?lat=45.08243388936789&lng=7.678408026695252&raggioMetri=976 -> 200 (13 ms)
2026-09-27T15:52:47.629+02:00 DEBUG 26492 --- [crime-app-backend] [http-nio-8080-exec-1] org.hibernate.SQL                        : SELECT * FROM segnalazione s
WHERE s.stato = 'ATTIVA'
  AND ST_DWithin(s.posizione, ST_SetSRID(ST_MakePoint(?, ?), 4326)::geography, ?)

2026-09-27T15:52:47.631+02:00 DEBUG 26492 --- [crime-app-backend] [http-nio-8080-exec-1] org.hibernate.SQL                        : select c1_0.id,c1_0.attiva,c1_0.descrizione,c1_0.durata_validita_ore,c1_0.icona,c1_0.nome from categoria c1_0 where c1_0.id=?
2026-09-27T15:52:47.633+02:00 DEBUG 26492 --- [crime-app-backend] [http-nio-8080-exec-1] org.hibernate.SQL                        : select c1_0.id,c1_0.attiva,c1_0.descrizione,c1_0.durata_validita_ore,c1_0.icona,c1_0.nome from categoria c1_0 where c1_0.id=?
2026-09-27T15:52:47.635+02:00 DEBUG 26492 --- [crime-app-backend] [http-nio-8080-exec-1] org.hibernate.SQL                        : select c1_0.id,c1_0.attiva,c1_0.descrizione,c1_0.durata_validita_ore,c1_0.icona,c1_0.nome from categoria c1_0 where c1_0.id=?
2026-09-27T15:52:47.638+02:00  INFO 26492 --- [crime-app-backend] [http-nio-8080-exec-1] c.d.c.config.RequestLoggingFilter        : GET /api/segnalazioni/vicine?lat=45.08050210166961&lng=7.680564522743226&raggioMetri=976 -> 200 (11 ms)
2026-09-27T15:52:52.622+02:00 DEBUG 26492 --- [crime-app-backend] [http-nio-8080-exec-2] org.hibernate.SQL                        : SELECT * FROM segnalazione s
WHERE s.stato = 'ATTIVA'
  AND ST_DWithin(s.posizione, ST_SetSRID(ST_MakePoint(?, ?), 4326)::geography, ?)

2026-09-27T15:52:52.624+02:00 DEBUG 26492 --- [crime-app-backend] [http-nio-8080-exec-2] org.hibernate.SQL                        : select c1_0.id,c1_0.attiva,c1_0.descrizione,c1_0.durata_validita_ore,c1_0.icona,c1_0.nome from categoria c1_0 where c1_0.id=?
2026-09-27T15:52:52.626+02:00 DEBUG 26492 --- [crime-app-backend] [http-nio-8080-exec-2] org.hibernate.SQL                        : select c1_0.id,c1_0.attiva,c1_0.descrizione,c1_0.durata_validita_ore,c1_0.icona,c1_0.nome from categoria c1_0 where c1_0.id=?
2026-09-27T15:52:52.627+02:00 DEBUG 26492 --- [crime-app-backend] [http-nio-8080-exec-2] org.hibernate.SQL                        : select c1_0.id,c1_0.attiva,c1_0.descrizione,c1_0.durata_validita_ore,c1_0.icona,c1_0.nome from categoria c1_0 where c1_0.id=?
2026-09-27T15:52:52.630+02:00  INFO 26492 --- [crime-app-backend] [http-nio-8080-exec-2] c.d.c.config.RequestLoggingFilter        : GET /api/segnalazioni/vicine?lat=45.08584276714342&lng=7.686057686805726&raggioMetri=976 -> 200 (11 ms)
2026-09-27T15:52:56.490+02:00 DEBUG 26492 --- [crime-app-backend] [http-nio-8080-exec-3] org.hibernate.SQL                        : SELECT * FROM segnalazione s
WHERE s.stato = 'ATTIVA'
  AND ST_DWithin(s.posizione, ST_SetSRID(ST_MakePoint(?, ?), 4326)::geography, ?)

2026-09-27T15:52:56.498+02:00 DEBUG 26492 --- [crime-app-backend] [http-nio-8080-exec-3] org.hibernate.SQL                        : select c1_0.id,c1_0.attiva,c1_0.descrizione,c1_0.durata_validita_ore,c1_0.icona,c1_0.nome from categoria c1_0 where c1_0.id=?
2026-09-27T15:52:56.500+02:00 DEBUG 26492 --- [crime-app-backend] [http-nio-8080-exec-3] org.hibernate.SQL                        : select c1_0.id,c1_0.attiva,c1_0.descrizione,c1_0.durata_validita_ore,c1_0.icona,c1_0.nome from categoria c1_0 where c1_0.id=?
2026-09-27T15:52:56.502+02:00 DEBUG 26492 --- [crime-app-backend] [http-nio-8080-exec-3] org.hibernate.SQL                        : select c1_0.id,c1_0.attiva,c1_0.descrizione,c1_0.durata_validita_ore,c1_0.icona,c1_0.nome from categoria c1_0 where c1_0.id=?
2026-09-27T15:52:56.508+02:00  INFO 26492 --- [crime-app-backend] [http-nio-8080-exec-3] c.d.c.config.RequestLoggingFilter        : GET /api/segnalazioni/vicine?lat=45.08604729334145&lng=7.685971856117249&raggioMetri=976 -> 200 (21 ms)
2026-09-27T15:52:57.506+02:00 DEBUG 26492 --- [crime-app-backend] [http-nio-8080-exec-4] org.hibernate.SQL                        : SELECT * FROM segnalazione s
WHERE s.stato = 'ATTIVA'
  AND ST_DWithin(s.posizione, ST_SetSRID(ST_MakePoint(?, ?), 4326)::geography, ?)

2026-09-27T15:52:57.508+02:00 DEBUG 26492 --- [crime-app-backend] [http-nio-8080-exec-4] org.hibernate.SQL                        : select c1_0.id,c1_0.attiva,c1_0.descrizione,c1_0.durata_validita_ore,c1_0.icona,c1_0.nome from categoria c1_0 where c1_0.id=?
2026-09-27T15:52:57.510+02:00 DEBUG 26492 --- [crime-app-backend] [http-nio-8080-exec-4] org.hibernate.SQL                        : select c1_0.id,c1_0.attiva,c1_0.descrizione,c1_0.durata_validita_ore,c1_0.icona,c1_0.nome from categoria c1_0 where c1_0.id=?
2026-09-27T15:52:57.511+02:00 DEBUG 26492 --- [crime-app-backend] [http-nio-8080-exec-4] org.hibernate.SQL                        : select c1_0.id,c1_0.attiva,c1_0.descrizione,c1_0.durata_validita_ore,c1_0.icona,c1_0.nome from categoria c1_0 where c1_0.id=?
2026-09-27T15:52:57.514+02:00  INFO 26492 --- [crime-app-backend] [http-nio-8080-exec-4] c.d.c.config.RequestLoggingFilter        : GET /api/segnalazioni/vicine?lat=45.08604729334145&lng=7.685971856117249&raggioMetri=976 -> 200 (12 ms)
2026-09-27T15:53:04.779+02:00 DEBUG 26492 --- [crime-app-backend] [http-nio-8080-exec-5] org.hibernate.SQL                        : SELECT * FROM segnalazione s
WHERE s.stato = 'ATTIVA'
  AND ST_DWithin(s.posizione, ST_SetSRID(ST_MakePoint(?, ?), 4326)::geography, ?)

2026-09-27T15:53:04.782+02:00 DEBUG 26492 --- [crime-app-backend] [http-nio-8080-exec-5] org.hibernate.SQL                        : select c1_0.id,c1_0.attiva,c1_0.descrizione,c1_0.durata_validita_ore,c1_0.icona,c1_0.nome from categoria c1_0 where c1_0.id=?
2026-09-27T15:53:04.784+02:00 DEBUG 26492 --- [crime-app-backend] [http-nio-8080-exec-5] org.hibernate.SQL                        : select c1_0.id,c1_0.attiva,c1_0.descrizione,c1_0.durata_validita_ore,c1_0.icona,c1_0.nome from categoria c1_0 where c1_0.id=?
2026-09-27T15:53:04.785+02:00 DEBUG 26492 --- [crime-app-backend] [http-nio-8080-exec-5] org.hibernate.SQL                        : select c1_0.id,c1_0.attiva,c1_0.descrizione,c1_0.durata_validita_ore,c1_0.icona,c1_0.nome from categoria c1_0 where c1_0.id=?
2026-09-27T15:53:04.788+02:00  INFO 26492 --- [crime-app-backend] [http-nio-8080-exec-5] c.d.c.config.RequestLoggingFilter        : GET /api/segnalazioni/vicine?lat=45.082805088149954&lng=7.681991457939149&raggioMetri=976 -> 200 (11 ms)
2026-09-27T15:53:05.486+02:00 DEBUG 26492 --- [crime-app-backend] [http-nio-8080-exec-6] org.hibernate.SQL                        : SELECT * FROM segnalazione s
WHERE s.stato = 'ATTIVA'
  AND ST_DWithin(s.posizione, ST_SetSRID(ST_MakePoint(?, ?), 4326)::geography, ?)

2026-09-27T15:53:05.488+02:00 DEBUG 26492 --- [crime-app-backend] [http-nio-8080-exec-6] org.hibernate.SQL                        : select c1_0.id,c1_0.attiva,c1_0.descrizione,c1_0.durata_validita_ore,c1_0.icona,c1_0.nome from categoria c1_0 where c1_0.id=?
2026-09-27T15:53:05.490+02:00 DEBUG 26492 --- [crime-app-backend] [http-nio-8080-exec-6] org.hibernate.SQL                        : select c1_0.id,c1_0.attiva,c1_0.descrizione,c1_0.durata_validita_ore,c1_0.icona,c1_0.nome from categoria c1_0 where c1_0.id=?
2026-09-27T15:53:05.490+02:00 DEBUG 26492 --- [crime-app-backend] [http-nio-8080-exec-6] org.hibernate.SQL                        : select c1_0.id,c1_0.attiva,c1_0.descrizione,c1_0.durata_validita_ore,c1_0.icona,c1_0.nome from categoria c1_0 where c1_0.id=?
2026-09-27T15:53:05.496+02:00  INFO 26492 --- [crime-app-backend] [http-nio-8080-exec-6] c.d.c.config.RequestLoggingFilter        : GET /api/segnalazioni/vicine?lat=45.084888301870144&lng=7.685113549232484&raggioMetri=976 -> 200 (11 ms)
2026-09-27T15:53:13.455+02:00 DEBUG 26492 --- [crime-app-backend] [http-nio-8080-exec-7] org.hibernate.SQL                        : SELECT * FROM segnalazione s
WHERE s.stato = 'ATTIVA'
  AND ST_DWithin(s.posizione, ST_SetSRID(ST_MakePoint(?, ?), 4326)::geography, ?)

2026-09-27T15:53:13.457+02:00 DEBUG 26492 --- [crime-app-backend] [http-nio-8080-exec-7] org.hibernate.SQL                        : select c1_0.id,c1_0.attiva,c1_0.descrizione,c1_0.durata_validita_ore,c1_0.icona,c1_0.nome from categoria c1_0 where c1_0.id=?
2026-09-27T15:53:13.458+02:00 DEBUG 26492 --- [crime-app-backend] [http-nio-8080-exec-7] org.hibernate.SQL                        : select c1_0.id,c1_0.attiva,c1_0.descrizione,c1_0.durata_validita_ore,c1_0.icona,c1_0.nome from categoria c1_0 where c1_0.id=?
2026-09-27T15:53:13.460+02:00 DEBUG 26492 --- [crime-app-backend] [http-nio-8080-exec-7] org.hibernate.SQL                        : select c1_0.id,c1_0.attiva,c1_0.descrizione,c1_0.durata_validita_ore,c1_0.icona,c1_0.nome from categoria c1_0 where c1_0.id=?
2026-09-27T15:53:13.463+02:00  INFO 26492 --- [crime-app-backend] [http-nio-8080-exec-7] c.d.c.config.RequestLoggingFilter        : GET /api/segnalazioni/vicine?lat=45.08369898552368&lng=7.686379551887513&raggioMetri=976 -> 200 (11 ms)
2026-09-27T15:53:14.183+02:00 DEBUG 26492 --- [crime-app-backend] [scheduling-1] org.hibernate.SQL                        : select s1_0.id,s1_0.anonima,s1_0.autore_id,s1_0.categoria_id,s1_0.data_creazione,s1_0.data_rimozione,s1_0.data_scadenza,s1_0.data_ultima_conferma,s1_0.descrizione,s1_0.posizione,s1_0.stato from segnalazione s1_0 where s1_0.stato=? and s1_0.data_scadenza<?
2026-09-27T15:53:16.362+02:00 DEBUG 26492 --- [crime-app-backend] [http-nio-8080-exec-8] org.hibernate.SQL                        : SELECT * FROM segnalazione s
WHERE s.stato = 'ATTIVA'
  AND ST_DWithin(s.posizione, ST_SetSRID(ST_MakePoint(?, ?), 4326)::geography, ?)

2026-09-27T15:53:16.365+02:00 DEBUG 26492 --- [crime-app-backend] [http-nio-8080-exec-8] org.hibernate.SQL                        : select c1_0.id,c1_0.attiva,c1_0.descrizione,c1_0.durata_validita_ore,c1_0.icona,c1_0.nome from categoria c1_0 where c1_0.id=?
2026-09-27T15:53:16.366+02:00 DEBUG 26492 --- [crime-app-backend] [http-nio-8080-exec-8] org.hibernate.SQL                        : select c1_0.id,c1_0.attiva,c1_0.descrizione,c1_0.durata_validita_ore,c1_0.icona,c1_0.nome from categoria c1_0 where c1_0.id=?
2026-09-27T15:53:16.370+02:00  INFO 26492 --- [crime-app-backend] [http-nio-8080-exec-8] c.d.c.config.RequestLoggingFilter        : GET /api/segnalazioni/vicine?lat=45.08369898552368&lng=7.686384916305543&raggioMetri=419 -> 200 (10 ms)
2026-09-27T15:53:17.402+02:00 DEBUG 26492 --- [crime-app-backend] [http-nio-8080-exec-9] org.hibernate.SQL                        : SELECT * FROM segnalazione s
WHERE s.stato = 'ATTIVA'
  AND ST_DWithin(s.posizione, ST_SetSRID(ST_MakePoint(?, ?), 4326)::geography, ?)

2026-09-27T15:53:17.404+02:00 DEBUG 26492 --- [crime-app-backend] [http-nio-8080-exec-9] org.hibernate.SQL                        : select c1_0.id,c1_0.attiva,c1_0.descrizione,c1_0.durata_validita_ore,c1_0.icona,c1_0.nome from categoria c1_0 where c1_0.id=?
2026-09-27T15:53:17.405+02:00 DEBUG 26492 --- [crime-app-backend] [http-nio-8080-exec-9] org.hibernate.SQL                        : select c1_0.id,c1_0.attiva,c1_0.descrizione,c1_0.durata_validita_ore,c1_0.icona,c1_0.nome from categoria c1_0 where c1_0.id=?
2026-09-27T15:53:17.407+02:00  INFO 26492 --- [crime-app-backend] [http-nio-8080-exec-9] c.d.c.config.RequestLoggingFilter        : GET /api/segnalazioni/vicine?lat=45.081615728434116&lng=7.685301303863526&raggioMetri=419 -> 200 (8 ms)
2026-09-27T15:53:19.243+02:00 DEBUG 26492 --- [crime-app-backend] [http-nio-8080-exec-10] org.hibernate.SQL                        : SELECT * FROM segnalazione s
WHERE s.stato = 'ATTIVA'
  AND ST_DWithin(s.posizione, ST_SetSRID(ST_MakePoint(?, ?), 4326)::geography, ?)

2026-09-27T15:53:19.245+02:00 DEBUG 26492 --- [crime-app-backend] [http-nio-8080-exec-10] org.hibernate.SQL                        : select c1_0.id,c1_0.attiva,c1_0.descrizione,c1_0.durata_validita_ore,c1_0.icona,c1_0.nome from categoria c1_0 where c1_0.id=?
2026-09-27T15:53:19.246+02:00 DEBUG 26492 --- [crime-app-backend] [http-nio-8080-exec-10] org.hibernate.SQL                        : select c1_0.id,c1_0.attiva,c1_0.descrizione,c1_0.durata_validita_ore,c1_0.icona,c1_0.nome from categoria c1_0 where c1_0.id=?
2026-09-27T15:53:19.249+02:00  INFO 26492 --- [crime-app-backend] [http-nio-8080-exec-10] c.d.c.config.RequestLoggingFilter        : GET /api/segnalazioni/vicine?lat=45.081615728434116&lng=7.685301303863526&raggioMetri=419 -> 200 (9 ms)
2026-09-27T15:53:20.574+02:00 DEBUG 26492 --- [crime-app-backend] [http-nio-8080-exec-1] org.hibernate.SQL                        : SELECT * FROM segnalazione s
WHERE s.stato = 'ATTIVA'
  AND ST_DWithin(s.posizione, ST_SetSRID(ST_MakePoint(?, ?), 4326)::geography, ?)

2026-09-27T15:53:20.577+02:00 DEBUG 26492 --- [crime-app-backend] [http-nio-8080-exec-1] org.hibernate.SQL                        : select c1_0.id,c1_0.attiva,c1_0.descrizione,c1_0.durata_validita_ore,c1_0.icona,c1_0.nome from categoria c1_0 where c1_0.id=?
2026-09-27T15:53:20.579+02:00 DEBUG 26492 --- [crime-app-backend] [http-nio-8080-exec-1] org.hibernate.SQL                        : select c1_0.id,c1_0.attiva,c1_0.descrizione,c1_0.durata_validita_ore,c1_0.icona,c1_0.nome from categoria c1_0 where c1_0.id=?
2026-09-27T15:53:20.583+02:00  INFO 26492 --- [crime-app-backend] [http-nio-8080-exec-1] c.d.c.config.RequestLoggingFilter        : GET /api/segnalazioni/vicine?lat=45.083145982866114&lng=7.685000896453858&raggioMetri=419 -> 200 (11 ms)
2026-09-27T15:53:21.013+02:00 DEBUG 26492 --- [crime-app-backend] [http-nio-8080-exec-2] org.hibernate.SQL                        : SELECT * FROM segnalazione s
WHERE s.stato = 'ATTIVA'
  AND ST_DWithin(s.posizione, ST_SetSRID(ST_MakePoint(?, ?), 4326)::geography, ?)

2026-09-27T15:53:21.016+02:00 DEBUG 26492 --- [crime-app-backend] [http-nio-8080-exec-2] org.hibernate.SQL                        : select c1_0.id,c1_0.attiva,c1_0.descrizione,c1_0.durata_validita_ore,c1_0.icona,c1_0.nome from categoria c1_0 where c1_0.id=?
2026-09-27T15:53:21.017+02:00 DEBUG 26492 --- [crime-app-backend] [http-nio-8080-exec-2] org.hibernate.SQL                        : select c1_0.id,c1_0.attiva,c1_0.descrizione,c1_0.durata_validita_ore,c1_0.icona,c1_0.nome from categoria c1_0 where c1_0.id=?
2026-09-27T15:53:21.020+02:00  INFO 26492 --- [crime-app-backend] [http-nio-8080-exec-2] c.d.c.config.RequestLoggingFilter        : GET /api/segnalazioni/vicine?lat=45.08196420581982&lng=7.687371969223023&raggioMetri=419 -> 200 (8 ms)
2026-09-27T15:53:21.619+02:00 DEBUG 26492 --- [crime-app-backend] [http-nio-8080-exec-3] org.hibernate.SQL                        : SELECT * FROM segnalazione s
WHERE s.stato = 'ATTIVA'
  AND ST_DWithin(s.posizione, ST_SetSRID(ST_MakePoint(?, ?), 4326)::geography, ?)

2026-09-27T15:53:21.621+02:00 DEBUG 26492 --- [crime-app-backend] [http-nio-8080-exec-3] org.hibernate.SQL                        : select c1_0.id,c1_0.attiva,c1_0.descrizione,c1_0.durata_validita_ore,c1_0.icona,c1_0.nome from categoria c1_0 where c1_0.id=?
2026-09-27T15:53:21.622+02:00 DEBUG 26492 --- [crime-app-backend] [http-nio-8080-exec-3] org.hibernate.SQL                        : select c1_0.id,c1_0.attiva,c1_0.descrizione,c1_0.durata_validita_ore,c1_0.icona,c1_0.nome from categoria c1_0 where c1_0.id=?
2026-09-27T15:53:21.625+02:00  INFO 26492 --- [crime-app-backend] [http-nio-8080-exec-3] c.d.c.config.RequestLoggingFilter        : GET /api/segnalazioni/vicine?lat=45.08122937058708&lng=7.685290575027467&raggioMetri=419 -> 200 (9 ms)
2026-09-27T15:53:21.995+02:00 DEBUG 26492 --- [crime-app-backend] [http-nio-8080-exec-4] org.hibernate.SQL                        : SELECT * FROM segnalazione s
WHERE s.stato = 'ATTIVA'
  AND ST_DWithin(s.posizione, ST_SetSRID(ST_MakePoint(?, ?), 4326)::geography, ?)

2026-09-27T15:53:21.997+02:00 DEBUG 26492 --- [crime-app-backend] [http-nio-8080-exec-4] org.hibernate.SQL                        : select c1_0.id,c1_0.attiva,c1_0.descrizione,c1_0.durata_validita_ore,c1_0.icona,c1_0.nome from categoria c1_0 where c1_0.id=?
2026-09-27T15:53:21.998+02:00 DEBUG 26492 --- [crime-app-backend] [http-nio-8080-exec-4] org.hibernate.SQL                        : select c1_0.id,c1_0.attiva,c1_0.descrizione,c1_0.durata_validita_ore,c1_0.icona,c1_0.nome from categoria c1_0 where c1_0.id=?
2026-09-27T15:53:21.999+02:00 DEBUG 26492 --- [crime-app-backend] [http-nio-8080-exec-4] org.hibernate.SQL                        : select c1_0.id,c1_0.attiva,c1_0.descrizione,c1_0.durata_validita_ore,c1_0.icona,c1_0.nome from categoria c1_0 where c1_0.id=?
2026-09-27T15:53:22.002+02:00  INFO 26492 --- [crime-app-backend] [http-nio-8080-exec-4] c.d.c.config.RequestLoggingFilter        : GET /api/segnalazioni/vicine?lat=45.080335434572184&lng=7.6843464374542245&raggioMetri=419 -> 200 (13 ms)
2026-09-27T15:53:22.507+02:00 DEBUG 26492 --- [crime-app-backend] [http-nio-8080-exec-5] org.hibernate.SQL                        : SELECT * FROM segnalazione s
WHERE s.stato = 'ATTIVA'
  AND ST_DWithin(s.posizione, ST_SetSRID(ST_MakePoint(?, ?), 4326)::geography, ?)

2026-09-27T15:53:22.509+02:00 DEBUG 26492 --- [crime-app-backend] [http-nio-8080-exec-5] org.hibernate.SQL                        : select c1_0.id,c1_0.attiva,c1_0.descrizione,c1_0.durata_validita_ore,c1_0.icona,c1_0.nome from categoria c1_0 where c1_0.id=?
2026-09-27T15:53:22.510+02:00 DEBUG 26492 --- [crime-app-backend] [http-nio-8080-exec-5] org.hibernate.SQL                        : select c1_0.id,c1_0.attiva,c1_0.descrizione,c1_0.durata_validita_ore,c1_0.icona,c1_0.nome from categoria c1_0 where c1_0.id=?
2026-09-27T15:53:22.512+02:00 DEBUG 26492 --- [crime-app-backend] [http-nio-8080-exec-5] org.hibernate.SQL                        : select c1_0.id,c1_0.attiva,c1_0.descrizione,c1_0.durata_validita_ore,c1_0.icona,c1_0.nome from categoria c1_0 where c1_0.id=?
2026-09-27T15:53:22.515+02:00  INFO 26492 --- [crime-app-backend] [http-nio-8080-exec-5] c.d.c.config.RequestLoggingFilter        : GET /api/segnalazioni/vicine?lat=45.07990740093526&lng=7.684013843536378&raggioMetri=838 -> 200 (10 ms)
2026-09-27T15:53:23.746+02:00 DEBUG 26492 --- [crime-app-backend] [http-nio-8080-exec-6] org.hibernate.SQL                        : SELECT * FROM segnalazione s
WHERE s.stato = 'ATTIVA'
  AND ST_DWithin(s.posizione, ST_SetSRID(ST_MakePoint(?, ?), 4326)::geography, ?)

2026-09-27T15:53:23.748+02:00 DEBUG 26492 --- [crime-app-backend] [http-nio-8080-exec-6] org.hibernate.SQL                        : select c1_0.id,c1_0.attiva,c1_0.descrizione,c1_0.durata_validita_ore,c1_0.icona,c1_0.nome from categoria c1_0 where c1_0.id=?
2026-09-27T15:53:23.750+02:00 DEBUG 26492 --- [crime-app-backend] [http-nio-8080-exec-6] org.hibernate.SQL                        : select c1_0.id,c1_0.attiva,c1_0.descrizione,c1_0.durata_validita_ore,c1_0.icona,c1_0.nome from categoria c1_0 where c1_0.id=?
2026-09-27T15:53:23.751+02:00 DEBUG 26492 --- [crime-app-backend] [http-nio-8080-exec-6] org.hibernate.SQL                        : select c1_0.id,c1_0.attiva,c1_0.descrizione,c1_0.durata_validita_ore,c1_0.icona,c1_0.nome from categoria c1_0 where c1_0.id=?
2026-09-27T15:53:23.755+02:00  INFO 26492 --- [crime-app-backend] [http-nio-8080-exec-6] c.d.c.config.RequestLoggingFilter        : GET /api/segnalazioni/vicine?lat=45.0798430062168&lng=7.685097455978394&raggioMetri=419 -> 200 (12 ms)
2026-09-27T15:53:24.830+02:00 DEBUG 26492 --- [crime-app-backend] [http-nio-8080-exec-7] org.hibernate.SQL                        : SELECT * FROM segnalazione s
WHERE s.stato = 'ATTIVA'
  AND ST_DWithin(s.posizione, ST_SetSRID(ST_MakePoint(?, ?), 4326)::geography, ?)

2026-09-27T15:53:24.832+02:00 DEBUG 26492 --- [crime-app-backend] [http-nio-8080-exec-7] org.hibernate.SQL                        : select c1_0.id,c1_0.attiva,c1_0.descrizione,c1_0.durata_validita_ore,c1_0.icona,c1_0.nome from categoria c1_0 where c1_0.id=?
2026-09-27T15:53:24.834+02:00 DEBUG 26492 --- [crime-app-backend] [http-nio-8080-exec-7] org.hibernate.SQL                        : select c1_0.id,c1_0.attiva,c1_0.descrizione,c1_0.durata_validita_ore,c1_0.icona,c1_0.nome from categoria c1_0 where c1_0.id=?
2026-09-27T15:53:24.837+02:00  INFO 26492 --- [crime-app-backend] [http-nio-8080-exec-7] c.d.c.config.RequestLoggingFilter        : GET /api/segnalazioni/vicine?lat=45.08240358732004&lng=7.685301303863526&raggioMetri=419 -> 200 (10 ms)
2026-09-27T15:53:26.819+02:00 DEBUG 26492 --- [crime-app-backend] [http-nio-8080-exec-8] org.hibernate.SQL                        : SELECT * FROM segnalazione s
WHERE s.stato = 'ATTIVA'
  AND ST_DWithin(s.posizione, ST_SetSRID(ST_MakePoint(?, ?), 4326)::geography, ?)

2026-09-27T15:53:26.821+02:00 DEBUG 26492 --- [crime-app-backend] [http-nio-8080-exec-8] org.hibernate.SQL                        : select c1_0.id,c1_0.attiva,c1_0.descrizione,c1_0.durata_validita_ore,c1_0.icona,c1_0.nome from categoria c1_0 where c1_0.id=?
2026-09-27T15:53:26.822+02:00 DEBUG 26492 --- [crime-app-backend] [http-nio-8080-exec-8] org.hibernate.SQL                        : select c1_0.id,c1_0.attiva,c1_0.descrizione,c1_0.durata_validita_ore,c1_0.icona,c1_0.nome from categoria c1_0 where c1_0.id=?
2026-09-27T15:53:26.826+02:00  INFO 26492 --- [crime-app-backend] [http-nio-8080-exec-8] c.d.c.config.RequestLoggingFilter        : GET /api/segnalazioni/vicine?lat=45.081615728434116&lng=7.685301303863526&raggioMetri=419 -> 200 (11 ms)
2026-09-27T15:53:28.422+02:00 DEBUG 26492 --- [crime-app-backend] [http-nio-8080-exec-9] org.hibernate.SQL                        : SELECT * FROM segnalazione s
WHERE s.stato = 'ATTIVA'
  AND ST_DWithin(s.posizione, ST_SetSRID(ST_MakePoint(?, ?), 4326)::geography, ?)

2026-09-27T15:53:28.425+02:00 DEBUG 26492 --- [crime-app-backend] [http-nio-8080-exec-9] org.hibernate.SQL                        : select c1_0.id,c1_0.attiva,c1_0.descrizione,c1_0.durata_validita_ore,c1_0.icona,c1_0.nome from categoria c1_0 where c1_0.id=?
2026-09-27T15:53:28.427+02:00 DEBUG 26492 --- [crime-app-backend] [http-nio-8080-exec-9] org.hibernate.SQL                        : select c1_0.id,c1_0.attiva,c1_0.descrizione,c1_0.durata_validita_ore,c1_0.icona,c1_0.nome from categoria c1_0 where c1_0.id=?
2026-09-27T15:53:28.431+02:00  INFO 26492 --- [crime-app-backend] [http-nio-8080-exec-9] c.d.c.config.RequestLoggingFilter        : GET /api/segnalazioni/vicine?lat=45.08162330405207&lng=7.6865458488464355&raggioMetri=419 -> 200 (11 ms)
2026-09-27T15:53:29.584+02:00 DEBUG 26492 --- [crime-app-backend] [http-nio-8080-exec-10] org.hibernate.SQL                        : SELECT * FROM segnalazione s
WHERE s.stato = 'ATTIVA'
  AND ST_DWithin(s.posizione, ST_SetSRID(ST_MakePoint(?, ?), 4326)::geography, ?)

2026-09-27T15:53:29.586+02:00 DEBUG 26492 --- [crime-app-backend] [http-nio-8080-exec-10] org.hibernate.SQL                        : select c1_0.id,c1_0.attiva,c1_0.descrizione,c1_0.durata_validita_ore,c1_0.icona,c1_0.nome from categoria c1_0 where c1_0.id=?
2026-09-27T15:53:29.588+02:00 DEBUG 26492 --- [crime-app-backend] [http-nio-8080-exec-10] org.hibernate.SQL                        : select c1_0.id,c1_0.attiva,c1_0.descrizione,c1_0.durata_validita_ore,c1_0.icona,c1_0.nome from categoria c1_0 where c1_0.id=?
2026-09-27T15:53:29.590+02:00  INFO 26492 --- [crime-app-backend] [http-nio-8080-exec-10] c.d.c.config.RequestLoggingFilter        : GET /api/segnalazioni/vicine?lat=45.081615728434116&lng=7.685354948043824&raggioMetri=419 -> 200 (8 ms)
2026-09-27T15:53:30.504+02:00 DEBUG 26492 --- [crime-app-backend] [http-nio-8080-exec-1] org.hibernate.SQL                        : SELECT * FROM segnalazione s
WHERE s.stato = 'ATTIVA'
  AND ST_DWithin(s.posizione, ST_SetSRID(ST_MakePoint(?, ?), 4326)::geography, ?)

2026-09-27T15:53:30.506+02:00 DEBUG 26492 --- [crime-app-backend] [http-nio-8080-exec-1] org.hibernate.SQL                        : select c1_0.id,c1_0.attiva,c1_0.descrizione,c1_0.durata_validita_ore,c1_0.icona,c1_0.nome from categoria c1_0 where c1_0.id=?
2026-09-27T15:53:30.508+02:00 DEBUG 26492 --- [crime-app-backend] [http-nio-8080-exec-1] org.hibernate.SQL                        : select c1_0.id,c1_0.attiva,c1_0.descrizione,c1_0.durata_validita_ore,c1_0.icona,c1_0.nome from categoria c1_0 where c1_0.id=?
2026-09-27T15:53:30.510+02:00  INFO 26492 --- [crime-app-backend] [http-nio-8080-exec-1] c.d.c.config.RequestLoggingFilter        : GET /api/segnalazioni/vicine?lat=45.08274448443192&lng=7.683938741683961&raggioMetri=419 -> 200 (8 ms)
2026-09-27T15:53:31.068+02:00 DEBUG 26492 --- [crime-app-backend] [http-nio-8080-exec-2] org.hibernate.SQL                        : SELECT * FROM segnalazione s
WHERE s.stato = 'ATTIVA'
  AND ST_DWithin(s.posizione, ST_SetSRID(ST_MakePoint(?, ?), 4326)::geography, ?)

2026-09-27T15:53:31.071+02:00 DEBUG 26492 --- [crime-app-backend] [http-nio-8080-exec-2] org.hibernate.SQL                        : select c1_0.id,c1_0.attiva,c1_0.descrizione,c1_0.durata_validita_ore,c1_0.icona,c1_0.nome from categoria c1_0 where c1_0.id=?
2026-09-27T15:53:31.072+02:00 DEBUG 26492 --- [crime-app-backend] [http-nio-8080-exec-2] org.hibernate.SQL                        : select c1_0.id,c1_0.attiva,c1_0.descrizione,c1_0.durata_validita_ore,c1_0.icona,c1_0.nome from categoria c1_0 where c1_0.id=?
2026-09-27T15:53:31.075+02:00  INFO 26492 --- [crime-app-backend] [http-nio-8080-exec-2] c.d.c.config.RequestLoggingFilter        : GET /api/segnalazioni/vicine?lat=45.08316870910821&lng=7.682908773422242&raggioMetri=419 -> 200 (10 ms)
2026-09-27T15:53:31.693+02:00 DEBUG 26492 --- [crime-app-backend] [http-nio-8080-exec-3] org.hibernate.SQL                        : SELECT * FROM segnalazione s
WHERE s.stato = 'ATTIVA'
  AND ST_DWithin(s.posizione, ST_SetSRID(ST_MakePoint(?, ?), 4326)::geography, ?)

2026-09-27T15:53:31.697+02:00 DEBUG 26492 --- [crime-app-backend] [http-nio-8080-exec-3] org.hibernate.SQL                        : select c1_0.id,c1_0.attiva,c1_0.descrizione,c1_0.durata_validita_ore,c1_0.icona,c1_0.nome from categoria c1_0 where c1_0.id=?
2026-09-27T15:53:31.700+02:00 DEBUG 26492 --- [crime-app-backend] [http-nio-8080-exec-3] org.hibernate.SQL                        : select c1_0.id,c1_0.attiva,c1_0.descrizione,c1_0.durata_validita_ore,c1_0.icona,c1_0.nome from categoria c1_0 where c1_0.id=?
2026-09-27T15:53:31.704+02:00  INFO 26492 --- [crime-app-backend] [http-nio-8080-exec-3] c.d.c.config.RequestLoggingFilter        : GET /api/segnalazioni/vicine?lat=45.08258539936616&lng=7.683305740356446&raggioMetri=419 -> 200 (14 ms)
2026-09-27T15:53:32.257+02:00 DEBUG 26492 --- [crime-app-backend] [http-nio-8080-exec-4] org.hibernate.SQL                        : SELECT * FROM segnalazione s
WHERE s.stato = 'ATTIVA'
  AND ST_DWithin(s.posizione, ST_SetSRID(ST_MakePoint(?, ?), 4326)::geography, ?)

2026-09-27T15:53:32.259+02:00 DEBUG 26492 --- [crime-app-backend] [http-nio-8080-exec-4] org.hibernate.SQL                        : select c1_0.id,c1_0.attiva,c1_0.descrizione,c1_0.durata_validita_ore,c1_0.icona,c1_0.nome from categoria c1_0 where c1_0.id=?
2026-09-27T15:53:32.261+02:00 DEBUG 26492 --- [crime-app-backend] [http-nio-8080-exec-4] org.hibernate.SQL                        : select c1_0.id,c1_0.attiva,c1_0.descrizione,c1_0.durata_validita_ore,c1_0.icona,c1_0.nome from categoria c1_0 where c1_0.id=?
2026-09-27T15:53:32.265+02:00  INFO 26492 --- [crime-app-backend] [http-nio-8080-exec-4] c.d.c.config.RequestLoggingFilter        : GET /api/segnalazioni/vicine?lat=45.081615728434116&lng=7.685301303863526&raggioMetri=419 -> 200 (11 ms)
2026-09-27T15:53:33.601+02:00 DEBUG 26492 --- [crime-app-backend] [http-nio-8080-exec-5] org.hibernate.SQL                        : SELECT * FROM segnalazione s
WHERE s.stato = 'ATTIVA'
  AND ST_DWithin(s.posizione, ST_SetSRID(ST_MakePoint(?, ?), 4326)::geography, ?)

2026-09-27T15:53:33.603+02:00 DEBUG 26492 --- [crime-app-backend] [http-nio-8080-exec-5] org.hibernate.SQL                        : select c1_0.id,c1_0.attiva,c1_0.descrizione,c1_0.durata_validita_ore,c1_0.icona,c1_0.nome from categoria c1_0 where c1_0.id=?
2026-09-27T15:53:33.605+02:00  INFO 26492 --- [crime-app-backend] [http-nio-8080-exec-5] c.d.c.config.RequestLoggingFilter        : GET /api/segnalazioni/vicine?lat=45.07980512693676&lng=7.68222212791443&raggioMetri=419 -> 200 (7 ms)
2026-09-27T15:53:34.362+02:00 DEBUG 26492 --- [crime-app-backend] [http-nio-8080-exec-6] org.hibernate.SQL                        : SELECT * FROM segnalazione s
WHERE s.stato = 'ATTIVA'
  AND ST_DWithin(s.posizione, ST_SetSRID(ST_MakePoint(?, ?), 4326)::geography, ?)

2026-09-27T15:53:34.364+02:00 DEBUG 26492 --- [crime-app-backend] [http-nio-8080-exec-6] org.hibernate.SQL                        : select c1_0.id,c1_0.attiva,c1_0.descrizione,c1_0.durata_validita_ore,c1_0.icona,c1_0.nome from categoria c1_0 where c1_0.id=?
2026-09-27T15:53:34.365+02:00 DEBUG 26492 --- [crime-app-backend] [http-nio-8080-exec-6] org.hibernate.SQL                        : select c1_0.id,c1_0.attiva,c1_0.descrizione,c1_0.durata_validita_ore,c1_0.icona,c1_0.nome from categoria c1_0 where c1_0.id=?
2026-09-27T15:53:34.368+02:00  INFO 26492 --- [crime-app-backend] [http-nio-8080-exec-6] c.d.c.config.RequestLoggingFilter        : GET /api/segnalazioni/vicine?lat=45.081615728434116&lng=7.685301303863526&raggioMetri=419 -> 200 (9 ms)
2026-09-27T15:53:36.168+02:00 DEBUG 26492 --- [crime-app-backend] [http-nio-8080-exec-7] org.hibernate.SQL                        : SELECT * FROM segnalazione s
WHERE s.stato = 'ATTIVA'
  AND ST_DWithin(s.posizione, ST_SetSRID(ST_MakePoint(?, ?), 4326)::geography, ?)

2026-09-27T15:53:36.170+02:00 DEBUG 26492 --- [crime-app-backend] [http-nio-8080-exec-7] org.hibernate.SQL                        : select c1_0.id,c1_0.attiva,c1_0.descrizione,c1_0.durata_validita_ore,c1_0.icona,c1_0.nome from categoria c1_0 where c1_0.id=?
2026-09-27T15:53:36.171+02:00 DEBUG 26492 --- [crime-app-backend] [http-nio-8080-exec-7] org.hibernate.SQL                        : select c1_0.id,c1_0.attiva,c1_0.descrizione,c1_0.durata_validita_ore,c1_0.icona,c1_0.nome from categoria c1_0 where c1_0.id=?
2026-09-27T15:53:36.173+02:00 DEBUG 26492 --- [crime-app-backend] [http-nio-8080-exec-7] org.hibernate.SQL                        : select c1_0.id,c1_0.attiva,c1_0.descrizione,c1_0.durata_validita_ore,c1_0.icona,c1_0.nome from categoria c1_0 where c1_0.id=?
2026-09-27T15:53:36.176+02:00  INFO 26492 --- [crime-app-backend] [http-nio-8080-exec-7] c.d.c.config.RequestLoggingFilter        : GET /api/segnalazioni/vicine?lat=45.08007028136972&lng=7.685301303863526&raggioMetri=419 -> 200 (15 ms)
2026-09-27T15:53:42.135+02:00 DEBUG 26492 --- [crime-app-backend] [http-nio-8080-exec-8] org.hibernate.SQL                        : SELECT * FROM segnalazione s
WHERE s.stato = 'ATTIVA'
  AND ST_DWithin(s.posizione, ST_SetSRID(ST_MakePoint(?, ?), 4326)::geography, ?)

2026-09-27T15:53:42.137+02:00 DEBUG 26492 --- [crime-app-backend] [http-nio-8080-exec-8] org.hibernate.SQL                        : select c1_0.id,c1_0.attiva,c1_0.descrizione,c1_0.durata_validita_ore,c1_0.icona,c1_0.nome from categoria c1_0 where c1_0.id=?
2026-09-27T15:53:42.138+02:00 DEBUG 26492 --- [crime-app-backend] [http-nio-8080-exec-8] org.hibernate.SQL                        : select c1_0.id,c1_0.attiva,c1_0.descrizione,c1_0.durata_validita_ore,c1_0.icona,c1_0.nome from categoria c1_0 where c1_0.id=?
2026-09-27T15:53:42.142+02:00  INFO 26492 --- [crime-app-backend] [http-nio-8080-exec-8] c.d.c.config.RequestLoggingFilter        : GET /api/segnalazioni/vicine?lat=45.081615728434116&lng=7.685301303863526&raggioMetri=419 -> 200 (10 ms)
2026-09-27T15:53:43.457+02:00 DEBUG 26492 --- [crime-app-backend] [http-nio-8080-exec-9] org.hibernate.SQL                        : SELECT * FROM segnalazione s
WHERE s.stato = 'ATTIVA'
  AND ST_DWithin(s.posizione, ST_SetSRID(ST_MakePoint(?, ?), 4326)::geography, ?)

2026-09-27T15:53:43.459+02:00 DEBUG 26492 --- [crime-app-backend] [http-nio-8080-exec-9] org.hibernate.SQL                        : select c1_0.id,c1_0.attiva,c1_0.descrizione,c1_0.durata_validita_ore,c1_0.icona,c1_0.nome from categoria c1_0 where c1_0.id=?
2026-09-27T15:53:43.460+02:00 DEBUG 26492 --- [crime-app-backend] [http-nio-8080-exec-9] org.hibernate.SQL                        : select c1_0.id,c1_0.attiva,c1_0.descrizione,c1_0.durata_validita_ore,c1_0.icona,c1_0.nome from categoria c1_0 where c1_0.id=?
2026-09-27T15:53:43.461+02:00 DEBUG 26492 --- [crime-app-backend] [http-nio-8080-exec-9] org.hibernate.SQL                        : select c1_0.id,c1_0.attiva,c1_0.descrizione,c1_0.durata_validita_ore,c1_0.icona,c1_0.nome from categoria c1_0 where c1_0.id=?
2026-09-27T15:53:43.464+02:00  INFO 26492 --- [crime-app-backend] [http-nio-8080-exec-9] c.d.c.config.RequestLoggingFilter        : GET /api/segnalazioni/vicine?lat=45.08007028136972&lng=7.685301303863526&raggioMetri=419 -> 200 (10 ms)
2026-09-27T15:53:46.806+02:00 DEBUG 26492 --- [crime-app-backend] [http-nio-8080-exec-10] org.hibernate.SQL                        : SELECT * FROM segnalazione s
WHERE s.stato = 'ATTIVA'
  AND ST_DWithin(s.posizione, ST_SetSRID(ST_MakePoint(?, ?), 4326)::geography, ?)

2026-09-27T15:53:46.808+02:00 DEBUG 26492 --- [crime-app-backend] [http-nio-8080-exec-10] org.hibernate.SQL                        : select c1_0.id,c1_0.attiva,c1_0.descrizione,c1_0.durata_validita_ore,c1_0.icona,c1_0.nome from categoria c1_0 where c1_0.id=?
2026-09-27T15:53:46.809+02:00 DEBUG 26492 --- [crime-app-backend] [http-nio-8080-exec-10] org.hibernate.SQL                        : select c1_0.id,c1_0.attiva,c1_0.descrizione,c1_0.durata_validita_ore,c1_0.icona,c1_0.nome from categoria c1_0 where c1_0.id=?
2026-09-27T15:53:46.812+02:00  INFO 26492 --- [crime-app-backend] [http-nio-8080-exec-10] c.d.c.config.RequestLoggingFilter        : GET /api/segnalazioni/vicine?lat=45.081615728434116&lng=7.685301303863526&raggioMetri=419 -> 200 (9 ms)
2026-09-27T15:53:49.434+02:00 DEBUG 26492 --- [crime-app-backend] [http-nio-8080-exec-1] org.hibernate.SQL                        : SELECT * FROM segnalazione s
WHERE s.stato = 'ATTIVA'
  AND ST_DWithin(s.posizione, ST_SetSRID(ST_MakePoint(?, ?), 4326)::geography, ?)

2026-09-27T15:53:49.436+02:00 DEBUG 26492 --- [crime-app-backend] [http-nio-8080-exec-1] org.hibernate.SQL                        : select c1_0.id,c1_0.attiva,c1_0.descrizione,c1_0.durata_validita_ore,c1_0.icona,c1_0.nome from categoria c1_0 where c1_0.id=?
2026-09-27T15:53:49.438+02:00 DEBUG 26492 --- [crime-app-backend] [http-nio-8080-exec-1] org.hibernate.SQL                        : select c1_0.id,c1_0.attiva,c1_0.descrizione,c1_0.durata_validita_ore,c1_0.icona,c1_0.nome from categoria c1_0 where c1_0.id=?
2026-09-27T15:53:49.443+02:00  INFO 26492 --- [crime-app-backend] [http-nio-8080-exec-1] c.d.c.config.RequestLoggingFilter        : GET /api/segnalazioni/vicine?lat=45.08390351939713&lng=7.684507369995118&raggioMetri=419 -> 200 (12 ms)
2026-09-27T15:53:50.583+02:00 DEBUG 26492 --- [crime-app-backend] [http-nio-8080-exec-2] org.hibernate.SQL                        : SELECT * FROM segnalazione s
WHERE s.stato = 'ATTIVA'
  AND ST_DWithin(s.posizione, ST_SetSRID(ST_MakePoint(?, ?), 4326)::geography, ?)

2026-09-27T15:53:50.586+02:00 DEBUG 26492 --- [crime-app-backend] [http-nio-8080-exec-2] org.hibernate.SQL                        : select c1_0.id,c1_0.attiva,c1_0.descrizione,c1_0.durata_validita_ore,c1_0.icona,c1_0.nome from categoria c1_0 where c1_0.id=?
2026-09-27T15:53:50.587+02:00 DEBUG 26492 --- [crime-app-backend] [http-nio-8080-exec-2] org.hibernate.SQL                        : select c1_0.id,c1_0.attiva,c1_0.descrizione,c1_0.durata_validita_ore,c1_0.icona,c1_0.nome from categoria c1_0 where c1_0.id=?
2026-09-27T15:53:50.590+02:00  INFO 26492 --- [crime-app-backend] [http-nio-8080-exec-2] c.d.c.config.RequestLoggingFilter        : GET /api/segnalazioni/vicine?lat=45.08404745020242&lng=7.683938741683961&raggioMetri=419 -> 200 (10 ms)
2026-09-27T15:53:51.423+02:00 DEBUG 26492 --- [crime-app-backend] [http-nio-8080-exec-3] org.hibernate.SQL                        : SELECT * FROM segnalazione s
WHERE s.stato = 'ATTIVA'
  AND ST_DWithin(s.posizione, ST_SetSRID(ST_MakePoint(?, ?), 4326)::geography, ?)

2026-09-27T15:53:51.425+02:00 DEBUG 26492 --- [crime-app-backend] [http-nio-8080-exec-3] org.hibernate.SQL                        : select c1_0.id,c1_0.attiva,c1_0.descrizione,c1_0.durata_validita_ore,c1_0.icona,c1_0.nome from categoria c1_0 where c1_0.id=?
2026-09-27T15:53:51.426+02:00 DEBUG 26492 --- [crime-app-backend] [http-nio-8080-exec-3] org.hibernate.SQL                        : select c1_0.id,c1_0.attiva,c1_0.descrizione,c1_0.durata_validita_ore,c1_0.icona,c1_0.nome from categoria c1_0 where c1_0.id=?
2026-09-27T15:53:51.427+02:00  INFO 26492 --- [crime-app-backend] [http-nio-8080-exec-3] c.d.c.config.RequestLoggingFilter        : GET /api/segnalazioni/vicine?lat=45.084289859160116&lng=7.683477401733399&raggioMetri=419 -> 200 (7 ms)
2026-09-27T15:53:55.312+02:00 DEBUG 26492 --- [crime-app-backend] [http-nio-8080-exec-4] org.hibernate.SQL                        : SELECT * FROM segnalazione s
WHERE s.stato = 'ATTIVA'
  AND ST_DWithin(s.posizione, ST_SetSRID(ST_MakePoint(?, ?), 4326)::geography, ?)

2026-09-27T15:53:55.314+02:00 DEBUG 26492 --- [crime-app-backend] [http-nio-8080-exec-4] org.hibernate.SQL                        : select c1_0.id,c1_0.attiva,c1_0.descrizione,c1_0.durata_validita_ore,c1_0.icona,c1_0.nome from categoria c1_0 where c1_0.id=?
2026-09-27T15:53:55.315+02:00 DEBUG 26492 --- [crime-app-backend] [http-nio-8080-exec-4] org.hibernate.SQL                        : select c1_0.id,c1_0.attiva,c1_0.descrizione,c1_0.durata_validita_ore,c1_0.icona,c1_0.nome from categoria c1_0 where c1_0.id=?
2026-09-27T15:53:55.318+02:00  INFO 26492 --- [crime-app-backend] [http-nio-8080-exec-4] c.d.c.config.RequestLoggingFilter        : GET /api/segnalazioni/vicine?lat=45.081615728434116&lng=7.685301303863526&raggioMetri=419 -> 200 (8 ms)
2026-09-27T15:53:57.352+02:00 DEBUG 26492 --- [crime-app-backend] [http-nio-8080-exec-5] org.hibernate.SQL                        : SELECT * FROM segnalazione s
WHERE s.stato = 'ATTIVA'
  AND ST_DWithin(s.posizione, ST_SetSRID(ST_MakePoint(?, ?), 4326)::geography, ?)

2026-09-27T15:53:57.354+02:00 DEBUG 26492 --- [crime-app-backend] [http-nio-8080-exec-5] org.hibernate.SQL                        : select c1_0.id,c1_0.attiva,c1_0.descrizione,c1_0.durata_validita_ore,c1_0.icona,c1_0.nome from categoria c1_0 where c1_0.id=?
2026-09-27T15:53:57.356+02:00  INFO 26492 --- [crime-app-backend] [http-nio-8080-exec-5] c.d.c.config.RequestLoggingFilter        : GET /api/segnalazioni/vicine?lat=45.079714216562195&lng=7.6835739612579355&raggioMetri=419 -> 200 (6 ms)
2026-09-27T15:53:57.732+02:00 DEBUG 26492 --- [crime-app-backend] [http-nio-8080-exec-6] org.hibernate.SQL                        : SELECT * FROM segnalazione s
WHERE s.stato = 'ATTIVA'
  AND ST_DWithin(s.posizione, ST_SetSRID(ST_MakePoint(?, ?), 4326)::geography, ?)

2026-09-27T15:53:57.734+02:00 DEBUG 26492 --- [crime-app-backend] [http-nio-8080-exec-6] org.hibernate.SQL                        : select c1_0.id,c1_0.attiva,c1_0.descrizione,c1_0.durata_validita_ore,c1_0.icona,c1_0.nome from categoria c1_0 where c1_0.id=?
2026-09-27T15:53:57.737+02:00  INFO 26492 --- [crime-app-backend] [http-nio-8080-exec-6] c.d.c.config.RequestLoggingFilter        : GET /api/segnalazioni/vicine?lat=45.078168718063246&lng=7.6835739612579355&raggioMetri=419 -> 200 (6 ms)
2026-09-27T15:54:00.805+02:00 DEBUG 26492 --- [crime-app-backend] [http-nio-8080-exec-7] org.hibernate.SQL                        : SELECT * FROM segnalazione s
WHERE s.stato = 'ATTIVA'
  AND ST_DWithin(s.posizione, ST_SetSRID(ST_MakePoint(?, ?), 4326)::geography, ?)

2026-09-27T15:54:00.807+02:00 DEBUG 26492 --- [crime-app-backend] [http-nio-8080-exec-7] org.hibernate.SQL                        : select c1_0.id,c1_0.attiva,c1_0.descrizione,c1_0.durata_validita_ore,c1_0.icona,c1_0.nome from categoria c1_0 where c1_0.id=?
2026-09-27T15:54:00.809+02:00  INFO 26492 --- [crime-app-backend] [http-nio-8080-exec-7] c.d.c.config.RequestLoggingFilter        : GET /api/segnalazioni/vicine?lat=45.079714216562195&lng=7.6835739612579355&raggioMetri=419 -> 200 (10 ms)
2026-09-27T15:54:02.633+02:00 DEBUG 26492 --- [crime-app-backend] [http-nio-8080-exec-8] org.hibernate.SQL                        : SELECT * FROM segnalazione s
WHERE s.stato = 'ATTIVA'
  AND ST_DWithin(s.posizione, ST_SetSRID(ST_MakePoint(?, ?), 4326)::geography, ?)

2026-09-27T15:54:02.635+02:00 DEBUG 26492 --- [crime-app-backend] [http-nio-8080-exec-8] org.hibernate.SQL                        : select c1_0.id,c1_0.attiva,c1_0.descrizione,c1_0.durata_validita_ore,c1_0.icona,c1_0.nome from categoria c1_0 where c1_0.id=?
2026-09-27T15:54:02.638+02:00  INFO 26492 --- [crime-app-backend] [http-nio-8080-exec-8] c.d.c.config.RequestLoggingFilter        : GET /api/segnalazioni/vicine?lat=45.080009674750684&lng=7.68394947052002&raggioMetri=419 -> 200 (8 ms)
2026-09-27T15:54:04.713+02:00 DEBUG 26492 --- [crime-app-backend] [http-nio-8080-exec-9] org.hibernate.SQL                        : SELECT * FROM segnalazione s
WHERE s.stato = 'ATTIVA'
  AND ST_DWithin(s.posizione, ST_SetSRID(ST_MakePoint(?, ?), 4326)::geography, ?)

2026-09-27T15:54:04.716+02:00  INFO 26492 --- [crime-app-backend] [http-nio-8080-exec-9] c.d.c.config.RequestLoggingFilter        : GET /api/segnalazioni/vicine?lat=45.0740623376026&lng=7.676557302474976&raggioMetri=419 -> 200 (5 ms)
2026-09-27T15:54:07.394+02:00 DEBUG 26492 --- [crime-app-backend] [http-nio-8080-exec-10] org.hibernate.SQL                        : SELECT * FROM segnalazione s
WHERE s.stato = 'ATTIVA'
  AND ST_DWithin(s.posizione, ST_SetSRID(ST_MakePoint(?, ?), 4326)::geography, ?)

2026-09-27T15:54:07.397+02:00  INFO 26492 --- [crime-app-backend] [http-nio-8080-exec-10] c.d.c.config.RequestLoggingFilter        : GET /api/segnalazioni/vicine?lat=45.07351681836369&lng=7.676868438720704&raggioMetri=419 -> 200 (6 ms)
2026-09-27T15:54:10.150+02:00 DEBUG 26492 --- [crime-app-backend] [http-nio-8080-exec-1] org.hibernate.SQL                        : SELECT * FROM segnalazione s
WHERE s.stato = 'ATTIVA'
  AND ST_DWithin(s.posizione, ST_SetSRID(ST_MakePoint(?, ?), 4326)::geography, ?)

2026-09-27T15:54:10.153+02:00  INFO 26492 --- [crime-app-backend] [http-nio-8080-exec-1] c.d.c.config.RequestLoggingFilter        : GET /api/segnalazioni/vicine?lat=45.07360016191777&lng=7.676750421524049&raggioMetri=419 -> 200 (6 ms)
2026-09-27T15:54:11.709+02:00 DEBUG 26492 --- [crime-app-backend] [http-nio-8080-exec-2] org.hibernate.SQL                        : SELECT * FROM segnalazione s
WHERE s.stato = 'ATTIVA'
  AND ST_DWithin(s.posizione, ST_SetSRID(ST_MakePoint(?, ?), 4326)::geography, ?)

2026-09-27T15:54:11.712+02:00  INFO 26492 --- [crime-app-backend] [http-nio-8080-exec-2] c.d.c.config.RequestLoggingFilter        : GET /api/segnalazioni/vicine?lat=45.0732440567915&lng=7.676836252212525&raggioMetri=419 -> 200 (4 ms)
2026-09-27T15:54:14.352+02:00 DEBUG 26492 --- [crime-app-backend] [http-nio-8080-exec-3] org.hibernate.SQL                        : SELECT * FROM segnalazione s
WHERE s.stato = 'ATTIVA'
  AND ST_DWithin(s.posizione, ST_SetSRID(ST_MakePoint(?, ?), 4326)::geography, ?)

2026-09-27T15:54:14.354+02:00  INFO 26492 --- [crime-app-backend] [http-nio-8080-exec-3] c.d.c.config.RequestLoggingFilter        : GET /api/segnalazioni/vicine?lat=45.073728965353155&lng=7.676997184753419&raggioMetri=419 -> 200 (4 ms)
2026-09-27T15:54:16.722+02:00 DEBUG 26492 --- [crime-app-backend] [http-nio-8080-exec-4] org.hibernate.SQL                        : SELECT * FROM segnalazione s
WHERE s.stato = 'ATTIVA'
  AND ST_DWithin(s.posizione, ST_SetSRID(ST_MakePoint(?, ?), 4326)::geography, ?)

2026-09-27T15:54:16.725+02:00  INFO 26492 --- [crime-app-backend] [http-nio-8080-exec-4] c.d.c.config.RequestLoggingFilter        : GET /api/segnalazioni/vicine?lat=45.07360016191777&lng=7.678370475769044&raggioMetri=419 -> 200 (5 ms)
2026-09-27T15:54:18.058+02:00 DEBUG 26492 --- [crime-app-backend] [http-nio-8080-exec-5] org.hibernate.SQL                        : SELECT * FROM segnalazione s
WHERE s.stato = 'ATTIVA'
  AND ST_DWithin(s.posizione, ST_SetSRID(ST_MakePoint(?, ?), 4326)::geography, ?)

2026-09-27T15:54:18.060+02:00  INFO 26492 --- [crime-app-backend] [http-nio-8080-exec-5] c.d.c.config.RequestLoggingFilter        : GET /api/segnalazioni/vicine?lat=45.07449420330699&lng=7.676439285278321&raggioMetri=419 -> 200 (5 ms)
2026-09-27T15:54:19.911+02:00 DEBUG 26492 --- [crime-app-backend] [http-nio-8080-exec-6] org.hibernate.SQL                        : SELECT * FROM segnalazione s
WHERE s.stato = 'ATTIVA'
  AND ST_DWithin(s.posizione, ST_SetSRID(ST_MakePoint(?, ?), 4326)::geography, ?)

2026-09-27T15:54:19.914+02:00  INFO 26492 --- [crime-app-backend] [http-nio-8080-exec-6] c.d.c.config.RequestLoggingFilter        : GET /api/segnalazioni/vicine?lat=45.07547157153435&lng=7.673574686050416&raggioMetri=419 -> 200 (6 ms)
2026-09-27T15:54:20.861+02:00 DEBUG 26492 --- [crime-app-backend] [http-nio-8080-exec-7] org.hibernate.SQL                        : SELECT * FROM segnalazione s
WHERE s.stato = 'ATTIVA'
  AND ST_DWithin(s.posizione, ST_SetSRID(ST_MakePoint(?, ?), 4326)::geography, ?)

2026-09-27T15:54:20.865+02:00  INFO 26492 --- [crime-app-backend] [http-nio-8080-exec-7] c.d.c.config.RequestLoggingFilter        : GET /api/segnalazioni/vicine?lat=45.073925958281045&lng=7.673574686050416&raggioMetri=419 -> 200 (6 ms)
2026-09-27T15:54:22.349+02:00 DEBUG 26492 --- [crime-app-backend] [http-nio-8080-exec-8] org.hibernate.SQL                        : SELECT * FROM segnalazione s
WHERE s.stato = 'ATTIVA'
  AND ST_DWithin(s.posizione, ST_SetSRID(ST_MakePoint(?, ?), 4326)::geography, ?)

2026-09-27T15:54:22.353+02:00  INFO 26492 --- [crime-app-backend] [http-nio-8080-exec-8] c.d.c.config.RequestLoggingFilter        : GET /api/segnalazioni/vicine?lat=45.07547157153435&lng=7.673574686050416&raggioMetri=419 -> 200 (6 ms)
2026-09-27T15:54:23.534+02:00 DEBUG 26492 --- [crime-app-backend] [http-nio-8080-exec-9] org.hibernate.SQL                        : SELECT * FROM segnalazione s
WHERE s.stato = 'ATTIVA'
  AND ST_DWithin(s.posizione, ST_SetSRID(ST_MakePoint(?, ?), 4326)::geography, ?)

2026-09-27T15:54:23.537+02:00  INFO 26492 --- [crime-app-backend] [http-nio-8080-exec-9] c.d.c.config.RequestLoggingFilter        : GET /api/segnalazioni/vicine?lat=45.073925958281045&lng=7.673574686050416&raggioMetri=419 -> 200 (6 ms)
2026-09-27T15:54:37.760+02:00 DEBUG 26492 --- [crime-app-backend] [http-nio-8080-exec-10] org.hibernate.SQL                        : SELECT * FROM segnalazione s
WHERE s.stato = 'ATTIVA'
  AND ST_DWithin(s.posizione, ST_SetSRID(ST_MakePoint(?, ?), 4326)::geography, ?)

2026-09-27T15:54:37.764+02:00  INFO 26492 --- [crime-app-backend] [http-nio-8080-exec-10] c.d.c.config.RequestLoggingFilter        : GET /api/segnalazioni/vicine?lat=45.07579735722882&lng=7.671643495559693&raggioMetri=419 -> 200 (8 ms)
2026-09-27T15:54:38.821+02:00 DEBUG 26492 --- [crime-app-backend] [http-nio-8080-exec-1] org.hibernate.SQL                        : SELECT * FROM segnalazione s
WHERE s.stato = 'ATTIVA'
  AND ST_DWithin(s.posizione, ST_SetSRID(ST_MakePoint(?, ?), 4326)::geography, ?)

2026-09-27T15:54:38.824+02:00  INFO 26492 --- [crime-app-backend] [http-nio-8080-exec-1] c.d.c.config.RequestLoggingFilter        : GET /api/segnalazioni/vicine?lat=45.07432751868502&lng=7.674765586853028&raggioMetri=419 -> 200 (6 ms)
2026-09-27T15:54:39.971+02:00 DEBUG 26492 --- [crime-app-backend] [http-nio-8080-exec-2] org.hibernate.SQL                        : SELECT * FROM segnalazione s
WHERE s.stato = 'ATTIVA'
  AND ST_DWithin(s.posizione, ST_SetSRID(ST_MakePoint(?, ?), 4326)::geography, ?)

2026-09-27T15:54:39.975+02:00  INFO 26492 --- [crime-app-backend] [http-nio-8080-exec-2] c.d.c.config.RequestLoggingFilter        : GET /api/segnalazioni/vicine?lat=45.074645734359635&lng=7.675377130508424&raggioMetri=419 -> 200 (7 ms)
2026-09-27T15:54:48.438+02:00 DEBUG 26492 --- [crime-app-backend] [http-nio-8080-exec-3] org.hibernate.SQL                        : SELECT * FROM segnalazione s
WHERE s.stato = 'ATTIVA'
  AND ST_DWithin(s.posizione, ST_SetSRID(ST_MakePoint(?, ?), 4326)::geography, ?)

2026-09-27T15:54:48.441+02:00 DEBUG 26492 --- [crime-app-backend] [http-nio-8080-exec-3] org.hibernate.SQL                        : select c1_0.id,c1_0.attiva,c1_0.descrizione,c1_0.durata_validita_ore,c1_0.icona,c1_0.nome from categoria c1_0 where c1_0.id=?
2026-09-27T15:54:48.443+02:00 DEBUG 26492 --- [crime-app-backend] [http-nio-8080-exec-3] org.hibernate.SQL                        : select c1_0.id,c1_0.attiva,c1_0.descrizione,c1_0.durata_validita_ore,c1_0.icona,c1_0.nome from categoria c1_0 where c1_0.id=?
2026-09-27T15:54:48.446+02:00  INFO 26492 --- [crime-app-backend] [http-nio-8080-exec-3] c.d.c.config.RequestLoggingFilter        : GET /api/segnalazioni/vicine?lat=45.08240358732004&lng=7.685301303863526&raggioMetri=419 -> 200 (10 ms)
2026-09-27T15:54:50.124+02:00 DEBUG 26492 --- [crime-app-backend] [http-nio-8080-exec-4] org.hibernate.SQL                        : SELECT * FROM segnalazione s
WHERE s.stato = 'ATTIVA'
  AND ST_DWithin(s.posizione, ST_SetSRID(ST_MakePoint(?, ?), 4326)::geography, ?)

2026-09-27T15:54:50.129+02:00 DEBUG 26492 --- [crime-app-backend] [http-nio-8080-exec-4] org.hibernate.SQL                        : select c1_0.id,c1_0.attiva,c1_0.descrizione,c1_0.durata_validita_ore,c1_0.icona,c1_0.nome from categoria c1_0 where c1_0.id=?
2026-09-27T15:54:50.136+02:00  INFO 26492 --- [crime-app-backend] [http-nio-8080-exec-4] c.d.c.config.RequestLoggingFilter        : GET /api/segnalazioni/vicine?lat=45.079123295601654&lng=7.6824688911438&raggioMetri=419 -> 200 (14 ms)
2026-09-27T15:54:50.503+02:00 DEBUG 26492 --- [crime-app-backend] [http-nio-8080-exec-5] org.hibernate.SQL                        : SELECT * FROM segnalazione s
WHERE s.stato = 'ATTIVA'
  AND ST_DWithin(s.posizione, ST_SetSRID(ST_MakePoint(?, ?), 4326)::geography, ?)

2026-09-27T15:54:50.505+02:00 DEBUG 26492 --- [crime-app-backend] [http-nio-8080-exec-5] org.hibernate.SQL                        : select c1_0.id,c1_0.attiva,c1_0.descrizione,c1_0.durata_validita_ore,c1_0.icona,c1_0.nome from categoria c1_0 where c1_0.id=?
2026-09-27T15:54:50.507+02:00 DEBUG 26492 --- [crime-app-backend] [http-nio-8080-exec-5] org.hibernate.SQL                        : select c1_0.id,c1_0.attiva,c1_0.descrizione,c1_0.durata_validita_ore,c1_0.icona,c1_0.nome from categoria c1_0 where c1_0.id=?
2026-09-27T15:54:50.510+02:00  INFO 26492 --- [crime-app-backend] [http-nio-8080-exec-5] c.d.c.config.RequestLoggingFilter        : GET /api/segnalazioni/vicine?lat=45.081615728434116&lng=7.685301303863526&raggioMetri=419 -> 200 (8 ms)
2026-09-27T15:54:52.860+02:00 DEBUG 26492 --- [crime-app-backend] [http-nio-8080-exec-6] org.hibernate.SQL                        : SELECT * FROM segnalazione s
WHERE s.stato = 'ATTIVA'
  AND ST_DWithin(s.posizione, ST_SetSRID(ST_MakePoint(?, ?), 4326)::geography, ?)

2026-09-27T15:54:52.863+02:00 DEBUG 26492 --- [crime-app-backend] [http-nio-8080-exec-6] org.hibernate.SQL                        : select c1_0.id,c1_0.attiva,c1_0.descrizione,c1_0.durata_validita_ore,c1_0.icona,c1_0.nome from categoria c1_0 where c1_0.id=?
2026-09-27T15:54:52.867+02:00  INFO 26492 --- [crime-app-backend] [http-nio-8080-exec-6] c.d.c.config.RequestLoggingFilter        : GET /api/segnalazioni/vicine?lat=45.07619132814566&lng=7.6833486557006845&raggioMetri=419 -> 200 (10 ms)
2026-09-27T15:54:54.430+02:00 DEBUG 26492 --- [crime-app-backend] [http-nio-8080-exec-7] org.hibernate.SQL                        : SELECT * FROM segnalazione s
WHERE s.stato = 'ATTIVA'
  AND ST_DWithin(s.posizione, ST_SetSRID(ST_MakePoint(?, ?), 4326)::geography, ?)

2026-09-27T15:54:54.433+02:00  INFO 26492 --- [crime-app-backend] [http-nio-8080-exec-7] c.d.c.config.RequestLoggingFilter        : GET /api/segnalazioni/vicine?lat=45.07093310790148&lng=7.692414522171021&raggioMetri=419 -> 200 (5 ms)
2026-09-27T15:54:54.786+02:00 DEBUG 26492 --- [crime-app-backend] [http-nio-8080-exec-8] org.hibernate.SQL                        : SELECT * FROM segnalazione s
WHERE s.stato = 'ATTIVA'
  AND ST_DWithin(s.posizione, ST_SetSRID(ST_MakePoint(?, ?), 4326)::geography, ?)

2026-09-27T15:54:54.788+02:00 DEBUG 26492 --- [crime-app-backend] [http-nio-8080-exec-8] org.hibernate.SQL                        : select c1_0.id,c1_0.attiva,c1_0.descrizione,c1_0.durata_validita_ore,c1_0.icona,c1_0.nome from categoria c1_0 where c1_0.id=?
2026-09-27T15:54:54.789+02:00 DEBUG 26492 --- [crime-app-backend] [http-nio-8080-exec-8] org.hibernate.SQL                        : select c1_0.id,c1_0.attiva,c1_0.descrizione,c1_0.durata_validita_ore,c1_0.icona,c1_0.nome from categoria c1_0 where c1_0.id=?
2026-09-27T15:54:54.791+02:00  INFO 26492 --- [crime-app-backend] [http-nio-8080-exec-8] c.d.c.config.RequestLoggingFilter        : GET /api/segnalazioni/vicine?lat=45.081615728434116&lng=7.685301303863526&raggioMetri=419 -> 200 (6 ms)
2026-09-27T15:54:57.767+02:00 DEBUG 26492 --- [crime-app-backend] [http-nio-8080-exec-9] org.hibernate.SQL                        : SELECT * FROM segnalazione s
WHERE s.stato = 'ATTIVA'
  AND ST_DWithin(s.posizione, ST_SetSRID(ST_MakePoint(?, ?), 4326)::geography, ?)

2026-09-27T15:54:57.769+02:00 DEBUG 26492 --- [crime-app-backend] [http-nio-8080-exec-9] org.hibernate.SQL                        : select c1_0.id,c1_0.attiva,c1_0.descrizione,c1_0.durata_validita_ore,c1_0.icona,c1_0.nome from categoria c1_0 where c1_0.id=?
2026-09-27T15:54:57.770+02:00 DEBUG 26492 --- [crime-app-backend] [http-nio-8080-exec-9] org.hibernate.SQL                        : select c1_0.id,c1_0.attiva,c1_0.descrizione,c1_0.durata_validita_ore,c1_0.icona,c1_0.nome from categoria c1_0 where c1_0.id=?
2026-09-27T15:54:57.772+02:00  INFO 26492 --- [crime-app-backend] [http-nio-8080-exec-9] c.d.c.config.RequestLoggingFilter        : GET /api/segnalazioni/vicine?lat=45.081615728434116&lng=7.685301303863526&raggioMetri=419 -> 200 (8 ms)
2026-09-27T15:54:58.385+02:00 DEBUG 26492 --- [crime-app-backend] [http-nio-8080-exec-10] org.hibernate.SQL                        : SELECT * FROM segnalazione s
WHERE s.stato = 'ATTIVA'
  AND ST_DWithin(s.posizione, ST_SetSRID(ST_MakePoint(?, ?), 4326)::geography, ?)

2026-09-27T15:54:58.386+02:00 DEBUG 26492 --- [crime-app-backend] [http-nio-8080-exec-10] org.hibernate.SQL                        : select c1_0.id,c1_0.attiva,c1_0.descrizione,c1_0.durata_validita_ore,c1_0.icona,c1_0.nome from categoria c1_0 where c1_0.id=?
2026-09-27T15:54:58.388+02:00 DEBUG 26492 --- [crime-app-backend] [http-nio-8080-exec-10] org.hibernate.SQL                        : select c1_0.id,c1_0.attiva,c1_0.descrizione,c1_0.durata_validita_ore,c1_0.icona,c1_0.nome from categoria c1_0 where c1_0.id=?
2026-09-27T15:54:58.390+02:00  INFO 26492 --- [crime-app-backend] [http-nio-8080-exec-10] c.d.c.config.RequestLoggingFilter        : GET /api/segnalazioni/vicine?lat=45.081615728434116&lng=7.685301303863526&raggioMetri=419 -> 200 (8 ms)
2026-09-27T15:54:59.546+02:00 DEBUG 26492 --- [crime-app-backend] [http-nio-8080-exec-1] org.hibernate.SQL                        : SELECT * FROM segnalazione s
WHERE s.stato = 'ATTIVA'
  AND ST_DWithin(s.posizione, ST_SetSRID(ST_MakePoint(?, ?), 4326)::geography, ?)

2026-09-27T15:54:59.548+02:00 DEBUG 26492 --- [crime-app-backend] [http-nio-8080-exec-1] org.hibernate.SQL                        : select c1_0.id,c1_0.attiva,c1_0.descrizione,c1_0.durata_validita_ore,c1_0.icona,c1_0.nome from categoria c1_0 where c1_0.id=?
2026-09-27T15:54:59.551+02:00  INFO 26492 --- [crime-app-backend] [http-nio-8080-exec-1] c.d.c.config.RequestLoggingFilter        : GET /api/segnalazioni/vicine?lat=45.08023694924063&lng=7.681589126586915&raggioMetri=419 -> 200 (7 ms)
2026-09-27T15:55:00.411+02:00 DEBUG 26492 --- [crime-app-backend] [http-nio-8080-exec-2] org.hibernate.SQL                        : SELECT * FROM segnalazione s
WHERE s.stato = 'ATTIVA'
  AND ST_DWithin(s.posizione, ST_SetSRID(ST_MakePoint(?, ?), 4326)::geography, ?)

2026-09-27T15:55:00.413+02:00 DEBUG 26492 --- [crime-app-backend] [http-nio-8080-exec-2] org.hibernate.SQL                        : select c1_0.id,c1_0.attiva,c1_0.descrizione,c1_0.durata_validita_ore,c1_0.icona,c1_0.nome from categoria c1_0 where c1_0.id=?
2026-09-27T15:55:00.415+02:00 DEBUG 26492 --- [crime-app-backend] [http-nio-8080-exec-2] org.hibernate.SQL                        : select c1_0.id,c1_0.attiva,c1_0.descrizione,c1_0.durata_validita_ore,c1_0.icona,c1_0.nome from categoria c1_0 where c1_0.id=?
2026-09-27T15:55:00.419+02:00  INFO 26492 --- [crime-app-backend] [http-nio-8080-exec-2] c.d.c.config.RequestLoggingFilter        : GET /api/segnalazioni/vicine?lat=45.081615728434116&lng=7.685301303863526&raggioMetri=419 -> 200 (11 ms)
2026-09-27T15:55:02.338+02:00 DEBUG 26492 --- [crime-app-backend] [http-nio-8080-exec-3] org.hibernate.SQL                        : SELECT * FROM segnalazione s
WHERE s.stato = 'ATTIVA'
  AND ST_DWithin(s.posizione, ST_SetSRID(ST_MakePoint(?, ?), 4326)::geography, ?)

2026-09-27T15:55:02.341+02:00 DEBUG 26492 --- [crime-app-backend] [http-nio-8080-exec-3] org.hibernate.SQL                        : select c1_0.id,c1_0.attiva,c1_0.descrizione,c1_0.durata_validita_ore,c1_0.icona,c1_0.nome from categoria c1_0 where c1_0.id=?
2026-09-27T15:55:02.342+02:00 DEBUG 26492 --- [crime-app-backend] [http-nio-8080-exec-3] org.hibernate.SQL                        : select c1_0.id,c1_0.attiva,c1_0.descrizione,c1_0.durata_validita_ore,c1_0.icona,c1_0.nome from categoria c1_0 where c1_0.id=?
2026-09-27T15:55:02.344+02:00 DEBUG 26492 --- [crime-app-backend] [http-nio-8080-exec-3] org.hibernate.SQL                        : select c1_0.id,c1_0.attiva,c1_0.descrizione,c1_0.durata_validita_ore,c1_0.icona,c1_0.nome from categoria c1_0 where c1_0.id=?
2026-09-27T15:55:02.347+02:00  INFO 26492 --- [crime-app-backend] [http-nio-8080-exec-3] c.d.c.config.RequestLoggingFilter        : GET /api/segnalazioni/vicine?lat=45.08007028136972&lng=7.685301303863526&raggioMetri=419 -> 200 (12 ms)
2026-09-27T15:55:06.379+02:00 DEBUG 26492 --- [crime-app-backend] [http-nio-8080-exec-4] org.hibernate.SQL                        : SELECT * FROM segnalazione s
WHERE s.stato = 'ATTIVA'
  AND ST_DWithin(s.posizione, ST_SetSRID(ST_MakePoint(?, ?), 4326)::geography, ?)

2026-09-27T15:55:06.380+02:00 DEBUG 26492 --- [crime-app-backend] [http-nio-8080-exec-4] org.hibernate.SQL                        : select c1_0.id,c1_0.attiva,c1_0.descrizione,c1_0.durata_validita_ore,c1_0.icona,c1_0.nome from categoria c1_0 where c1_0.id=?
2026-09-27T15:55:06.382+02:00 DEBUG 26492 --- [crime-app-backend] [http-nio-8080-exec-4] org.hibernate.SQL                        : select c1_0.id,c1_0.attiva,c1_0.descrizione,c1_0.durata_validita_ore,c1_0.icona,c1_0.nome from categoria c1_0 where c1_0.id=?
2026-09-27T15:55:06.384+02:00  INFO 26492 --- [crime-app-backend] [http-nio-8080-exec-4] c.d.c.config.RequestLoggingFilter        : GET /api/segnalazioni/vicine?lat=45.08163845528494&lng=7.68545150756836&raggioMetri=419 -> 200 (8 ms)
2026-09-27T15:55:06.831+02:00 DEBUG 26492 --- [crime-app-backend] [http-nio-8080-exec-5] org.hibernate.SQL                        : SELECT * FROM segnalazione s
WHERE s.stato = 'ATTIVA'
  AND ST_DWithin(s.posizione, ST_SetSRID(ST_MakePoint(?, ?), 4326)::geography, ?)

2026-09-27T15:55:06.833+02:00 DEBUG 26492 --- [crime-app-backend] [http-nio-8080-exec-5] org.hibernate.SQL                        : select c1_0.id,c1_0.attiva,c1_0.descrizione,c1_0.durata_validita_ore,c1_0.icona,c1_0.nome from categoria c1_0 where c1_0.id=?
2026-09-27T15:55:06.835+02:00 DEBUG 26492 --- [crime-app-backend] [http-nio-8080-exec-5] org.hibernate.SQL                        : select c1_0.id,c1_0.attiva,c1_0.descrizione,c1_0.durata_validita_ore,c1_0.icona,c1_0.nome from categoria c1_0 where c1_0.id=?
2026-09-27T15:55:06.838+02:00  INFO 26492 --- [crime-app-backend] [http-nio-8080-exec-5] c.d.c.config.RequestLoggingFilter        : GET /api/segnalazioni/vicine?lat=45.08227480343728&lng=7.686384916305543&raggioMetri=419 -> 200 (10 ms)
2026-09-27T15:55:10.460+02:00 DEBUG 26492 --- [crime-app-backend] [http-nio-8080-exec-6] org.hibernate.SQL                        : SELECT * FROM segnalazione s
WHERE s.stato = 'ATTIVA'
  AND ST_DWithin(s.posizione, ST_SetSRID(ST_MakePoint(?, ?), 4326)::geography, ?)

2026-09-27T15:55:10.462+02:00 DEBUG 26492 --- [crime-app-backend] [http-nio-8080-exec-6] org.hibernate.SQL                        : select c1_0.id,c1_0.attiva,c1_0.descrizione,c1_0.durata_validita_ore,c1_0.icona,c1_0.nome from categoria c1_0 where c1_0.id=?
2026-09-27T15:55:10.464+02:00 DEBUG 26492 --- [crime-app-backend] [http-nio-8080-exec-6] org.hibernate.SQL                        : select c1_0.id,c1_0.attiva,c1_0.descrizione,c1_0.durata_validita_ore,c1_0.icona,c1_0.nome from categoria c1_0 where c1_0.id=?
2026-09-27T15:55:10.467+02:00  INFO 26492 --- [crime-app-backend] [http-nio-8080-exec-6] c.d.c.config.RequestLoggingFilter        : GET /api/segnalazioni/vicine?lat=45.081615728434116&lng=7.685301303863526&raggioMetri=419 -> 200 (10 ms)
2026-09-27T15:55:40.323+02:00 DEBUG 26492 --- [crime-app-backend] [http-nio-8080-exec-7] org.hibernate.SQL                        : SELECT * FROM segnalazione s
WHERE s.stato = 'ATTIVA'
  AND ST_DWithin(s.posizione, ST_SetSRID(ST_MakePoint(?, ?), 4326)::geography, ?)

2026-09-27T15:55:40.325+02:00 DEBUG 26492 --- [crime-app-backend] [http-nio-8080-exec-7] org.hibernate.SQL                        : select c1_0.id,c1_0.attiva,c1_0.descrizione,c1_0.durata_validita_ore,c1_0.icona,c1_0.nome from categoria c1_0 where c1_0.id=?
2026-09-27T15:55:40.326+02:00 DEBUG 26492 --- [crime-app-backend] [http-nio-8080-exec-7] org.hibernate.SQL                        : select c1_0.id,c1_0.attiva,c1_0.descrizione,c1_0.durata_validita_ore,c1_0.icona,c1_0.nome from categoria c1_0 where c1_0.id=?
2026-09-27T15:55:40.330+02:00  INFO 26492 --- [crime-app-backend] [http-nio-8080-exec-7] c.d.c.config.RequestLoggingFilter        : GET /api/segnalazioni/vicine?lat=45.08212329261532&lng=7.682447433471681&raggioMetri=419 -> 200 (10 ms)
2026-09-27T15:55:40.940+02:00 DEBUG 26492 --- [crime-app-backend] [http-nio-8080-exec-8] org.hibernate.SQL                        : SELECT * FROM segnalazione s
WHERE s.stato = 'ATTIVA'
  AND ST_DWithin(s.posizione, ST_SetSRID(ST_MakePoint(?, ?), 4326)::geography, ?)

2026-09-27T15:55:40.942+02:00 DEBUG 26492 --- [crime-app-backend] [http-nio-8080-exec-8] org.hibernate.SQL                        : select c1_0.id,c1_0.attiva,c1_0.descrizione,c1_0.durata_validita_ore,c1_0.icona,c1_0.nome from categoria c1_0 where c1_0.id=?
2026-09-27T15:55:40.943+02:00 DEBUG 26492 --- [crime-app-backend] [http-nio-8080-exec-8] org.hibernate.SQL                        : select c1_0.id,c1_0.attiva,c1_0.descrizione,c1_0.durata_validita_ore,c1_0.icona,c1_0.nome from categoria c1_0 where c1_0.id=?
2026-09-27T15:55:40.945+02:00  INFO 26492 --- [crime-app-backend] [http-nio-8080-exec-8] c.d.c.config.RequestLoggingFilter        : GET /api/segnalazioni/vicine?lat=45.08175208940341&lng=7.682597637176515&raggioMetri=419 -> 200 (8 ms)
2026-09-27T15:55:41.365+02:00 DEBUG 26492 --- [crime-app-backend] [http-nio-8080-exec-9] org.hibernate.SQL                        : SELECT * FROM segnalazione s
WHERE s.stato = 'ATTIVA'
  AND ST_DWithin(s.posizione, ST_SetSRID(ST_MakePoint(?, ?), 4326)::geography, ?)

2026-09-27T15:55:41.367+02:00 DEBUG 26492 --- [crime-app-backend] [http-nio-8080-exec-9] org.hibernate.SQL                        : select c1_0.id,c1_0.attiva,c1_0.descrizione,c1_0.durata_validita_ore,c1_0.icona,c1_0.nome from categoria c1_0 where c1_0.id=?
2026-09-27T15:55:41.369+02:00 DEBUG 26492 --- [crime-app-backend] [http-nio-8080-exec-9] org.hibernate.SQL                        : select c1_0.id,c1_0.attiva,c1_0.descrizione,c1_0.durata_validita_ore,c1_0.icona,c1_0.nome from categoria c1_0 where c1_0.id=?
2026-09-27T15:55:41.370+02:00 DEBUG 26492 --- [crime-app-backend] [http-nio-8080-exec-9] org.hibernate.SQL                        : select c1_0.id,c1_0.attiva,c1_0.descrizione,c1_0.durata_validita_ore,c1_0.icona,c1_0.nome from categoria c1_0 where c1_0.id=?
2026-09-27T15:55:41.373+02:00  INFO 26492 --- [crime-app-backend] [http-nio-8080-exec-9] c.d.c.config.RequestLoggingFilter        : GET /api/segnalazioni/vicine?lat=45.081161189519335&lng=7.682629823684693&raggioMetri=419 -> 200 (9 ms)
2026-09-27T15:55:42.027+02:00 DEBUG 26492 --- [crime-app-backend] [http-nio-8080-exec-10] org.hibernate.SQL                        : SELECT * FROM segnalazione s
WHERE s.stato = 'ATTIVA'
  AND ST_DWithin(s.posizione, ST_SetSRID(ST_MakePoint(?, ?), 4326)::geography, ?)

2026-09-27T15:55:42.029+02:00 DEBUG 26492 --- [crime-app-backend] [http-nio-8080-exec-10] org.hibernate.SQL                        : select c1_0.id,c1_0.attiva,c1_0.descrizione,c1_0.durata_validita_ore,c1_0.icona,c1_0.nome from categoria c1_0 where c1_0.id=?
2026-09-27T15:55:42.031+02:00 DEBUG 26492 --- [crime-app-backend] [http-nio-8080-exec-10] org.hibernate.SQL                        : select c1_0.id,c1_0.attiva,c1_0.descrizione,c1_0.durata_validita_ore,c1_0.icona,c1_0.nome from categoria c1_0 where c1_0.id=?
2026-09-27T15:55:42.035+02:00  INFO 26492 --- [crime-app-backend] [http-nio-8080-exec-10] c.d.c.config.RequestLoggingFilter        : GET /api/segnalazioni/vicine?lat=45.082532370912475&lng=7.6828980445861825&raggioMetri=419 -> 200 (12 ms)
2026-09-27T15:56:22.160+02:00 DEBUG 26492 --- [crime-app-backend] [http-nio-8080-exec-1] org.hibernate.SQL                        : SELECT * FROM segnalazione s
WHERE s.stato = 'ATTIVA'
  AND ST_DWithin(s.posizione, ST_SetSRID(ST_MakePoint(?, ?), 4326)::geography, ?)

2026-09-27T15:56:22.166+02:00 DEBUG 26492 --- [crime-app-backend] [http-nio-8080-exec-1] org.hibernate.SQL                        : select c1_0.id,c1_0.attiva,c1_0.descrizione,c1_0.durata_validita_ore,c1_0.icona,c1_0.nome from categoria c1_0 where c1_0.id=?
2026-09-27T15:56:22.168+02:00 DEBUG 26492 --- [crime-app-backend] [http-nio-8080-exec-1] org.hibernate.SQL                        : select c1_0.id,c1_0.attiva,c1_0.descrizione,c1_0.durata_validita_ore,c1_0.icona,c1_0.nome from categoria c1_0 where c1_0.id=?
2026-09-27T15:56:22.171+02:00 DEBUG 26492 --- [crime-app-backend] [http-nio-8080-exec-1] org.hibernate.SQL                        : select c1_0.id,c1_0.attiva,c1_0.descrizione,c1_0.durata_validita_ore,c1_0.icona,c1_0.nome from categoria c1_0 where c1_0.id=?
2026-09-27T15:56:22.175+02:00  INFO 26492 --- [crime-app-backend] [http-nio-8080-exec-1] c.d.c.config.RequestLoggingFilter        : GET /api/segnalazioni/vicine?lat=45.08128240025021&lng=7.68296241760254&raggioMetri=419 -> 200 (19 ms)
2026-09-27T15:56:25.681+02:00 DEBUG 26492 --- [crime-app-backend] [http-nio-8080-exec-2] org.hibernate.SQL                        : SELECT * FROM segnalazione s
WHERE s.stato = 'ATTIVA'
  AND ST_DWithin(s.posizione, ST_SetSRID(ST_MakePoint(?, ?), 4326)::geography, ?)

2026-09-27T15:56:25.683+02:00 DEBUG 26492 --- [crime-app-backend] [http-nio-8080-exec-2] org.hibernate.SQL                        : select c1_0.id,c1_0.attiva,c1_0.descrizione,c1_0.durata_validita_ore,c1_0.icona,c1_0.nome from categoria c1_0 where c1_0.id=?
2026-09-27T15:56:25.684+02:00 DEBUG 26492 --- [crime-app-backend] [http-nio-8080-exec-2] org.hibernate.SQL                        : select c1_0.id,c1_0.attiva,c1_0.descrizione,c1_0.durata_validita_ore,c1_0.icona,c1_0.nome from categoria c1_0 where c1_0.id=?
2026-09-27T15:56:25.686+02:00  INFO 26492 --- [crime-app-backend] [http-nio-8080-exec-2] c.d.c.config.RequestLoggingFilter        : GET /api/segnalazioni/vicine?lat=45.08224450130502&lng=7.683144807815553&raggioMetri=419 -> 200 (7 ms)
2026-09-27T15:56:27.407+02:00 DEBUG 26492 --- [crime-app-backend] [http-nio-8080-exec-3] org.hibernate.SQL                        : SELECT * FROM segnalazione s
WHERE s.stato = 'ATTIVA'
  AND ST_DWithin(s.posizione, ST_SetSRID(ST_MakePoint(?, ?), 4326)::geography, ?)

2026-09-27T15:56:27.410+02:00 DEBUG 26492 --- [crime-app-backend] [http-nio-8080-exec-3] org.hibernate.SQL                        : select c1_0.id,c1_0.attiva,c1_0.descrizione,c1_0.durata_validita_ore,c1_0.icona,c1_0.nome from categoria c1_0 where c1_0.id=?
2026-09-27T15:56:27.412+02:00 DEBUG 26492 --- [crime-app-backend] [http-nio-8080-exec-3] org.hibernate.SQL                        : select c1_0.id,c1_0.attiva,c1_0.descrizione,c1_0.durata_validita_ore,c1_0.icona,c1_0.nome from categoria c1_0 where c1_0.id=?
2026-09-27T15:56:27.417+02:00  INFO 26492 --- [crime-app-backend] [http-nio-8080-exec-3] c.d.c.config.RequestLoggingFilter        : GET /api/segnalazioni/vicine?lat=45.084024724309906&lng=7.683155536651612&raggioMetri=419 -> 200 (13 ms)
2026-09-27T15:56:30.630+02:00 DEBUG 26492 --- [crime-app-backend] [http-nio-8080-exec-4] org.hibernate.SQL                        : SELECT * FROM segnalazione s
WHERE s.stato = 'ATTIVA'
  AND ST_DWithin(s.posizione, ST_SetSRID(ST_MakePoint(?, ?), 4326)::geography, ?)

2026-09-27T15:56:30.632+02:00 DEBUG 26492 --- [crime-app-backend] [http-nio-8080-exec-4] org.hibernate.SQL                        : select c1_0.id,c1_0.attiva,c1_0.descrizione,c1_0.durata_validita_ore,c1_0.icona,c1_0.nome from categoria c1_0 where c1_0.id=?
2026-09-27T15:56:30.633+02:00 DEBUG 26492 --- [crime-app-backend] [http-nio-8080-exec-4] org.hibernate.SQL                        : select c1_0.id,c1_0.attiva,c1_0.descrizione,c1_0.durata_validita_ore,c1_0.icona,c1_0.nome from categoria c1_0 where c1_0.id=?
2026-09-27T15:56:30.636+02:00  INFO 26492 --- [crime-app-backend] [http-nio-8080-exec-4] c.d.c.config.RequestLoggingFilter        : GET /api/segnalazioni/vicine?lat=45.08240358732004&lng=7.685301303863526&raggioMetri=419 -> 200 (9 ms)
2026-09-27T15:56:32.493+02:00 DEBUG 26492 --- [crime-app-backend] [http-nio-8080-exec-5] org.hibernate.SQL                        : SELECT * FROM segnalazione s
WHERE s.stato = 'ATTIVA'
  AND ST_DWithin(s.posizione, ST_SetSRID(ST_MakePoint(?, ?), 4326)::geography, ?)

2026-09-27T15:56:32.495+02:00 DEBUG 26492 --- [crime-app-backend] [http-nio-8080-exec-5] org.hibernate.SQL                        : select c1_0.id,c1_0.attiva,c1_0.descrizione,c1_0.durata_validita_ore,c1_0.icona,c1_0.nome from categoria c1_0 where c1_0.id=?
2026-09-27T15:56:32.496+02:00 DEBUG 26492 --- [crime-app-backend] [http-nio-8080-exec-5] org.hibernate.SQL                        : select c1_0.id,c1_0.attiva,c1_0.descrizione,c1_0.durata_validita_ore,c1_0.icona,c1_0.nome from categoria c1_0 where c1_0.id=?
2026-09-27T15:56:32.499+02:00  INFO 26492 --- [crime-app-backend] [http-nio-8080-exec-5] c.d.c.config.RequestLoggingFilter        : GET /api/segnalazioni/vicine?lat=45.081615728434116&lng=7.685301303863526&raggioMetri=419 -> 200 (10 ms)
2026-09-27T15:56:35.041+02:00 DEBUG 26492 --- [crime-app-backend] [http-nio-8080-exec-6] org.hibernate.SQL                        : SELECT * FROM segnalazione s
WHERE s.stato = 'ATTIVA'
  AND ST_DWithin(s.posizione, ST_SetSRID(ST_MakePoint(?, ?), 4326)::geography, ?)

2026-09-27T15:56:35.045+02:00 DEBUG 26492 --- [crime-app-backend] [http-nio-8080-exec-6] org.hibernate.SQL                        : select c1_0.id,c1_0.attiva,c1_0.descrizione,c1_0.durata_validita_ore,c1_0.icona,c1_0.nome from categoria c1_0 where c1_0.id=?
2026-09-27T15:56:35.048+02:00 DEBUG 26492 --- [crime-app-backend] [http-nio-8080-exec-6] org.hibernate.SQL                        : select c1_0.id,c1_0.attiva,c1_0.descrizione,c1_0.durata_validita_ore,c1_0.icona,c1_0.nome from categoria c1_0 where c1_0.id=?
2026-09-27T15:56:35.053+02:00  INFO 26492 --- [crime-app-backend] [http-nio-8080-exec-6] c.d.c.config.RequestLoggingFilter        : GET /api/segnalazioni/vicine?lat=45.08203996149198&lng=7.684561014175415&raggioMetri=419 -> 200 (15 ms)
2026-09-27T15:56:43.727+02:00 DEBUG 26492 --- [crime-app-backend] [http-nio-8080-exec-7] org.hibernate.SQL                        : SELECT * FROM segnalazione s
WHERE s.stato = 'ATTIVA'
  AND ST_DWithin(s.posizione, ST_SetSRID(ST_MakePoint(?, ?), 4326)::geography, ?)

2026-09-27T15:56:43.731+02:00 DEBUG 26492 --- [crime-app-backend] [http-nio-8080-exec-7] org.hibernate.SQL                        : select c1_0.id,c1_0.attiva,c1_0.descrizione,c1_0.durata_validita_ore,c1_0.icona,c1_0.nome from categoria c1_0 where c1_0.id=?
2026-09-27T15:56:43.732+02:00 DEBUG 26492 --- [crime-app-backend] [http-nio-8080-exec-7] org.hibernate.SQL                        : select c1_0.id,c1_0.attiva,c1_0.descrizione,c1_0.durata_validita_ore,c1_0.icona,c1_0.nome from categoria c1_0 where c1_0.id=?
2026-09-27T15:56:43.735+02:00  INFO 26492 --- [crime-app-backend] [http-nio-8080-exec-7] c.d.c.config.RequestLoggingFilter        : GET /api/segnalazioni/vicine?lat=45.08240358732004&lng=7.685301303863526&raggioMetri=419 -> 200 (13 ms)
2026-09-27T15:56:45.071+02:00 DEBUG 26492 --- [crime-app-backend] [http-nio-8080-exec-8] org.hibernate.SQL                        : SELECT * FROM segnalazione s
WHERE s.stato = 'ATTIVA'
  AND ST_DWithin(s.posizione, ST_SetSRID(ST_MakePoint(?, ?), 4326)::geography, ?)

2026-09-27T15:56:45.073+02:00 DEBUG 26492 --- [crime-app-backend] [http-nio-8080-exec-8] org.hibernate.SQL                        : select c1_0.id,c1_0.attiva,c1_0.descrizione,c1_0.durata_validita_ore,c1_0.icona,c1_0.nome from categoria c1_0 where c1_0.id=?
2026-09-27T15:56:45.075+02:00 DEBUG 26492 --- [crime-app-backend] [http-nio-8080-exec-8] org.hibernate.SQL                        : select c1_0.id,c1_0.attiva,c1_0.descrizione,c1_0.durata_validita_ore,c1_0.icona,c1_0.nome from categoria c1_0 where c1_0.id=?
2026-09-27T15:56:45.077+02:00  INFO 26492 --- [crime-app-backend] [http-nio-8080-exec-8] c.d.c.config.RequestLoggingFilter        : GET /api/segnalazioni/vicine?lat=45.081615728434116&lng=7.685301303863526&raggioMetri=419 -> 200 (10 ms)
2026-09-27T15:56:46.117+02:00 DEBUG 26492 --- [crime-app-backend] [http-nio-8080-exec-9] org.hibernate.SQL                        : SELECT * FROM segnalazione s
WHERE s.stato = 'ATTIVA'
  AND ST_DWithin(s.posizione, ST_SetSRID(ST_MakePoint(?, ?), 4326)::geography, ?)

2026-09-27T15:56:46.119+02:00 DEBUG 26492 --- [crime-app-backend] [http-nio-8080-exec-9] org.hibernate.SQL                        : select c1_0.id,c1_0.attiva,c1_0.descrizione,c1_0.durata_validita_ore,c1_0.icona,c1_0.nome from categoria c1_0 where c1_0.id=?
2026-09-27T15:56:46.121+02:00 DEBUG 26492 --- [crime-app-backend] [http-nio-8080-exec-9] org.hibernate.SQL                        : select c1_0.id,c1_0.attiva,c1_0.descrizione,c1_0.durata_validita_ore,c1_0.icona,c1_0.nome from categoria c1_0 where c1_0.id=?
2026-09-27T15:56:46.124+02:00  INFO 26492 --- [crime-app-backend] [http-nio-8080-exec-9] c.d.c.config.RequestLoggingFilter        : GET /api/segnalazioni/vicine?lat=45.08174451380255&lng=7.689174413681031&raggioMetri=419 -> 200 (10 ms)
2026-09-27T15:56:47.852+02:00 DEBUG 26492 --- [crime-app-backend] [http-nio-8080-exec-10] org.hibernate.SQL                        : SELECT * FROM segnalazione s
WHERE s.stato = 'ATTIVA'
  AND ST_DWithin(s.posizione, ST_SetSRID(ST_MakePoint(?, ?), 4326)::geography, ?)

2026-09-27T15:56:47.857+02:00  INFO 26492 --- [crime-app-backend] [http-nio-8080-exec-10] c.d.c.config.RequestLoggingFilter        : GET /api/segnalazioni/vicine?lat=45.081880874464424&lng=7.693809270858765&raggioMetri=419 -> 200 (8 ms)
2026-09-27T15:56:51.655+02:00 DEBUG 26492 --- [crime-app-backend] [http-nio-8080-exec-1] org.hibernate.SQL                        : SELECT * FROM segnalazione s
WHERE s.stato = 'ATTIVA'
  AND ST_DWithin(s.posizione, ST_SetSRID(ST_MakePoint(?, ?), 4326)::geography, ?)

2026-09-27T15:56:51.659+02:00 DEBUG 26492 --- [crime-app-backend] [http-nio-8080-exec-1] org.hibernate.SQL                        : select c1_0.id,c1_0.attiva,c1_0.descrizione,c1_0.durata_validita_ore,c1_0.icona,c1_0.nome from categoria c1_0 where c1_0.id=?
2026-09-27T15:56:51.663+02:00 DEBUG 26492 --- [crime-app-backend] [http-nio-8080-exec-1] org.hibernate.SQL                        : select c1_0.id,c1_0.attiva,c1_0.descrizione,c1_0.durata_validita_ore,c1_0.icona,c1_0.nome from categoria c1_0 where c1_0.id=?
2026-09-27T15:56:51.683+02:00  INFO 26492 --- [crime-app-backend] [http-nio-8080-exec-1] c.d.c.config.RequestLoggingFilter        : GET /api/segnalazioni/vicine?lat=45.081911176789546&lng=7.688080072402955&raggioMetri=419 -> 200 (31 ms)
2026-09-27T15:56:53.577+02:00 DEBUG 26492 --- [crime-app-backend] [http-nio-8080-exec-2] org.hibernate.SQL                        : SELECT * FROM segnalazione s
WHERE s.stato = 'ATTIVA'
  AND ST_DWithin(s.posizione, ST_SetSRID(ST_MakePoint(?, ?), 4326)::geography, ?)

2026-09-27T15:56:53.583+02:00 DEBUG 26492 --- [crime-app-backend] [http-nio-8080-exec-2] org.hibernate.SQL                        : select c1_0.id,c1_0.attiva,c1_0.descrizione,c1_0.durata_validita_ore,c1_0.icona,c1_0.nome from categoria c1_0 where c1_0.id=?
2026-09-27T15:56:53.586+02:00 DEBUG 26492 --- [crime-app-backend] [http-nio-8080-exec-2] org.hibernate.SQL                        : select c1_0.id,c1_0.attiva,c1_0.descrizione,c1_0.durata_validita_ore,c1_0.icona,c1_0.nome from categoria c1_0 where c1_0.id=?
2026-09-27T15:56:53.601+02:00  INFO 26492 --- [crime-app-backend] [http-nio-8080-exec-2] c.d.c.config.RequestLoggingFilter        : GET /api/segnalazioni/vicine?lat=45.08187329888064&lng=7.687189579010011&raggioMetri=419 -> 200 (27 ms)
2026-09-27T15:56:54.377+02:00 DEBUG 26492 --- [crime-app-backend] [http-nio-8080-exec-3] org.hibernate.SQL                        : SELECT * FROM segnalazione s
WHERE s.stato = 'ATTIVA'
  AND ST_DWithin(s.posizione, ST_SetSRID(ST_MakePoint(?, ?), 4326)::geography, ?)

2026-09-27T15:56:54.379+02:00 DEBUG 26492 --- [crime-app-backend] [http-nio-8080-exec-3] org.hibernate.SQL                        : select c1_0.id,c1_0.attiva,c1_0.descrizione,c1_0.durata_validita_ore,c1_0.icona,c1_0.nome from categoria c1_0 where c1_0.id=?
2026-09-27T15:56:54.381+02:00 DEBUG 26492 --- [crime-app-backend] [http-nio-8080-exec-3] org.hibernate.SQL                        : select c1_0.id,c1_0.attiva,c1_0.descrizione,c1_0.durata_validita_ore,c1_0.icona,c1_0.nome from categoria c1_0 where c1_0.id=?
2026-09-27T15:56:54.385+02:00  INFO 26492 --- [crime-app-backend] [http-nio-8080-exec-3] c.d.c.config.RequestLoggingFilter        : GET /api/segnalazioni/vicine?lat=45.08245661589326&lng=7.687200307846069&raggioMetri=419 -> 200 (11 ms)
2026-09-27T15:56:57.458+02:00 DEBUG 26492 --- [crime-app-backend] [http-nio-8080-exec-4] org.hibernate.SQL                        : SELECT * FROM segnalazione s
WHERE s.stato = 'ATTIVA'
  AND ST_DWithin(s.posizione, ST_SetSRID(ST_MakePoint(?, ?), 4326)::geography, ?)

2026-09-27T15:56:57.461+02:00 DEBUG 26492 --- [crime-app-backend] [http-nio-8080-exec-4] org.hibernate.SQL                        : select c1_0.id,c1_0.attiva,c1_0.descrizione,c1_0.durata_validita_ore,c1_0.icona,c1_0.nome from categoria c1_0 where c1_0.id=?
2026-09-27T15:56:57.463+02:00 DEBUG 26492 --- [crime-app-backend] [http-nio-8080-exec-4] org.hibernate.SQL                        : select c1_0.id,c1_0.attiva,c1_0.descrizione,c1_0.durata_validita_ore,c1_0.icona,c1_0.nome from categoria c1_0 where c1_0.id=?
2026-09-27T15:56:57.466+02:00  INFO 26492 --- [crime-app-backend] [http-nio-8080-exec-4] c.d.c.config.RequestLoggingFilter        : GET /api/segnalazioni/vicine?lat=45.08240358732004&lng=7.685301303863526&raggioMetri=419 -> 200 (11 ms)
2026-09-27T15:56:58.323+02:00 DEBUG 26492 --- [crime-app-backend] [http-nio-8080-exec-5] org.hibernate.SQL                        : SELECT * FROM segnalazione s
WHERE s.stato = 'ATTIVA'
  AND ST_DWithin(s.posizione, ST_SetSRID(ST_MakePoint(?, ?), 4326)::geography, ?)

2026-09-27T15:56:58.325+02:00 DEBUG 26492 --- [crime-app-backend] [http-nio-8080-exec-5] org.hibernate.SQL                        : select c1_0.id,c1_0.attiva,c1_0.descrizione,c1_0.durata_validita_ore,c1_0.icona,c1_0.nome from categoria c1_0 where c1_0.id=?
2026-09-27T15:56:58.326+02:00 DEBUG 26492 --- [crime-app-backend] [http-nio-8080-exec-5] org.hibernate.SQL                        : select c1_0.id,c1_0.attiva,c1_0.descrizione,c1_0.durata_validita_ore,c1_0.icona,c1_0.nome from categoria c1_0 where c1_0.id=?
2026-09-27T15:56:58.328+02:00  INFO 26492 --- [crime-app-backend] [http-nio-8080-exec-5] c.d.c.config.RequestLoggingFilter        : GET /api/segnalazioni/vicine?lat=45.08219904807651&lng=7.686181068420411&raggioMetri=419 -> 200 (8 ms)
2026-09-27T15:57:00.823+02:00 DEBUG 26492 --- [crime-app-backend] [http-nio-8080-exec-6] org.hibernate.SQL                        : SELECT * FROM segnalazione s
WHERE s.stato = 'ATTIVA'
  AND ST_DWithin(s.posizione, ST_SetSRID(ST_MakePoint(?, ?), 4326)::geography, ?)

2026-09-27T15:57:00.826+02:00 DEBUG 26492 --- [crime-app-backend] [http-nio-8080-exec-6] org.hibernate.SQL                        : select c1_0.id,c1_0.attiva,c1_0.descrizione,c1_0.durata_validita_ore,c1_0.icona,c1_0.nome from categoria c1_0 where c1_0.id=?
2026-09-27T15:57:00.831+02:00 DEBUG 26492 --- [crime-app-backend] [http-nio-8080-exec-6] org.hibernate.SQL                        : select c1_0.id,c1_0.attiva,c1_0.descrizione,c1_0.durata_validita_ore,c1_0.icona,c1_0.nome from categoria c1_0 where c1_0.id=?
2026-09-27T15:57:00.838+02:00  INFO 26492 --- [crime-app-backend] [http-nio-8080-exec-6] c.d.c.config.RequestLoggingFilter        : GET /api/segnalazioni/vicine?lat=45.08219904807651&lng=7.686181068420411&raggioMetri=419 -> 200 (41 ms)
2026-09-27T15:57:02.168+02:00 DEBUG 26492 --- [crime-app-backend] [http-nio-8080-exec-7] org.hibernate.SQL                        : SELECT * FROM segnalazione s
WHERE s.stato = 'ATTIVA'
  AND ST_DWithin(s.posizione, ST_SetSRID(ST_MakePoint(?, ?), 4326)::geography, ?)

2026-09-27T15:57:02.170+02:00 DEBUG 26492 --- [crime-app-backend] [http-nio-8080-exec-7] org.hibernate.SQL                        : select c1_0.id,c1_0.attiva,c1_0.descrizione,c1_0.durata_validita_ore,c1_0.icona,c1_0.nome from categoria c1_0 where c1_0.id=?
2026-09-27T15:57:02.172+02:00 DEBUG 26492 --- [crime-app-backend] [http-nio-8080-exec-7] org.hibernate.SQL                        : select c1_0.id,c1_0.attiva,c1_0.descrizione,c1_0.durata_validita_ore,c1_0.icona,c1_0.nome from categoria c1_0 where c1_0.id=?
2026-09-27T15:57:02.192+02:00  INFO 26492 --- [crime-app-backend] [http-nio-8080-exec-7] c.d.c.config.RequestLoggingFilter        : GET /api/segnalazioni/vicine?lat=45.081865723295856&lng=7.687007188796998&raggioMetri=419 -> 200 (27 ms)
2026-09-27T15:57:03.641+02:00 DEBUG 26492 --- [crime-app-backend] [http-nio-8080-exec-8] org.hibernate.SQL                        : SELECT * FROM segnalazione s
WHERE s.stato = 'ATTIVA'
  AND ST_DWithin(s.posizione, ST_SetSRID(ST_MakePoint(?, ?), 4326)::geography, ?)

2026-09-27T15:57:03.647+02:00 DEBUG 26492 --- [crime-app-backend] [http-nio-8080-exec-8] org.hibernate.SQL                        : select c1_0.id,c1_0.attiva,c1_0.descrizione,c1_0.durata_validita_ore,c1_0.icona,c1_0.nome from categoria c1_0 where c1_0.id=?
2026-09-27T15:57:03.654+02:00 DEBUG 26492 --- [crime-app-backend] [http-nio-8080-exec-8] org.hibernate.SQL                        : select c1_0.id,c1_0.attiva,c1_0.descrizione,c1_0.durata_validita_ore,c1_0.icona,c1_0.nome from categoria c1_0 where c1_0.id=?
2026-09-27T15:57:03.664+02:00  INFO 26492 --- [crime-app-backend] [http-nio-8080-exec-8] c.d.c.config.RequestLoggingFilter        : GET /api/segnalazioni/vicine?lat=45.08219904807651&lng=7.686181068420411&raggioMetri=419 -> 200 (78 ms)
2026-09-27T15:57:04.232+02:00 DEBUG 26492 --- [crime-app-backend] [http-nio-8080-exec-9] org.hibernate.SQL                        : SELECT * FROM segnalazione s
WHERE s.stato = 'ATTIVA'
  AND ST_DWithin(s.posizione, ST_SetSRID(ST_MakePoint(?, ?), 4326)::geography, ?)

2026-09-27T15:57:04.239+02:00 DEBUG 26492 --- [crime-app-backend] [http-nio-8080-exec-9] org.hibernate.SQL                        : select c1_0.id,c1_0.attiva,c1_0.descrizione,c1_0.durata_validita_ore,c1_0.icona,c1_0.nome from categoria c1_0 where c1_0.id=?
2026-09-27T15:57:04.271+02:00 DEBUG 26492 --- [crime-app-backend] [http-nio-8080-exec-9] org.hibernate.SQL                        : select c1_0.id,c1_0.attiva,c1_0.descrizione,c1_0.durata_validita_ore,c1_0.icona,c1_0.nome from categoria c1_0 where c1_0.id=?
2026-09-27T15:57:04.285+02:00  INFO 26492 --- [crime-app-backend] [http-nio-8080-exec-9] c.d.c.config.RequestLoggingFilter        : GET /api/segnalazioni/vicine?lat=45.081865723295856&lng=7.687007188796998&raggioMetri=419 -> 200 (61 ms)
2026-09-27T15:57:05.661+02:00 DEBUG 26492 --- [crime-app-backend] [http-nio-8080-exec-10] org.hibernate.SQL                        : SELECT * FROM segnalazione s
WHERE s.stato = 'ATTIVA'
  AND ST_DWithin(s.posizione, ST_SetSRID(ST_MakePoint(?, ?), 4326)::geography, ?)

2026-09-27T15:57:05.669+02:00 DEBUG 26492 --- [crime-app-backend] [http-nio-8080-exec-10] org.hibernate.SQL                        : select c1_0.id,c1_0.attiva,c1_0.descrizione,c1_0.durata_validita_ore,c1_0.icona,c1_0.nome from categoria c1_0 where c1_0.id=?
2026-09-27T15:57:05.679+02:00 DEBUG 26492 --- [crime-app-backend] [http-nio-8080-exec-10] org.hibernate.SQL                        : select c1_0.id,c1_0.attiva,c1_0.descrizione,c1_0.durata_validita_ore,c1_0.icona,c1_0.nome from categoria c1_0 where c1_0.id=?
2026-09-27T15:57:05.685+02:00 DEBUG 26492 --- [crime-app-backend] [http-nio-8080-exec-10] org.hibernate.SQL                        : select c1_0.id,c1_0.attiva,c1_0.descrizione,c1_0.durata_validita_ore,c1_0.icona,c1_0.nome from categoria c1_0 where c1_0.id=?
2026-09-27T15:57:05.692+02:00  INFO 26492 --- [crime-app-backend] [http-nio-8080-exec-10] c.d.c.config.RequestLoggingFilter        : GET /api/segnalazioni/vicine?lat=45.080365737716974&lng=7.68420696258545&raggioMetri=419 -> 200 (39 ms)
2026-09-27T15:57:06.722+02:00 DEBUG 26492 --- [crime-app-backend] [http-nio-8080-exec-1] org.hibernate.SQL                        : SELECT * FROM segnalazione s
WHERE s.stato = 'ATTIVA'
  AND ST_DWithin(s.posizione, ST_SetSRID(ST_MakePoint(?, ?), 4326)::geography, ?)

2026-09-27T15:57:06.735+02:00 DEBUG 26492 --- [crime-app-backend] [http-nio-8080-exec-1] org.hibernate.SQL                        : select c1_0.id,c1_0.attiva,c1_0.descrizione,c1_0.durata_validita_ore,c1_0.icona,c1_0.nome from categoria c1_0 where c1_0.id=?
2026-09-27T15:57:06.755+02:00  INFO 26492 --- [crime-app-backend] [http-nio-8080-exec-1] c.d.c.config.RequestLoggingFilter        : GET /api/segnalazioni/vicine?lat=45.077901779195635&lng=7.683658737458515&raggioMetri=419 -> 200 (63 ms)
2026-09-27T15:57:07.711+02:00 DEBUG 26492 --- [crime-app-backend] [http-nio-8080-exec-2] org.hibernate.SQL                        : SELECT * FROM segnalazione s
WHERE s.stato = 'ATTIVA'
  AND ST_DWithin(s.posizione, ST_SetSRID(ST_MakePoint(?, ?), 4326)::geography, ?)

2026-09-27T15:57:07.720+02:00 DEBUG 26492 --- [crime-app-backend] [http-nio-8080-exec-2] org.hibernate.SQL                        : select c1_0.id,c1_0.attiva,c1_0.descrizione,c1_0.durata_validita_ore,c1_0.icona,c1_0.nome from categoria c1_0 where c1_0.id=?
2026-09-27T15:57:07.739+02:00  INFO 26492 --- [crime-app-backend] [http-nio-8080-exec-2] c.d.c.config.RequestLoggingFilter        : GET /api/segnalazioni/vicine?lat=45.07639588889658&lng=7.683402299880982&raggioMetri=419 -> 200 (34 ms)
2026-09-27T15:57:11.929+02:00 DEBUG 26492 --- [crime-app-backend] [http-nio-8080-exec-3] org.hibernate.SQL                        : SELECT * FROM segnalazione s
WHERE s.stato = 'ATTIVA'
  AND ST_DWithin(s.posizione, ST_SetSRID(ST_MakePoint(?, ?), 4326)::geography, ?)

2026-09-27T15:57:11.932+02:00 DEBUG 26492 --- [crime-app-backend] [http-nio-8080-exec-3] org.hibernate.SQL                        : select c1_0.id,c1_0.attiva,c1_0.descrizione,c1_0.durata_validita_ore,c1_0.icona,c1_0.nome from categoria c1_0 where c1_0.id=?
2026-09-27T15:57:11.936+02:00  INFO 26492 --- [crime-app-backend] [http-nio-8080-exec-3] c.d.c.config.RequestLoggingFilter        : GET /api/segnalazioni/vicine?lat=45.07639588889658&lng=7.683402299880982&raggioMetri=419 -> 200 (11 ms)
2026-09-27T15:57:13.975+02:00 DEBUG 26492 --- [crime-app-backend] [http-nio-8080-exec-4] org.hibernate.SQL                        : SELECT * FROM segnalazione s
WHERE s.stato = 'ATTIVA'
  AND ST_DWithin(s.posizione, ST_SetSRID(ST_MakePoint(?, ?), 4326)::geography, ?)

2026-09-27T15:57:13.977+02:00 DEBUG 26492 --- [crime-app-backend] [http-nio-8080-exec-4] org.hibernate.SQL                        : select c1_0.id,c1_0.attiva,c1_0.descrizione,c1_0.durata_validita_ore,c1_0.icona,c1_0.nome from categoria c1_0 where c1_0.id=?
2026-09-27T15:57:13.979+02:00  INFO 26492 --- [crime-app-backend] [http-nio-8080-exec-4] c.d.c.config.RequestLoggingFilter        : GET /api/segnalazioni/vicine?lat=45.07639588889658&lng=7.683402299880982&raggioMetri=419 -> 200 (5 ms)
2026-09-27T15:57:47.156+02:00 DEBUG 26492 --- [crime-app-backend] [http-nio-8080-exec-5] org.hibernate.SQL                        : SELECT * FROM segnalazione s
WHERE s.stato = 'ATTIVA'
  AND ST_DWithin(s.posizione, ST_SetSRID(ST_MakePoint(?, ?), 4326)::geography, ?)

2026-09-27T15:57:47.158+02:00 DEBUG 26492 --- [crime-app-backend] [http-nio-8080-exec-5] org.hibernate.SQL                        : select c1_0.id,c1_0.attiva,c1_0.descrizione,c1_0.durata_validita_ore,c1_0.icona,c1_0.nome from categoria c1_0 where c1_0.id=?
2026-09-27T15:57:47.159+02:00 DEBUG 26492 --- [crime-app-backend] [http-nio-8080-exec-5] org.hibernate.SQL                        : select c1_0.id,c1_0.attiva,c1_0.descrizione,c1_0.durata_validita_ore,c1_0.icona,c1_0.nome from categoria c1_0 where c1_0.id=?
2026-09-27T15:57:47.161+02:00  INFO 26492 --- [crime-app-backend] [http-nio-8080-exec-5] c.d.c.config.RequestLoggingFilter        : GET /api/segnalazioni/vicine?lat=45.081615728434116&lng=7.685301303863526&raggioMetri=419 -> 200 (8 ms)
2026-09-27T15:57:51.042+02:00 DEBUG 26492 --- [crime-app-backend] [http-nio-8080-exec-6] org.hibernate.SQL                        : SELECT * FROM segnalazione s
WHERE s.stato = 'ATTIVA'
  AND ST_DWithin(s.posizione, ST_SetSRID(ST_MakePoint(?, ?), 4326)::geography, ?)

2026-09-27T15:57:51.045+02:00  INFO 26492 --- [crime-app-backend] [http-nio-8080-exec-6] c.d.c.config.RequestLoggingFilter        : GET /api/segnalazioni/vicine?lat=45.08181269417416&lng=7.679539918899537&raggioMetri=419 -> 200 (5 ms)
2026-09-27T15:57:59.844+02:00 DEBUG 26492 --- [crime-app-backend] [http-nio-8080-exec-7] org.hibernate.SQL                        : SELECT * FROM segnalazione s
WHERE s.stato = 'ATTIVA'
  AND ST_DWithin(s.posizione, ST_SetSRID(ST_MakePoint(?, ?), 4326)::geography, ?)

2026-09-27T15:57:59.846+02:00 DEBUG 26492 --- [crime-app-backend] [http-nio-8080-exec-7] org.hibernate.SQL                        : select c1_0.id,c1_0.attiva,c1_0.descrizione,c1_0.durata_validita_ore,c1_0.icona,c1_0.nome from categoria c1_0 where c1_0.id=?
2026-09-27T15:57:59.848+02:00 DEBUG 26492 --- [crime-app-backend] [http-nio-8080-exec-7] org.hibernate.SQL                        : select c1_0.id,c1_0.attiva,c1_0.descrizione,c1_0.durata_validita_ore,c1_0.icona,c1_0.nome from categoria c1_0 where c1_0.id=?
2026-09-27T15:57:59.851+02:00  INFO 26492 --- [crime-app-backend] [http-nio-8080-exec-7] c.d.c.config.RequestLoggingFilter        : GET /api/segnalazioni/vicine?lat=45.08240358732004&lng=7.685301303863526&raggioMetri=419 -> 200 (9 ms)
2026-09-27T15:58:02.142+02:00 DEBUG 26492 --- [crime-app-backend] [http-nio-8080-exec-8] org.hibernate.SQL                        : SELECT * FROM segnalazione s
WHERE s.stato = 'ATTIVA'
  AND ST_DWithin(s.posizione, ST_SetSRID(ST_MakePoint(?, ?), 4326)::geography, ?)

2026-09-27T15:58:02.144+02:00 DEBUG 26492 --- [crime-app-backend] [http-nio-8080-exec-8] org.hibernate.SQL                        : select c1_0.id,c1_0.attiva,c1_0.descrizione,c1_0.durata_validita_ore,c1_0.icona,c1_0.nome from categoria c1_0 where c1_0.id=?
2026-09-27T15:58:02.145+02:00 DEBUG 26492 --- [crime-app-backend] [http-nio-8080-exec-8] org.hibernate.SQL                        : select c1_0.id,c1_0.attiva,c1_0.descrizione,c1_0.durata_validita_ore,c1_0.icona,c1_0.nome from categoria c1_0 where c1_0.id=?
2026-09-27T15:58:02.148+02:00  INFO 26492 --- [crime-app-backend] [http-nio-8080-exec-8] c.d.c.config.RequestLoggingFilter        : GET /api/segnalazioni/vicine?lat=45.081865723295856&lng=7.687007188796998&raggioMetri=419 -> 200 (9 ms)
2026-09-27T15:58:03.160+02:00 DEBUG 26492 --- [crime-app-backend] [http-nio-8080-exec-9] org.hibernate.SQL                        : SELECT * FROM segnalazione s
WHERE s.stato = 'ATTIVA'
  AND ST_DWithin(s.posizione, ST_SetSRID(ST_MakePoint(?, ?), 4326)::geography, ?)

2026-09-27T15:58:03.162+02:00 DEBUG 26492 --- [crime-app-backend] [http-nio-8080-exec-9] org.hibernate.SQL                        : select c1_0.id,c1_0.attiva,c1_0.descrizione,c1_0.durata_validita_ore,c1_0.icona,c1_0.nome from categoria c1_0 where c1_0.id=?
2026-09-27T15:58:03.163+02:00 DEBUG 26492 --- [crime-app-backend] [http-nio-8080-exec-9] org.hibernate.SQL                        : select c1_0.id,c1_0.attiva,c1_0.descrizione,c1_0.durata_validita_ore,c1_0.icona,c1_0.nome from categoria c1_0 where c1_0.id=?
2026-09-27T15:58:03.165+02:00  INFO 26492 --- [crime-app-backend] [http-nio-8080-exec-9] c.d.c.config.RequestLoggingFilter        : GET /api/segnalazioni/vicine?lat=45.08219904807651&lng=7.686181068420411&raggioMetri=419 -> 200 (8 ms)
2026-09-27T15:58:04.981+02:00 DEBUG 26492 --- [crime-app-backend] [http-nio-8080-exec-10] org.hibernate.SQL                        : SELECT * FROM segnalazione s
WHERE s.stato = 'ATTIVA'
  AND ST_DWithin(s.posizione, ST_SetSRID(ST_MakePoint(?, ?), 4326)::geography, ?)

2026-09-27T15:58:04.983+02:00 DEBUG 26492 --- [crime-app-backend] [http-nio-8080-exec-10] org.hibernate.SQL                        : select c1_0.id,c1_0.attiva,c1_0.descrizione,c1_0.durata_validita_ore,c1_0.icona,c1_0.nome from categoria c1_0 where c1_0.id=?
2026-09-27T15:58:04.984+02:00 DEBUG 26492 --- [crime-app-backend] [http-nio-8080-exec-10] org.hibernate.SQL                        : select c1_0.id,c1_0.attiva,c1_0.descrizione,c1_0.durata_validita_ore,c1_0.icona,c1_0.nome from categoria c1_0 where c1_0.id=?
2026-09-27T15:58:04.985+02:00  INFO 26492 --- [crime-app-backend] [http-nio-8080-exec-10] c.d.c.config.RequestLoggingFilter        : GET /api/segnalazioni/vicine?lat=45.081865723295856&lng=7.687007188796998&raggioMetri=419 -> 200 (6 ms)
2026-09-27T15:58:09.917+02:00 DEBUG 26492 --- [crime-app-backend] [http-nio-8080-exec-2] org.hibernate.SQL                        : select s1_0.id,s1_0.anonima,s1_0.autore_id,s1_0.categoria_id,s1_0.data_creazione,s1_0.data_rimozione,s1_0.data_scadenza,s1_0.data_ultima_conferma,s1_0.descrizione,s1_0.posizione,s1_0.stato from segnalazione s1_0 where s1_0.id=?
2026-09-27T15:58:09.922+02:00 DEBUG 26492 --- [crime-app-backend] [http-nio-8080-exec-2] org.hibernate.SQL                        : select u1_0.id,u1_0.attivo,u1_0.cognome,u1_0.data_aggiornamento,u1_0.data_registrazione,u1_0.email,u1_0.identita_verificata,u1_0.nome,u1_0.password_hash,pn1_0.id,pn1_0.notifiche_attive,pn1_0.notifiche_solo_categorie_preferite,pn1_0.raggio_notifica_metri,pn1_0.utente_id,u1_0.punteggio_fiducia from utente u1_0 left join preferenze_notifica pn1_0 on u1_0.id=pn1_0.utente_id where u1_0.id=?
2026-09-27T15:58:09.953+02:00 DEBUG 26492 --- [crime-app-backend] [http-nio-8080-exec-2] org.hibernate.SQL                        : select cs1_0.id,cs1_0.ancora_in_atto,cs1_0.data_voto,cs1_0.segnalazione_id,cs1_0.utente_id from conferma_segnalazione cs1_0 where cs1_0.segnalazione_id=? and cs1_0.utente_id=?
2026-09-27T15:58:09.974+02:00 DEBUG 26492 --- [crime-app-backend] [http-nio-8080-exec-2] org.hibernate.SQL                        : insert into conferma_segnalazione (ancora_in_atto,data_voto,segnalazione_id,utente_id) values (?,?,?,?)
2026-09-27T15:58:10.011+02:00 DEBUG 26492 --- [crime-app-backend] [http-nio-8080-exec-2] org.hibernate.SQL                        : select count(cs1_0.id) from conferma_segnalazione cs1_0 where cs1_0.segnalazione_id=? and cs1_0.ancora_in_atto=false and cs1_0.data_voto>?
2026-09-27T15:58:10.015+02:00 DEBUG 26492 --- [crime-app-backend] [http-nio-8080-exec-2] org.hibernate.SQL                        : select c1_0.id,c1_0.attiva,c1_0.descrizione,c1_0.durata_validita_ore,c1_0.icona,c1_0.nome from categoria c1_0 where c1_0.id=?
2026-09-27T15:58:10.021+02:00  INFO 26492 --- [crime-app-backend] [http-nio-8080-exec-2] c.d.c.config.RequestLoggingFilter        : POST /api/segnalazioni/6/conferme -> 200 (157 ms)
2026-09-27T15:58:13.245+02:00 DEBUG 26492 --- [crime-app-backend] [http-nio-8080-exec-3] org.hibernate.SQL                        : SELECT * FROM segnalazione s
WHERE s.stato = 'ATTIVA'
  AND ST_DWithin(s.posizione, ST_SetSRID(ST_MakePoint(?, ?), 4326)::geography, ?)

2026-09-27T15:58:13.248+02:00 DEBUG 26492 --- [crime-app-backend] [http-nio-8080-exec-3] org.hibernate.SQL                        : select c1_0.id,c1_0.attiva,c1_0.descrizione,c1_0.durata_validita_ore,c1_0.icona,c1_0.nome from categoria c1_0 where c1_0.id=?
2026-09-27T15:58:13.251+02:00 DEBUG 26492 --- [crime-app-backend] [http-nio-8080-exec-3] org.hibernate.SQL                        : select c1_0.id,c1_0.attiva,c1_0.descrizione,c1_0.durata_validita_ore,c1_0.icona,c1_0.nome from categoria c1_0 where c1_0.id=?
2026-09-27T15:58:13.255+02:00  INFO 26492 --- [crime-app-backend] [http-nio-8080-exec-3] c.d.c.config.RequestLoggingFilter        : GET /api/segnalazioni/vicine?lat=45.08240358732004&lng=7.685301303863526&raggioMetri=419 -> 200 (14 ms)
2026-09-27T15:58:14.143+02:00 DEBUG 26492 --- [crime-app-backend] [http-nio-8080-exec-4] org.hibernate.SQL                        : SELECT * FROM segnalazione s
WHERE s.stato = 'ATTIVA'
  AND ST_DWithin(s.posizione, ST_SetSRID(ST_MakePoint(?, ?), 4326)::geography, ?)

2026-09-27T15:58:14.145+02:00 DEBUG 26492 --- [crime-app-backend] [http-nio-8080-exec-4] org.hibernate.SQL                        : select c1_0.id,c1_0.attiva,c1_0.descrizione,c1_0.durata_validita_ore,c1_0.icona,c1_0.nome from categoria c1_0 where c1_0.id=?
2026-09-27T15:58:14.146+02:00 DEBUG 26492 --- [crime-app-backend] [http-nio-8080-exec-4] org.hibernate.SQL                        : select c1_0.id,c1_0.attiva,c1_0.descrizione,c1_0.durata_validita_ore,c1_0.icona,c1_0.nome from categoria c1_0 where c1_0.id=?
2026-09-27T15:58:14.149+02:00  INFO 26492 --- [crime-app-backend] [http-nio-8080-exec-4] c.d.c.config.RequestLoggingFilter        : GET /api/segnalazioni/vicine?lat=45.081865723295856&lng=7.687007188796998&raggioMetri=419 -> 200 (8 ms)
2026-09-27T15:58:14.186+02:00 DEBUG 26492 --- [crime-app-backend] [scheduling-1] org.hibernate.SQL                        : select s1_0.id,s1_0.anonima,s1_0.autore_id,s1_0.categoria_id,s1_0.data_creazione,s1_0.data_rimozione,s1_0.data_scadenza,s1_0.data_ultima_conferma,s1_0.descrizione,s1_0.posizione,s1_0.stato from segnalazione s1_0 where s1_0.stato=? and s1_0.data_scadenza<?
2026-09-27T15:58:15.353+02:00 DEBUG 26492 --- [crime-app-backend] [http-nio-8080-exec-6] org.hibernate.SQL                        : select s1_0.id,s1_0.anonima,s1_0.autore_id,s1_0.categoria_id,s1_0.data_creazione,s1_0.data_rimozione,s1_0.data_scadenza,s1_0.data_ultima_conferma,s1_0.descrizione,s1_0.posizione,s1_0.stato from segnalazione s1_0 where s1_0.id=?
2026-09-27T15:58:15.356+02:00 DEBUG 26492 --- [crime-app-backend] [http-nio-8080-exec-6] org.hibernate.SQL                        : select u1_0.id,u1_0.attivo,u1_0.cognome,u1_0.data_aggiornamento,u1_0.data_registrazione,u1_0.email,u1_0.identita_verificata,u1_0.nome,u1_0.password_hash,pn1_0.id,pn1_0.notifiche_attive,pn1_0.notifiche_solo_categorie_preferite,pn1_0.raggio_notifica_metri,pn1_0.utente_id,u1_0.punteggio_fiducia from utente u1_0 left join preferenze_notifica pn1_0 on u1_0.id=pn1_0.utente_id where u1_0.id=?
2026-09-27T15:58:15.359+02:00 DEBUG 26492 --- [crime-app-backend] [http-nio-8080-exec-6] org.hibernate.SQL                        : select cs1_0.id,cs1_0.ancora_in_atto,cs1_0.data_voto,cs1_0.segnalazione_id,cs1_0.utente_id from conferma_segnalazione cs1_0 where cs1_0.segnalazione_id=? and cs1_0.utente_id=?
2026-09-27T15:58:15.361+02:00 DEBUG 26492 --- [crime-app-backend] [http-nio-8080-exec-6] org.hibernate.SQL                        : select c1_0.id,c1_0.attiva,c1_0.descrizione,c1_0.durata_validita_ore,c1_0.icona,c1_0.nome from categoria c1_0 where c1_0.id=?
2026-09-27T15:58:15.363+02:00  INFO 26492 --- [crime-app-backend] [http-nio-8080-exec-6] c.d.c.config.RequestLoggingFilter        : POST /api/segnalazioni/6/conferme -> 200 (13 ms)
2026-09-27T15:58:17.292+02:00 DEBUG 26492 --- [crime-app-backend] [http-nio-8080-exec-7] org.hibernate.SQL                        : SELECT * FROM segnalazione s
WHERE s.stato = 'ATTIVA'
  AND ST_DWithin(s.posizione, ST_SetSRID(ST_MakePoint(?, ?), 4326)::geography, ?)

2026-09-27T15:58:17.294+02:00 DEBUG 26492 --- [crime-app-backend] [http-nio-8080-exec-7] org.hibernate.SQL                        : select c1_0.id,c1_0.attiva,c1_0.descrizione,c1_0.durata_validita_ore,c1_0.icona,c1_0.nome from categoria c1_0 where c1_0.id=?
2026-09-27T15:58:17.295+02:00 DEBUG 26492 --- [crime-app-backend] [http-nio-8080-exec-7] org.hibernate.SQL                        : select c1_0.id,c1_0.attiva,c1_0.descrizione,c1_0.durata_validita_ore,c1_0.icona,c1_0.nome from categoria c1_0 where c1_0.id=?
2026-09-27T15:58:17.297+02:00  INFO 26492 --- [crime-app-backend] [http-nio-8080-exec-7] c.d.c.config.RequestLoggingFilter        : GET /api/segnalazioni/vicine?lat=45.08240358732004&lng=7.685301303863526&raggioMetri=419 -> 200 (7 ms)
2026-09-27T15:58:18.229+02:00 DEBUG 26492 --- [crime-app-backend] [http-nio-8080-exec-8] org.hibernate.SQL                        : SELECT * FROM segnalazione s
WHERE s.stato = 'ATTIVA'
  AND ST_DWithin(s.posizione, ST_SetSRID(ST_MakePoint(?, ?), 4326)::geography, ?)

2026-09-27T15:58:18.231+02:00 DEBUG 26492 --- [crime-app-backend] [http-nio-8080-exec-9] org.hibernate.SQL                        : select s1_0.id,s1_0.anonima,s1_0.autore_id,s1_0.categoria_id,s1_0.data_creazione,s1_0.data_rimozione,s1_0.data_scadenza,s1_0.data_ultima_conferma,s1_0.descrizione,s1_0.posizione,s1_0.stato from segnalazione s1_0 where s1_0.id=?
2026-09-27T15:58:18.232+02:00 DEBUG 26492 --- [crime-app-backend] [http-nio-8080-exec-8] org.hibernate.SQL                        : select c1_0.id,c1_0.attiva,c1_0.descrizione,c1_0.durata_validita_ore,c1_0.icona,c1_0.nome from categoria c1_0 where c1_0.id=?
2026-09-27T15:58:18.233+02:00 DEBUG 26492 --- [crime-app-backend] [http-nio-8080-exec-8] org.hibernate.SQL                        : select c1_0.id,c1_0.attiva,c1_0.descrizione,c1_0.durata_validita_ore,c1_0.icona,c1_0.nome from categoria c1_0 where c1_0.id=?
2026-09-27T15:58:18.235+02:00  INFO 26492 --- [crime-app-backend] [http-nio-8080-exec-8] c.d.c.config.RequestLoggingFilter        : GET /api/segnalazioni/vicine?lat=45.081865723295856&lng=7.687007188796998&raggioMetri=419 -> 200 (8 ms)
2026-09-27T15:58:18.297+02:00 DEBUG 26492 --- [crime-app-backend] [http-nio-8080-exec-9] org.hibernate.SQL                        : select u1_0.id,u1_0.attivo,u1_0.cognome,u1_0.data_aggiornamento,u1_0.data_registrazione,u1_0.email,u1_0.identita_verificata,u1_0.nome,u1_0.password_hash,pn1_0.id,pn1_0.notifiche_attive,pn1_0.notifiche_solo_categorie_preferite,pn1_0.raggio_notifica_metri,pn1_0.utente_id,u1_0.punteggio_fiducia from utente u1_0 left join preferenze_notifica pn1_0 on u1_0.id=pn1_0.utente_id where u1_0.id=?
2026-09-27T15:58:18.300+02:00 DEBUG 26492 --- [crime-app-backend] [http-nio-8080-exec-9] org.hibernate.SQL                        : select cs1_0.id,cs1_0.ancora_in_atto,cs1_0.data_voto,cs1_0.segnalazione_id,cs1_0.utente_id from conferma_segnalazione cs1_0 where cs1_0.segnalazione_id=? and cs1_0.utente_id=?
2026-09-27T15:58:18.302+02:00 DEBUG 26492 --- [crime-app-backend] [http-nio-8080-exec-9] org.hibernate.SQL                        : select c1_0.id,c1_0.attiva,c1_0.descrizione,c1_0.durata_validita_ore,c1_0.icona,c1_0.nome from categoria c1_0 where c1_0.id=?
2026-09-27T15:58:18.305+02:00  INFO 26492 --- [crime-app-backend] [http-nio-8080-exec-9] c.d.c.config.RequestLoggingFilter        : POST /api/segnalazioni/6/conferme -> 200 (77 ms)
2026-09-27T15:58:20.460+02:00 DEBUG 26492 --- [crime-app-backend] [http-nio-8080-exec-10] org.hibernate.SQL                        : SELECT * FROM segnalazione s
WHERE s.stato = 'ATTIVA'
  AND ST_DWithin(s.posizione, ST_SetSRID(ST_MakePoint(?, ?), 4326)::geography, ?)

2026-09-27T15:58:20.462+02:00 DEBUG 26492 --- [crime-app-backend] [http-nio-8080-exec-10] org.hibernate.SQL                        : select c1_0.id,c1_0.attiva,c1_0.descrizione,c1_0.durata_validita_ore,c1_0.icona,c1_0.nome from categoria c1_0 where c1_0.id=?
2026-09-27T15:58:20.463+02:00 DEBUG 26492 --- [crime-app-backend] [http-nio-8080-exec-10] org.hibernate.SQL                        : select c1_0.id,c1_0.attiva,c1_0.descrizione,c1_0.durata_validita_ore,c1_0.icona,c1_0.nome from categoria c1_0 where c1_0.id=?
2026-09-27T15:58:20.467+02:00  INFO 26492 --- [crime-app-backend] [http-nio-8080-exec-10] c.d.c.config.RequestLoggingFilter        : GET /api/segnalazioni/vicine?lat=45.08240358732004&lng=7.685301303863526&raggioMetri=419 -> 200 (10 ms)
2026-09-27T15:58:21.259+02:00 DEBUG 26492 --- [crime-app-backend] [http-nio-8080-exec-1] org.hibernate.SQL                        : SELECT * FROM segnalazione s
WHERE s.stato = 'ATTIVA'
  AND ST_DWithin(s.posizione, ST_SetSRID(ST_MakePoint(?, ?), 4326)::geography, ?)

2026-09-27T15:58:21.261+02:00 DEBUG 26492 --- [crime-app-backend] [http-nio-8080-exec-1] org.hibernate.SQL                        : select c1_0.id,c1_0.attiva,c1_0.descrizione,c1_0.durata_validita_ore,c1_0.icona,c1_0.nome from categoria c1_0 where c1_0.id=?
2026-09-27T15:58:21.262+02:00 DEBUG 26492 --- [crime-app-backend] [http-nio-8080-exec-1] org.hibernate.SQL                        : select c1_0.id,c1_0.attiva,c1_0.descrizione,c1_0.durata_validita_ore,c1_0.icona,c1_0.nome from categoria c1_0 where c1_0.id=?
2026-09-27T15:58:21.264+02:00  INFO 26492 --- [crime-app-backend] [http-nio-8080-exec-1] c.d.c.config.RequestLoggingFilter        : GET /api/segnalazioni/vicine?lat=45.08219904807651&lng=7.686181068420411&raggioMetri=419 -> 200 (8 ms)
2026-09-27T15:58:42.648+02:00 DEBUG 26492 --- [crime-app-backend] [http-nio-8080-exec-2] org.hibernate.SQL                        : select c1_0.id,c1_0.attiva,c1_0.descrizione,c1_0.durata_validita_ore,c1_0.icona,c1_0.nome from categoria c1_0
2026-09-27T15:58:42.652+02:00  INFO 26492 --- [crime-app-backend] [http-nio-8080-exec-2] c.d.c.config.RequestLoggingFilter        : GET /api/categorie -> 200 (8 ms)
2026-09-27T15:58:43.206+02:00 DEBUG 26492 --- [crime-app-backend] [http-nio-8080-exec-3] org.hibernate.SQL                        : SELECT * FROM segnalazione s
WHERE s.stato = 'ATTIVA'
  AND ST_DWithin(s.posizione, ST_SetSRID(ST_MakePoint(?, ?), 4326)::geography, ?)

2026-09-27T15:58:43.210+02:00  INFO 26492 --- [crime-app-backend] [http-nio-8080-exec-3] c.d.c.config.RequestLoggingFilter        : GET /api/segnalazioni/vicine?lat=45.31805570944313&lng=8.858928680419924&raggioMetri=6666 -> 200 (6 ms)
2026-09-27T16:03:14.184+02:00 DEBUG 26492 --- [crime-app-backend] [scheduling-1] org.hibernate.SQL                        : select s1_0.id,s1_0.anonima,s1_0.autore_id,s1_0.categoria_id,s1_0.data_creazione,s1_0.data_rimozione,s1_0.data_scadenza,s1_0.data_ultima_conferma,s1_0.descrizione,s1_0.posizione,s1_0.stato from segnalazione s1_0 where s1_0.stato=? and s1_0.data_scadenza<?
2026-09-27T16:05:21.654+02:00 DEBUG 26492 --- [crime-app-backend] [http-nio-8080-exec-6] org.hibernate.SQL                        : SELECT * FROM segnalazione s
WHERE s.stato = 'ATTIVA'
  AND ST_DWithin(s.posizione, ST_SetSRID(ST_MakePoint(?, ?), 4326)::geography, ?)

2026-09-27T16:05:21.739+02:00 DEBUG 26492 --- [crime-app-backend] [http-nio-8080-exec-6] org.hibernate.SQL                        : select c1_0.id,c1_0.attiva,c1_0.descrizione,c1_0.durata_validita_ore,c1_0.icona,c1_0.nome from categoria c1_0 where c1_0.id=?
2026-09-27T16:05:21.741+02:00 DEBUG 26492 --- [crime-app-backend] [http-nio-8080-exec-6] org.hibernate.SQL                        : select c1_0.id,c1_0.attiva,c1_0.descrizione,c1_0.durata_validita_ore,c1_0.icona,c1_0.nome from categoria c1_0 where c1_0.id=?
2026-09-27T16:05:21.743+02:00  INFO 26492 --- [crime-app-backend] [http-nio-8080-exec-6] c.d.c.config.RequestLoggingFilter        : GET /api/segnalazioni/vicine?lat=45.0824&lng=7.6853&raggioMetri=419 -> 200 (91 ms)
2026-09-27T16:05:22.626+02:00 DEBUG 26492 --- [crime-app-backend] [http-nio-8080-exec-7] org.hibernate.SQL                        : select c1_0.id,c1_0.attiva,c1_0.descrizione,c1_0.durata_validita_ore,c1_0.icona,c1_0.nome from categoria c1_0
2026-09-27T16:05:22.629+02:00  INFO 26492 --- [crime-app-backend] [http-nio-8080-exec-7] c.d.c.config.RequestLoggingFilter        : GET /api/categorie -> 200 (6 ms)
2026-09-27T16:05:23.963+02:00 DEBUG 26492 --- [crime-app-backend] [http-nio-8080-exec-8] org.hibernate.SQL                        : select c1_0.id,c1_0.attiva,c1_0.descrizione,c1_0.durata_validita_ore,c1_0.icona,c1_0.nome from categoria c1_0
2026-09-27T16:05:23.966+02:00  INFO 26492 --- [crime-app-backend] [http-nio-8080-exec-8] c.d.c.config.RequestLoggingFilter        : GET /api/categorie -> 200 (7 ms)
2026-09-27T16:05:24.292+02:00 DEBUG 26492 --- [crime-app-backend] [http-nio-8080-exec-9] org.hibernate.SQL                        : SELECT * FROM segnalazione s
WHERE s.stato = 'ATTIVA'
  AND ST_DWithin(s.posizione, ST_SetSRID(ST_MakePoint(?, ?), 4326)::geography, ?)

2026-09-27T16:05:24.295+02:00 DEBUG 26492 --- [crime-app-backend] [http-nio-8080-exec-9] org.hibernate.SQL                        : select c1_0.id,c1_0.attiva,c1_0.descrizione,c1_0.durata_validita_ore,c1_0.icona,c1_0.nome from categoria c1_0 where c1_0.id=?
2026-09-27T16:05:24.296+02:00 DEBUG 26492 --- [crime-app-backend] [http-nio-8080-exec-9] org.hibernate.SQL                        : select c1_0.id,c1_0.attiva,c1_0.descrizione,c1_0.durata_validita_ore,c1_0.icona,c1_0.nome from categoria c1_0 where c1_0.id=?
2026-09-27T16:05:24.299+02:00  INFO 26492 --- [crime-app-backend] [http-nio-8080-exec-9] c.d.c.config.RequestLoggingFilter        : GET /api/segnalazioni/vicine?lat=45.0824&lng=7.6853&raggioMetri=419 -> 200 (8 ms)
2026-09-27T16:05:25.406+02:00 DEBUG 26492 --- [crime-app-backend] [http-nio-8080-exec-10] org.hibernate.SQL                        : SELECT * FROM segnalazione s
WHERE s.stato = 'ATTIVA'
  AND ST_DWithin(s.posizione, ST_SetSRID(ST_MakePoint(?, ?), 4326)::geography, ?)

2026-09-27T16:05:25.409+02:00 DEBUG 26492 --- [crime-app-backend] [http-nio-8080-exec-10] org.hibernate.SQL                        : select c1_0.id,c1_0.attiva,c1_0.descrizione,c1_0.durata_validita_ore,c1_0.icona,c1_0.nome from categoria c1_0 where c1_0.id=?
2026-09-27T16:05:25.411+02:00 DEBUG 26492 --- [crime-app-backend] [http-nio-8080-exec-10] org.hibernate.SQL                        : select c1_0.id,c1_0.attiva,c1_0.descrizione,c1_0.durata_validita_ore,c1_0.icona,c1_0.nome from categoria c1_0 where c1_0.id=?
2026-09-27T16:05:25.413+02:00  INFO 26492 --- [crime-app-backend] [http-nio-8080-exec-10] c.d.c.config.RequestLoggingFilter        : GET /api/segnalazioni/vicine?lat=45.08240358732004&lng=7.686138153076173&raggioMetri=419 -> 200 (9 ms)
2026-09-27T16:05:27.691+02:00 DEBUG 26492 --- [crime-app-backend] [http-nio-8080-exec-1] org.hibernate.SQL                        : SELECT * FROM segnalazione s
WHERE s.stato = 'ATTIVA'
  AND ST_DWithin(s.posizione, ST_SetSRID(ST_MakePoint(?, ?), 4326)::geography, ?)

2026-09-27T16:05:27.693+02:00 DEBUG 26492 --- [crime-app-backend] [http-nio-8080-exec-1] org.hibernate.SQL                        : select c1_0.id,c1_0.attiva,c1_0.descrizione,c1_0.durata_validita_ore,c1_0.icona,c1_0.nome from categoria c1_0 where c1_0.id=?
2026-09-27T16:05:27.694+02:00 DEBUG 26492 --- [crime-app-backend] [http-nio-8080-exec-1] org.hibernate.SQL                        : select c1_0.id,c1_0.attiva,c1_0.descrizione,c1_0.durata_validita_ore,c1_0.icona,c1_0.nome from categoria c1_0 where c1_0.id=?
2026-09-27T16:05:27.698+02:00  INFO 26492 --- [crime-app-backend] [http-nio-8080-exec-1] c.d.c.config.RequestLoggingFilter        : GET /api/segnalazioni/vicine?lat=45.08249449341541&lng=7.688369750976563&raggioMetri=419 -> 200 (10 ms)
2026-09-27T16:05:29.611+02:00 DEBUG 26492 --- [crime-app-backend] [http-nio-8080-exec-2] org.hibernate.SQL                        : SELECT * FROM segnalazione s
WHERE s.stato = 'ATTIVA'
  AND ST_DWithin(s.posizione, ST_SetSRID(ST_MakePoint(?, ?), 4326)::geography, ?)

2026-09-27T16:05:29.613+02:00 DEBUG 26492 --- [crime-app-backend] [http-nio-8080-exec-2] org.hibernate.SQL                        : select c1_0.id,c1_0.attiva,c1_0.descrizione,c1_0.durata_validita_ore,c1_0.icona,c1_0.nome from categoria c1_0 where c1_0.id=?
2026-09-27T16:05:29.614+02:00 DEBUG 26492 --- [crime-app-backend] [http-nio-8080-exec-2] org.hibernate.SQL                        : select c1_0.id,c1_0.attiva,c1_0.descrizione,c1_0.durata_validita_ore,c1_0.icona,c1_0.nome from categoria c1_0 where c1_0.id=?
2026-09-27T16:05:29.616+02:00  INFO 26492 --- [crime-app-backend] [http-nio-8080-exec-2] c.d.c.config.RequestLoggingFilter        : GET /api/segnalazioni/vicine?lat=45.082464191399694&lng=7.686481475830079&raggioMetri=419 -> 200 (8 ms)
2026-09-27T16:05:31.338+02:00 DEBUG 26492 --- [crime-app-backend] [http-nio-8080-exec-3] org.hibernate.SQL                        : SELECT * FROM segnalazione s
WHERE s.stato = 'ATTIVA'
  AND ST_DWithin(s.posizione, ST_SetSRID(ST_MakePoint(?, ?), 4326)::geography, ?)

2026-09-27T16:05:31.339+02:00 DEBUG 26492 --- [crime-app-backend] [http-nio-8080-exec-3] org.hibernate.SQL                        : select c1_0.id,c1_0.attiva,c1_0.descrizione,c1_0.durata_validita_ore,c1_0.icona,c1_0.nome from categoria c1_0 where c1_0.id=?
2026-09-27T16:05:31.341+02:00 DEBUG 26492 --- [crime-app-backend] [http-nio-8080-exec-3] org.hibernate.SQL                        : select c1_0.id,c1_0.attiva,c1_0.descrizione,c1_0.durata_validita_ore,c1_0.icona,c1_0.nome from categoria c1_0 where c1_0.id=?
2026-09-27T16:05:31.343+02:00  INFO 26492 --- [crime-app-backend] [http-nio-8080-exec-3] c.d.c.config.RequestLoggingFilter        : GET /api/segnalazioni/vicine?lat=45.08282781452767&lng=7.6828980445861825&raggioMetri=419 -> 200 (7 ms)
2026-09-27T16:05:32.314+02:00 DEBUG 26492 --- [crime-app-backend] [http-nio-8080-exec-4] org.hibernate.SQL                        : SELECT * FROM segnalazione s
WHERE s.stato = 'ATTIVA'
  AND ST_DWithin(s.posizione, ST_SetSRID(ST_MakePoint(?, ?), 4326)::geography, ?)

2026-09-27T16:05:32.316+02:00 DEBUG 26492 --- [crime-app-backend] [http-nio-8080-exec-4] org.hibernate.SQL                        : select c1_0.id,c1_0.attiva,c1_0.descrizione,c1_0.durata_validita_ore,c1_0.icona,c1_0.nome from categoria c1_0 where c1_0.id=?
2026-09-27T16:05:32.318+02:00  INFO 26492 --- [crime-app-backend] [http-nio-8080-exec-4] c.d.c.config.RequestLoggingFilter        : GET /api/segnalazioni/vicine?lat=45.082805088149954&lng=7.681192159652711&raggioMetri=419 -> 200 (7 ms)
2026-09-27T16:05:33.129+02:00 DEBUG 26492 --- [crime-app-backend] [http-nio-8080-exec-5] org.hibernate.SQL                        : SELECT * FROM segnalazione s
WHERE s.stato = 'ATTIVA'
  AND ST_DWithin(s.posizione, ST_SetSRID(ST_MakePoint(?, ?), 4326)::geography, ?)

2026-09-27T16:05:33.131+02:00 DEBUG 26492 --- [crime-app-backend] [http-nio-8080-exec-5] org.hibernate.SQL                        : select c1_0.id,c1_0.attiva,c1_0.descrizione,c1_0.durata_validita_ore,c1_0.icona,c1_0.nome from categoria c1_0 where c1_0.id=?
2026-09-27T16:05:33.132+02:00 DEBUG 26492 --- [crime-app-backend] [http-nio-8080-exec-5] org.hibernate.SQL                        : select c1_0.id,c1_0.attiva,c1_0.descrizione,c1_0.durata_validita_ore,c1_0.icona,c1_0.nome from categoria c1_0 where c1_0.id=?
2026-09-27T16:05:33.136+02:00  INFO 26492 --- [crime-app-backend] [http-nio-8080-exec-5] c.d.c.config.RequestLoggingFilter        : GET /api/segnalazioni/vicine?lat=45.08234298317606&lng=7.684582471847535&raggioMetri=419 -> 200 (10 ms)
2026-09-27T16:05:33.450+02:00 DEBUG 26492 --- [crime-app-backend] [http-nio-8080-exec-6] org.hibernate.SQL                        : SELECT * FROM segnalazione s
WHERE s.stato = 'ATTIVA'
  AND ST_DWithin(s.posizione, ST_SetSRID(ST_MakePoint(?, ?), 4326)::geography, ?)

2026-09-27T16:05:33.452+02:00 DEBUG 26492 --- [crime-app-backend] [http-nio-8080-exec-6] org.hibernate.SQL                        : select c1_0.id,c1_0.attiva,c1_0.descrizione,c1_0.durata_validita_ore,c1_0.icona,c1_0.nome from categoria c1_0 where c1_0.id=?
2026-09-27T16:05:33.453+02:00 DEBUG 26492 --- [crime-app-backend] [http-nio-8080-exec-6] org.hibernate.SQL                        : select c1_0.id,c1_0.attiva,c1_0.descrizione,c1_0.durata_validita_ore,c1_0.icona,c1_0.nome from categoria c1_0 where c1_0.id=?
2026-09-27T16:05:33.456+02:00  INFO 26492 --- [crime-app-backend] [http-nio-8080-exec-6] c.d.c.config.RequestLoggingFilter        : GET /api/segnalazioni/vicine?lat=45.082017234800865&lng=7.685623168945313&raggioMetri=419 -> 200 (7 ms)
2026-09-27T16:05:34.102+02:00 DEBUG 26492 --- [crime-app-backend] [http-nio-8080-exec-7] org.hibernate.SQL                        : SELECT * FROM segnalazione s
WHERE s.stato = 'ATTIVA'
  AND ST_DWithin(s.posizione, ST_SetSRID(ST_MakePoint(?, ?), 4326)::geography, ?)

2026-09-27T16:05:34.104+02:00 DEBUG 26492 --- [crime-app-backend] [http-nio-8080-exec-7] org.hibernate.SQL                        : select c1_0.id,c1_0.attiva,c1_0.descrizione,c1_0.durata_validita_ore,c1_0.icona,c1_0.nome from categoria c1_0 where c1_0.id=?
2026-09-27T16:05:34.105+02:00 DEBUG 26492 --- [crime-app-backend] [http-nio-8080-exec-7] org.hibernate.SQL                        : select c1_0.id,c1_0.attiva,c1_0.descrizione,c1_0.durata_validita_ore,c1_0.icona,c1_0.nome from categoria c1_0 where c1_0.id=?
2026-09-27T16:05:34.108+02:00  INFO 26492 --- [crime-app-backend] [http-nio-8080-exec-7] c.d.c.config.RequestLoggingFilter        : GET /api/segnalazioni/vicine?lat=45.082668729693935&lng=7.686041593551637&raggioMetri=419 -> 200 (9 ms)
2026-09-27T16:05:35.545+02:00 DEBUG 26492 --- [crime-app-backend] [http-nio-8080-exec-8] org.hibernate.SQL                        : SELECT * FROM segnalazione s
WHERE s.stato = 'ATTIVA'
  AND ST_DWithin(s.posizione, ST_SetSRID(ST_MakePoint(?, ?), 4326)::geography, ?)

2026-09-27T16:05:35.547+02:00 DEBUG 26492 --- [crime-app-backend] [http-nio-8080-exec-8] org.hibernate.SQL                        : select c1_0.id,c1_0.attiva,c1_0.descrizione,c1_0.durata_validita_ore,c1_0.icona,c1_0.nome from categoria c1_0 where c1_0.id=?
2026-09-27T16:05:35.548+02:00 DEBUG 26492 --- [crime-app-backend] [http-nio-8080-exec-8] org.hibernate.SQL                        : select c1_0.id,c1_0.attiva,c1_0.descrizione,c1_0.durata_validita_ore,c1_0.icona,c1_0.nome from categoria c1_0 where c1_0.id=?
2026-09-27T16:05:35.550+02:00  INFO 26492 --- [crime-app-backend] [http-nio-8080-exec-8] c.d.c.config.RequestLoggingFilter        : GET /api/segnalazioni/vicine?lat=45.08219904807651&lng=7.686181068420411&raggioMetri=419 -> 200 (7 ms)
2026-09-27T16:05:36.190+02:00 DEBUG 26492 --- [crime-app-backend] [http-nio-8080-exec-9] org.hibernate.SQL                        : SELECT * FROM segnalazione s
WHERE s.stato = 'ATTIVA'
  AND ST_DWithin(s.posizione, ST_SetSRID(ST_MakePoint(?, ?), 4326)::geography, ?)

2026-09-27T16:05:36.191+02:00 DEBUG 26492 --- [crime-app-backend] [http-nio-8080-exec-9] org.hibernate.SQL                        : select c1_0.id,c1_0.attiva,c1_0.descrizione,c1_0.durata_validita_ore,c1_0.icona,c1_0.nome from categoria c1_0 where c1_0.id=?
2026-09-27T16:05:36.192+02:00 DEBUG 26492 --- [crime-app-backend] [http-nio-8080-exec-9] org.hibernate.SQL                        : select c1_0.id,c1_0.attiva,c1_0.descrizione,c1_0.durata_validita_ore,c1_0.icona,c1_0.nome from categoria c1_0 where c1_0.id=?
2026-09-27T16:05:36.194+02:00  INFO 26492 --- [crime-app-backend] [http-nio-8080-exec-9] c.d.c.config.RequestLoggingFilter        : GET /api/segnalazioni/vicine?lat=45.081865723295856&lng=7.687007188796998&raggioMetri=419 -> 200 (7 ms)
2026-09-27T16:05:37.367+02:00 DEBUG 26492 --- [crime-app-backend] [http-nio-8080-exec-10] org.hibernate.SQL                        : SELECT * FROM segnalazione s
WHERE s.stato = 'ATTIVA'
  AND ST_DWithin(s.posizione, ST_SetSRID(ST_MakePoint(?, ?), 4326)::geography, ?)

2026-09-27T16:05:37.368+02:00 DEBUG 26492 --- [crime-app-backend] [http-nio-8080-exec-10] org.hibernate.SQL                        : select c1_0.id,c1_0.attiva,c1_0.descrizione,c1_0.durata_validita_ore,c1_0.icona,c1_0.nome from categoria c1_0 where c1_0.id=?
2026-09-27T16:05:37.369+02:00 DEBUG 26492 --- [crime-app-backend] [http-nio-8080-exec-10] org.hibernate.SQL                        : select c1_0.id,c1_0.attiva,c1_0.descrizione,c1_0.durata_validita_ore,c1_0.icona,c1_0.nome from categoria c1_0 where c1_0.id=?
2026-09-27T16:05:37.371+02:00  INFO 26492 --- [crime-app-backend] [http-nio-8080-exec-10] c.d.c.config.RequestLoggingFilter        : GET /api/segnalazioni/vicine?lat=45.08219904807651&lng=7.686181068420411&raggioMetri=419 -> 200 (6 ms)
2026-09-27T16:05:38.017+02:00 DEBUG 26492 --- [crime-app-backend] [http-nio-8080-exec-1] org.hibernate.SQL                        : SELECT * FROM segnalazione s
WHERE s.stato = 'ATTIVA'
  AND ST_DWithin(s.posizione, ST_SetSRID(ST_MakePoint(?, ?), 4326)::geography, ?)

2026-09-27T16:05:38.019+02:00 DEBUG 26492 --- [crime-app-backend] [http-nio-8080-exec-1] org.hibernate.SQL                        : select c1_0.id,c1_0.attiva,c1_0.descrizione,c1_0.durata_validita_ore,c1_0.icona,c1_0.nome from categoria c1_0 where c1_0.id=?
2026-09-27T16:05:38.020+02:00 DEBUG 26492 --- [crime-app-backend] [http-nio-8080-exec-1] org.hibernate.SQL                        : select c1_0.id,c1_0.attiva,c1_0.descrizione,c1_0.durata_validita_ore,c1_0.icona,c1_0.nome from categoria c1_0 where c1_0.id=?
2026-09-27T16:05:38.022+02:00  INFO 26492 --- [crime-app-backend] [http-nio-8080-exec-1] c.d.c.config.RequestLoggingFilter        : GET /api/segnalazioni/vicine?lat=45.081865723295856&lng=7.687007188796998&raggioMetri=419 -> 200 (7 ms)
2026-09-27T16:05:39.203+02:00 DEBUG 26492 --- [crime-app-backend] [http-nio-8080-exec-2] org.hibernate.SQL                        : SELECT * FROM segnalazione s
WHERE s.stato = 'ATTIVA'
  AND ST_DWithin(s.posizione, ST_SetSRID(ST_MakePoint(?, ?), 4326)::geography, ?)

2026-09-27T16:05:39.204+02:00 DEBUG 26492 --- [crime-app-backend] [http-nio-8080-exec-2] org.hibernate.SQL                        : select c1_0.id,c1_0.attiva,c1_0.descrizione,c1_0.durata_validita_ore,c1_0.icona,c1_0.nome from categoria c1_0 where c1_0.id=?
2026-09-27T16:05:39.206+02:00 DEBUG 26492 --- [crime-app-backend] [http-nio-8080-exec-2] org.hibernate.SQL                        : select c1_0.id,c1_0.attiva,c1_0.descrizione,c1_0.durata_validita_ore,c1_0.icona,c1_0.nome from categoria c1_0 where c1_0.id=?
2026-09-27T16:05:39.208+02:00  INFO 26492 --- [crime-app-backend] [http-nio-8080-exec-2] c.d.c.config.RequestLoggingFilter        : GET /api/segnalazioni/vicine?lat=45.08240358732004&lng=7.685301303863526&raggioMetri=419 -> 200 (8 ms)
2026-09-27T16:05:39.951+02:00 DEBUG 26492 --- [crime-app-backend] [http-nio-8080-exec-3] org.hibernate.SQL                        : SELECT * FROM segnalazione s
WHERE s.stato = 'ATTIVA'
  AND ST_DWithin(s.posizione, ST_SetSRID(ST_MakePoint(?, ?), 4326)::geography, ?)

2026-09-27T16:05:39.954+02:00 DEBUG 26492 --- [crime-app-backend] [http-nio-8080-exec-3] org.hibernate.SQL                        : select c1_0.id,c1_0.attiva,c1_0.descrizione,c1_0.durata_validita_ore,c1_0.icona,c1_0.nome from categoria c1_0 where c1_0.id=?
2026-09-27T16:05:39.955+02:00 DEBUG 26492 --- [crime-app-backend] [http-nio-8080-exec-3] org.hibernate.SQL                        : select c1_0.id,c1_0.attiva,c1_0.descrizione,c1_0.durata_validita_ore,c1_0.icona,c1_0.nome from categoria c1_0 where c1_0.id=?
2026-09-27T16:05:39.958+02:00  INFO 26492 --- [crime-app-backend] [http-nio-8080-exec-3] c.d.c.config.RequestLoggingFilter        : GET /api/segnalazioni/vicine?lat=45.08219904807651&lng=7.686181068420411&raggioMetri=419 -> 200 (9 ms)
2026-09-27T16:05:41.427+02:00 DEBUG 26492 --- [crime-app-backend] [http-nio-8080-exec-4] org.hibernate.SQL                        : SELECT * FROM segnalazione s
WHERE s.stato = 'ATTIVA'
  AND ST_DWithin(s.posizione, ST_SetSRID(ST_MakePoint(?, ?), 4326)::geography, ?)

2026-09-27T16:05:41.429+02:00 DEBUG 26492 --- [crime-app-backend] [http-nio-8080-exec-4] org.hibernate.SQL                        : select c1_0.id,c1_0.attiva,c1_0.descrizione,c1_0.durata_validita_ore,c1_0.icona,c1_0.nome from categoria c1_0 where c1_0.id=?
2026-09-27T16:05:41.432+02:00  INFO 26492 --- [crime-app-backend] [http-nio-8080-exec-4] c.d.c.config.RequestLoggingFilter        : GET /api/segnalazioni/vicine?lat=45.081865723295856&lng=7.681760787963868&raggioMetri=419 -> 200 (6 ms)
2026-09-27T16:05:41.828+02:00 DEBUG 26492 --- [crime-app-backend] [http-nio-8080-exec-5] org.hibernate.SQL                        : SELECT * FROM segnalazione s
WHERE s.stato = 'ATTIVA'
  AND ST_DWithin(s.posizione, ST_SetSRID(ST_MakePoint(?, ?), 4326)::geography, ?)

2026-09-27T16:05:41.832+02:00  INFO 26492 --- [crime-app-backend] [http-nio-8080-exec-5] c.d.c.config.RequestLoggingFilter        : GET /api/segnalazioni/vicine?lat=45.08203996149198&lng=7.680183649063111&raggioMetri=419 -> 200 (5 ms)
2026-09-27T16:05:42.150+02:00 DEBUG 26492 --- [crime-app-backend] [http-nio-8080-exec-6] org.hibernate.SQL                        : SELECT * FROM segnalazione s
WHERE s.stato = 'ATTIVA'
  AND ST_DWithin(s.posizione, ST_SetSRID(ST_MakePoint(?, ?), 4326)::geography, ?)

2026-09-27T16:05:42.154+02:00  INFO 26492 --- [crime-app-backend] [http-nio-8080-exec-6] c.d.c.config.RequestLoggingFilter        : GET /api/segnalazioni/vicine?lat=45.081918752368324&lng=7.677351236343385&raggioMetri=419 -> 200 (5 ms)
2026-09-27T16:05:42.799+02:00 DEBUG 26492 --- [crime-app-backend] [http-nio-8080-exec-7] org.hibernate.SQL                        : SELECT * FROM segnalazione s
WHERE s.stato = 'ATTIVA'
  AND ST_DWithin(s.posizione, ST_SetSRID(ST_MakePoint(?, ?), 4326)::geography, ?)

2026-09-27T16:05:42.802+02:00  INFO 26492 --- [crime-app-backend] [http-nio-8080-exec-7] c.d.c.config.RequestLoggingFilter        : GET /api/segnalazioni/vicine?lat=45.08169906017624&lng=7.679185867309571&raggioMetri=419 -> 200 (6 ms)
2026-09-27T16:05:44.211+02:00 DEBUG 26492 --- [crime-app-backend] [http-nio-8080-exec-8] org.hibernate.SQL                        : SELECT * FROM segnalazione s
WHERE s.stato = 'ATTIVA'
  AND ST_DWithin(s.posizione, ST_SetSRID(ST_MakePoint(?, ?), 4326)::geography, ?)

2026-09-27T16:05:44.215+02:00  INFO 26492 --- [crime-app-backend] [http-nio-8080-exec-8] c.d.c.config.RequestLoggingFilter        : GET /api/segnalazioni/vicine?lat=45.084176230089284&lng=7.679057121276856&raggioMetri=419 -> 200 (7 ms)
2026-09-27T16:05:45.040+02:00 DEBUG 26492 --- [crime-app-backend] [http-nio-8080-exec-9] org.hibernate.SQL                        : SELECT * FROM segnalazione s
WHERE s.stato = 'ATTIVA'
  AND ST_DWithin(s.posizione, ST_SetSRID(ST_MakePoint(?, ?), 4326)::geography, ?)

2026-09-27T16:05:45.043+02:00  INFO 26492 --- [crime-app-backend] [http-nio-8080-exec-9] c.d.c.config.RequestLoggingFilter        : GET /api/segnalazioni/vicine?lat=45.08267630517226&lng=7.67972230911255&raggioMetri=419 -> 200 (5 ms)
2026-09-27T16:05:45.445+02:00 DEBUG 26492 --- [crime-app-backend] [http-nio-8080-exec-10] org.hibernate.SQL                        : SELECT * FROM segnalazione s
WHERE s.stato = 'ATTIVA'
  AND ST_DWithin(s.posizione, ST_SetSRID(ST_MakePoint(?, ?), 4326)::geography, ?)

2026-09-27T16:05:45.447+02:00 DEBUG 26492 --- [crime-app-backend] [http-nio-8080-exec-10] org.hibernate.SQL                        : select c1_0.id,c1_0.attiva,c1_0.descrizione,c1_0.durata_validita_ore,c1_0.icona,c1_0.nome from categoria c1_0 where c1_0.id=?
2026-09-27T16:05:45.449+02:00 DEBUG 26492 --- [crime-app-backend] [http-nio-8080-exec-10] org.hibernate.SQL                        : select c1_0.id,c1_0.attiva,c1_0.descrizione,c1_0.durata_validita_ore,c1_0.icona,c1_0.nome from categoria c1_0 where c1_0.id=?
2026-09-27T16:05:45.451+02:00  INFO 26492 --- [crime-app-backend] [http-nio-8080-exec-10] c.d.c.config.RequestLoggingFilter        : GET /api/segnalazioni/vicine?lat=45.082532370912475&lng=7.682297229766847&raggioMetri=419 -> 200 (7 ms)
2026-09-27T16:05:46.291+02:00 DEBUG 26492 --- [crime-app-backend] [http-nio-8080-exec-1] org.hibernate.SQL                        : SELECT * FROM segnalazione s
WHERE s.stato = 'ATTIVA'
  AND ST_DWithin(s.posizione, ST_SetSRID(ST_MakePoint(?, ?), 4326)::geography, ?)

2026-09-27T16:05:46.294+02:00 DEBUG 26492 --- [crime-app-backend] [http-nio-8080-exec-1] org.hibernate.SQL                        : select c1_0.id,c1_0.attiva,c1_0.descrizione,c1_0.durata_validita_ore,c1_0.icona,c1_0.nome from categoria c1_0 where c1_0.id=?
2026-09-27T16:05:46.295+02:00 DEBUG 26492 --- [crime-app-backend] [http-nio-8080-exec-1] org.hibernate.SQL                        : select c1_0.id,c1_0.attiva,c1_0.descrizione,c1_0.durata_validita_ore,c1_0.icona,c1_0.nome from categoria c1_0 where c1_0.id=?
2026-09-27T16:05:46.297+02:00  INFO 26492 --- [crime-app-backend] [http-nio-8080-exec-1] c.d.c.config.RequestLoggingFilter        : GET /api/segnalazioni/vicine?lat=45.08240358732004&lng=7.685301303863526&raggioMetri=419 -> 200 (8 ms)
2026-09-27T16:06:29.350+02:00 DEBUG 26492 --- [crime-app-backend] [http-nio-8080-exec-2] org.hibernate.SQL                        : SELECT * FROM segnalazione s
WHERE s.stato = 'ATTIVA'
  AND ST_DWithin(s.posizione, ST_SetSRID(ST_MakePoint(?, ?), 4326)::geography, ?)

2026-09-27T16:06:29.352+02:00 DEBUG 26492 --- [crime-app-backend] [http-nio-8080-exec-2] org.hibernate.SQL                        : select c1_0.id,c1_0.attiva,c1_0.descrizione,c1_0.durata_validita_ore,c1_0.icona,c1_0.nome from categoria c1_0 where c1_0.id=?
2026-09-27T16:06:29.352+02:00 DEBUG 26492 --- [crime-app-backend] [http-nio-8080-exec-2] org.hibernate.SQL                        : select c1_0.id,c1_0.attiva,c1_0.descrizione,c1_0.durata_validita_ore,c1_0.icona,c1_0.nome from categoria c1_0 where c1_0.id=?
2026-09-27T16:06:29.355+02:00  INFO 26492 --- [crime-app-backend] [http-nio-8080-exec-2] c.d.c.config.RequestLoggingFilter        : GET /api/segnalazioni/vicine?lat=45.081615728434116&lng=7.685301303863526&raggioMetri=419 -> 200 (8 ms)
2026-09-27T16:06:30.250+02:00 DEBUG 26492 --- [crime-app-backend] [http-nio-8080-exec-3] org.hibernate.SQL                        : SELECT * FROM segnalazione s
WHERE s.stato = 'ATTIVA'
  AND ST_DWithin(s.posizione, ST_SetSRID(ST_MakePoint(?, ?), 4326)::geography, ?)

2026-09-27T16:06:30.251+02:00 DEBUG 26492 --- [crime-app-backend] [http-nio-8080-exec-3] org.hibernate.SQL                        : select c1_0.id,c1_0.attiva,c1_0.descrizione,c1_0.durata_validita_ore,c1_0.icona,c1_0.nome from categoria c1_0 where c1_0.id=?
2026-09-27T16:06:30.253+02:00 DEBUG 26492 --- [crime-app-backend] [http-nio-8080-exec-3] org.hibernate.SQL                        : select c1_0.id,c1_0.attiva,c1_0.descrizione,c1_0.durata_validita_ore,c1_0.icona,c1_0.nome from categoria c1_0 where c1_0.id=?
2026-09-27T16:06:30.254+02:00 DEBUG 26492 --- [crime-app-backend] [http-nio-8080-exec-3] org.hibernate.SQL                        : select c1_0.id,c1_0.attiva,c1_0.descrizione,c1_0.durata_validita_ore,c1_0.icona,c1_0.nome from categoria c1_0 where c1_0.id=?
2026-09-27T16:06:30.257+02:00  INFO 26492 --- [crime-app-backend] [http-nio-8080-exec-3] c.d.c.config.RequestLoggingFilter        : GET /api/segnalazioni/vicine?lat=45.08007028136972&lng=7.685301303863526&raggioMetri=419 -> 200 (10 ms)
2026-09-27T16:06:32.733+02:00 DEBUG 26492 --- [crime-app-backend] [http-nio-8080-exec-4] org.hibernate.SQL                        : SELECT * FROM segnalazione s
WHERE s.stato = 'ATTIVA'
  AND ST_DWithin(s.posizione, ST_SetSRID(ST_MakePoint(?, ?), 4326)::geography, ?)

2026-09-27T16:06:32.735+02:00 DEBUG 26492 --- [crime-app-backend] [http-nio-8080-exec-4] org.hibernate.SQL                        : select c1_0.id,c1_0.attiva,c1_0.descrizione,c1_0.durata_validita_ore,c1_0.icona,c1_0.nome from categoria c1_0 where c1_0.id=?
2026-09-27T16:06:32.736+02:00 DEBUG 26492 --- [crime-app-backend] [http-nio-8080-exec-4] org.hibernate.SQL                        : select c1_0.id,c1_0.attiva,c1_0.descrizione,c1_0.durata_validita_ore,c1_0.icona,c1_0.nome from categoria c1_0 where c1_0.id=?
2026-09-27T16:06:32.739+02:00  INFO 26492 --- [crime-app-backend] [http-nio-8080-exec-4] c.d.c.config.RequestLoggingFilter        : GET /api/segnalazioni/vicine?lat=45.081615728434116&lng=7.685301303863526&raggioMetri=419 -> 200 (9 ms)
2026-09-27T16:06:34.155+02:00 DEBUG 26492 --- [crime-app-backend] [http-nio-8080-exec-5] org.hibernate.SQL                        : SELECT * FROM segnalazione s
WHERE s.stato = 'ATTIVA'
  AND ST_DWithin(s.posizione, ST_SetSRID(ST_MakePoint(?, ?), 4326)::geography, ?)

2026-09-27T16:06:34.158+02:00  INFO 26492 --- [crime-app-backend] [http-nio-8080-exec-5] c.d.c.config.RequestLoggingFilter        : GET /api/segnalazioni/vicine?lat=45.081615728434116&lng=7.693519592285157&raggioMetri=419 -> 200 (5 ms)
2026-09-27T16:06:36.244+02:00 DEBUG 26492 --- [crime-app-backend] [http-nio-8080-exec-6] org.hibernate.SQL                        : SELECT * FROM segnalazione s
WHERE s.stato = 'ATTIVA'
  AND ST_DWithin(s.posizione, ST_SetSRID(ST_MakePoint(?, ?), 4326)::geography, ?)

2026-09-27T16:06:36.248+02:00  INFO 26492 --- [crime-app-backend] [http-nio-8080-exec-6] c.d.c.config.RequestLoggingFilter        : GET /api/segnalazioni/vicine?lat=45.081615728434116&lng=7.680988311767579&raggioMetri=419 -> 200 (6 ms)
2026-09-27T16:06:37.589+02:00 DEBUG 26492 --- [crime-app-backend] [http-nio-8080-exec-7] org.hibernate.SQL                        : SELECT * FROM segnalazione s
WHERE s.stato = 'ATTIVA'
  AND ST_DWithin(s.posizione, ST_SetSRID(ST_MakePoint(?, ?), 4326)::geography, ?)

2026-09-27T16:06:37.592+02:00 DEBUG 26492 --- [crime-app-backend] [http-nio-8080-exec-7] org.hibernate.SQL                        : select c1_0.id,c1_0.attiva,c1_0.descrizione,c1_0.durata_validita_ore,c1_0.icona,c1_0.nome from categoria c1_0 where c1_0.id=?
2026-09-27T16:06:37.593+02:00 DEBUG 26492 --- [crime-app-backend] [http-nio-8080-exec-7] org.hibernate.SQL                        : select c1_0.id,c1_0.attiva,c1_0.descrizione,c1_0.durata_validita_ore,c1_0.icona,c1_0.nome from categoria c1_0 where c1_0.id=?
2026-09-27T16:06:37.595+02:00  INFO 26492 --- [crime-app-backend] [http-nio-8080-exec-7] c.d.c.config.RequestLoggingFilter        : GET /api/segnalazioni/vicine?lat=45.081615728434116&lng=7.686878442764283&raggioMetri=419 -> 200 (8 ms)
2026-09-27T16:06:39.488+02:00 DEBUG 26492 --- [crime-app-backend] [http-nio-8080-exec-8] org.hibernate.SQL                        : SELECT * FROM segnalazione s
WHERE s.stato = 'ATTIVA'
  AND ST_DWithin(s.posizione, ST_SetSRID(ST_MakePoint(?, ?), 4326)::geography, ?)

2026-09-27T16:06:39.490+02:00 DEBUG 26492 --- [crime-app-backend] [http-nio-8080-exec-8] org.hibernate.SQL                        : select c1_0.id,c1_0.attiva,c1_0.descrizione,c1_0.durata_validita_ore,c1_0.icona,c1_0.nome from categoria c1_0 where c1_0.id=?
2026-09-27T16:06:39.491+02:00 DEBUG 26492 --- [crime-app-backend] [http-nio-8080-exec-8] org.hibernate.SQL                        : select c1_0.id,c1_0.attiva,c1_0.descrizione,c1_0.durata_validita_ore,c1_0.icona,c1_0.nome from categoria c1_0 where c1_0.id=?
2026-09-27T16:06:39.493+02:00  INFO 26492 --- [crime-app-backend] [http-nio-8080-exec-8] c.d.c.config.RequestLoggingFilter        : GET /api/segnalazioni/vicine?lat=45.081615728434116&lng=7.685301303863526&raggioMetri=419 -> 200 (8 ms)
2026-09-27T16:06:42.332+02:00 DEBUG 26492 --- [crime-app-backend] [http-nio-8080-exec-9] org.hibernate.SQL                        : SELECT * FROM segnalazione s
WHERE s.stato = 'ATTIVA'
  AND ST_DWithin(s.posizione, ST_SetSRID(ST_MakePoint(?, ?), 4326)::geography, ?)

2026-09-27T16:06:42.334+02:00 DEBUG 26492 --- [crime-app-backend] [http-nio-8080-exec-9] org.hibernate.SQL                        : select c1_0.id,c1_0.attiva,c1_0.descrizione,c1_0.durata_validita_ore,c1_0.icona,c1_0.nome from categoria c1_0 where c1_0.id=?
2026-09-27T16:06:42.335+02:00 DEBUG 26492 --- [crime-app-backend] [http-nio-8080-exec-9] org.hibernate.SQL                        : select c1_0.id,c1_0.attiva,c1_0.descrizione,c1_0.durata_validita_ore,c1_0.icona,c1_0.nome from categoria c1_0 where c1_0.id=?
2026-09-27T16:06:42.337+02:00  INFO 26492 --- [crime-app-backend] [http-nio-8080-exec-9] c.d.c.config.RequestLoggingFilter        : GET /api/segnalazioni/vicine?lat=45.081615728434116&lng=7.685301303863526&raggioMetri=419 -> 200 (7 ms)
2026-09-27T16:06:44.865+02:00 DEBUG 26492 --- [crime-app-backend] [http-nio-8080-exec-10] org.hibernate.SQL                        : SELECT * FROM segnalazione s
WHERE s.stato = 'ATTIVA'
  AND ST_DWithin(s.posizione, ST_SetSRID(ST_MakePoint(?, ?), 4326)::geography, ?)

2026-09-27T16:06:44.868+02:00 DEBUG 26492 --- [crime-app-backend] [http-nio-8080-exec-10] org.hibernate.SQL                        : select c1_0.id,c1_0.attiva,c1_0.descrizione,c1_0.durata_validita_ore,c1_0.icona,c1_0.nome from categoria c1_0 where c1_0.id=?
2026-09-27T16:06:44.869+02:00 DEBUG 26492 --- [crime-app-backend] [http-nio-8080-exec-10] org.hibernate.SQL                        : select c1_0.id,c1_0.attiva,c1_0.descrizione,c1_0.durata_validita_ore,c1_0.icona,c1_0.nome from categoria c1_0 where c1_0.id=?
2026-09-27T16:06:44.871+02:00  INFO 26492 --- [crime-app-backend] [http-nio-8080-exec-10] c.d.c.config.RequestLoggingFilter        : GET /api/segnalazioni/vicine?lat=45.08393382064944&lng=7.685301303863526&raggioMetri=419 -> 200 (8 ms)
2026-09-27T16:06:47.037+02:00 DEBUG 26492 --- [crime-app-backend] [http-nio-8080-exec-1] org.hibernate.SQL                        : SELECT * FROM segnalazione s
WHERE s.stato = 'ATTIVA'
  AND ST_DWithin(s.posizione, ST_SetSRID(ST_MakePoint(?, ?), 4326)::geography, ?)

2026-09-27T16:06:47.039+02:00 DEBUG 26492 --- [crime-app-backend] [http-nio-8080-exec-1] org.hibernate.SQL                        : select c1_0.id,c1_0.attiva,c1_0.descrizione,c1_0.durata_validita_ore,c1_0.icona,c1_0.nome from categoria c1_0 where c1_0.id=?
2026-09-27T16:06:47.039+02:00 DEBUG 26492 --- [crime-app-backend] [http-nio-8080-exec-1] org.hibernate.SQL                        : select c1_0.id,c1_0.attiva,c1_0.descrizione,c1_0.durata_validita_ore,c1_0.icona,c1_0.nome from categoria c1_0 where c1_0.id=?
2026-09-27T16:06:47.042+02:00  INFO 26492 --- [crime-app-backend] [http-nio-8080-exec-1] c.d.c.config.RequestLoggingFilter        : GET /api/segnalazioni/vicine?lat=45.081615728434116&lng=7.685301303863526&raggioMetri=419 -> 200 (7 ms)
2026-09-27T16:06:48.059+02:00 DEBUG 26492 --- [crime-app-backend] [http-nio-8080-exec-2] org.hibernate.SQL                        : SELECT * FROM segnalazione s
WHERE s.stato = 'ATTIVA'
  AND ST_DWithin(s.posizione, ST_SetSRID(ST_MakePoint(?, ?), 4326)::geography, ?)

2026-09-27T16:06:48.063+02:00  INFO 26492 --- [crime-app-backend] [http-nio-8080-exec-2] c.d.c.config.RequestLoggingFilter        : GET /api/segnalazioni/vicine?lat=45.081615728434116&lng=7.67622470855713&raggioMetri=419 -> 200 (7 ms)
2026-09-27T16:06:49.121+02:00 DEBUG 26492 --- [crime-app-backend] [http-nio-8080-exec-3] org.hibernate.SQL                        : SELECT * FROM segnalazione s
WHERE s.stato = 'ATTIVA'
  AND ST_DWithin(s.posizione, ST_SetSRID(ST_MakePoint(?, ?), 4326)::geography, ?)

2026-09-27T16:06:49.123+02:00 DEBUG 26492 --- [crime-app-backend] [http-nio-8080-exec-3] org.hibernate.SQL                        : select c1_0.id,c1_0.attiva,c1_0.descrizione,c1_0.durata_validita_ore,c1_0.icona,c1_0.nome from categoria c1_0 where c1_0.id=?
2026-09-27T16:06:49.124+02:00 DEBUG 26492 --- [crime-app-backend] [http-nio-8080-exec-3] org.hibernate.SQL                        : select c1_0.id,c1_0.attiva,c1_0.descrizione,c1_0.durata_validita_ore,c1_0.icona,c1_0.nome from categoria c1_0 where c1_0.id=?
2026-09-27T16:06:49.127+02:00  INFO 26492 --- [crime-app-backend] [http-nio-8080-exec-3] c.d.c.config.RequestLoggingFilter        : GET /api/segnalazioni/vicine?lat=45.081615728434116&lng=7.685301303863526&raggioMetri=419 -> 200 (8 ms)
2026-09-27T16:06:51.954+02:00 DEBUG 26492 --- [crime-app-backend] [http-nio-8080-exec-4] org.hibernate.SQL                        : SELECT * FROM segnalazione s
WHERE s.stato = 'ATTIVA'
  AND ST_DWithin(s.posizione, ST_SetSRID(ST_MakePoint(?, ?), 4326)::geography, ?)

2026-09-27T16:06:51.957+02:00  INFO 26492 --- [crime-app-backend] [http-nio-8080-exec-4] c.d.c.config.RequestLoggingFilter        : GET /api/segnalazioni/vicine?lat=45.081615728434116&lng=7.692747116088868&raggioMetri=419 -> 200 (5 ms)
2026-09-27T16:06:52.882+02:00 DEBUG 26492 --- [crime-app-backend] [http-nio-8080-exec-5] org.hibernate.SQL                        : SELECT * FROM segnalazione s
WHERE s.stato = 'ATTIVA'
  AND ST_DWithin(s.posizione, ST_SetSRID(ST_MakePoint(?, ?), 4326)::geography, ?)

2026-09-27T16:06:52.884+02:00 DEBUG 26492 --- [crime-app-backend] [http-nio-8080-exec-5] org.hibernate.SQL                        : select c1_0.id,c1_0.attiva,c1_0.descrizione,c1_0.durata_validita_ore,c1_0.icona,c1_0.nome from categoria c1_0 where c1_0.id=?
2026-09-27T16:06:52.885+02:00 DEBUG 26492 --- [crime-app-backend] [http-nio-8080-exec-5] org.hibernate.SQL                        : select c1_0.id,c1_0.attiva,c1_0.descrizione,c1_0.durata_validita_ore,c1_0.icona,c1_0.nome from categoria c1_0 where c1_0.id=?
2026-09-27T16:06:52.887+02:00  INFO 26492 --- [crime-app-backend] [http-nio-8080-exec-5] c.d.c.config.RequestLoggingFilter        : GET /api/segnalazioni/vicine?lat=45.081615728434116&lng=7.685301303863526&raggioMetri=419 -> 200 (7 ms)
2026-09-27T16:07:04.681+02:00 DEBUG 26492 --- [crime-app-backend] [http-nio-8080-exec-6] org.hibernate.SQL                        : SELECT * FROM segnalazione s
WHERE s.stato = 'ATTIVA'
  AND ST_DWithin(s.posizione, ST_SetSRID(ST_MakePoint(?, ?), 4326)::geography, ?)

2026-09-27T16:07:04.683+02:00 DEBUG 26492 --- [crime-app-backend] [http-nio-8080-exec-6] org.hibernate.SQL                        : select c1_0.id,c1_0.attiva,c1_0.descrizione,c1_0.durata_validita_ore,c1_0.icona,c1_0.nome from categoria c1_0 where c1_0.id=?
2026-09-27T16:07:04.684+02:00 DEBUG 26492 --- [crime-app-backend] [http-nio-8080-exec-6] org.hibernate.SQL                        : select c1_0.id,c1_0.attiva,c1_0.descrizione,c1_0.durata_validita_ore,c1_0.icona,c1_0.nome from categoria c1_0 where c1_0.id=?
2026-09-27T16:07:04.685+02:00  INFO 26492 --- [crime-app-backend] [http-nio-8080-exec-6] c.d.c.config.RequestLoggingFilter        : GET /api/segnalazioni/vicine?lat=45.081615728434116&lng=7.685301303863526&raggioMetri=419 -> 200 (6 ms)
2026-09-27T16:07:07.469+02:00 DEBUG 26492 --- [crime-app-backend] [http-nio-8080-exec-7] org.hibernate.SQL                        : SELECT * FROM segnalazione s
WHERE s.stato = 'ATTIVA'
  AND ST_DWithin(s.posizione, ST_SetSRID(ST_MakePoint(?, ?), 4326)::geography, ?)

2026-09-27T16:07:07.473+02:00  INFO 26492 --- [crime-app-backend] [http-nio-8080-exec-7] c.d.c.config.RequestLoggingFilter        : GET /api/segnalazioni/vicine?lat=45.081615728434116&lng=7.68047332763672&raggioMetri=419 -> 200 (5 ms)
2026-09-27T16:07:09.644+02:00 DEBUG 26492 --- [crime-app-backend] [http-nio-8080-exec-8] org.hibernate.SQL                        : SELECT * FROM segnalazione s
WHERE s.stato = 'ATTIVA'
  AND ST_DWithin(s.posizione, ST_SetSRID(ST_MakePoint(?, ?), 4326)::geography, ?)

2026-09-27T16:07:09.645+02:00 DEBUG 26492 --- [crime-app-backend] [http-nio-8080-exec-8] org.hibernate.SQL                        : select c1_0.id,c1_0.attiva,c1_0.descrizione,c1_0.durata_validita_ore,c1_0.icona,c1_0.nome from categoria c1_0 where c1_0.id=?
2026-09-27T16:07:09.648+02:00  INFO 26492 --- [crime-app-backend] [http-nio-8080-exec-8] c.d.c.config.RequestLoggingFilter        : GET /api/segnalazioni/vicine?lat=45.0817975429875&lng=7.681835889816285&raggioMetri=419 -> 200 (7 ms)
2026-09-27T16:07:10.573+02:00 DEBUG 26492 --- [crime-app-backend] [http-nio-8080-exec-9] org.hibernate.SQL                        : SELECT * FROM segnalazione s
WHERE s.stato = 'ATTIVA'
  AND ST_DWithin(s.posizione, ST_SetSRID(ST_MakePoint(?, ?), 4326)::geography, ?)

2026-09-27T16:07:10.575+02:00 DEBUG 26492 --- [crime-app-backend] [http-nio-8080-exec-9] org.hibernate.SQL                        : select c1_0.id,c1_0.attiva,c1_0.descrizione,c1_0.durata_validita_ore,c1_0.icona,c1_0.nome from categoria c1_0 where c1_0.id=?
2026-09-27T16:07:10.576+02:00 DEBUG 26492 --- [crime-app-backend] [http-nio-8080-exec-9] org.hibernate.SQL                        : select c1_0.id,c1_0.attiva,c1_0.descrizione,c1_0.durata_validita_ore,c1_0.icona,c1_0.nome from categoria c1_0 where c1_0.id=?
2026-09-27T16:07:10.577+02:00 DEBUG 26492 --- [crime-app-backend] [http-nio-8080-exec-9] org.hibernate.SQL                        : select c1_0.id,c1_0.attiva,c1_0.descrizione,c1_0.durata_validita_ore,c1_0.icona,c1_0.nome from categoria c1_0 where c1_0.id=?
2026-09-27T16:07:10.580+02:00  INFO 26492 --- [crime-app-backend] [http-nio-8080-exec-9] c.d.c.config.RequestLoggingFilter        : GET /api/segnalazioni/vicine?lat=45.08085816156714&lng=7.685312032699586&raggioMetri=419 -> 200 (9 ms)
2026-09-27T16:07:11.556+02:00 DEBUG 26492 --- [crime-app-backend] [http-nio-8080-exec-10] org.hibernate.SQL                        : SELECT * FROM segnalazione s
WHERE s.stato = 'ATTIVA'
  AND ST_DWithin(s.posizione, ST_SetSRID(ST_MakePoint(?, ?), 4326)::geography, ?)

2026-09-27T16:07:11.557+02:00 DEBUG 26492 --- [crime-app-backend] [http-nio-8080-exec-10] org.hibernate.SQL                        : select c1_0.id,c1_0.attiva,c1_0.descrizione,c1_0.durata_validita_ore,c1_0.icona,c1_0.nome from categoria c1_0 where c1_0.id=?
2026-09-27T16:07:11.559+02:00 DEBUG 26492 --- [crime-app-backend] [http-nio-8080-exec-10] org.hibernate.SQL                        : select c1_0.id,c1_0.attiva,c1_0.descrizione,c1_0.durata_validita_ore,c1_0.icona,c1_0.nome from categoria c1_0 where c1_0.id=?
2026-09-27T16:07:11.561+02:00  INFO 26492 --- [crime-app-backend] [http-nio-8080-exec-10] c.d.c.config.RequestLoggingFilter        : GET /api/segnalazioni/vicine?lat=45.0817293625978&lng=7.684110403060914&raggioMetri=419 -> 200 (7 ms)
2026-09-27T16:07:12.498+02:00 DEBUG 26492 --- [crime-app-backend] [http-nio-8080-exec-1] org.hibernate.SQL                        : SELECT * FROM segnalazione s
WHERE s.stato = 'ATTIVA'
  AND ST_DWithin(s.posizione, ST_SetSRID(ST_MakePoint(?, ?), 4326)::geography, ?)

2026-09-27T16:07:12.500+02:00 DEBUG 26492 --- [crime-app-backend] [http-nio-8080-exec-1] org.hibernate.SQL                        : select c1_0.id,c1_0.attiva,c1_0.descrizione,c1_0.durata_validita_ore,c1_0.icona,c1_0.nome from categoria c1_0 where c1_0.id=?
2026-09-27T16:07:12.502+02:00 DEBUG 26492 --- [crime-app-backend] [http-nio-8080-exec-1] org.hibernate.SQL                        : select c1_0.id,c1_0.attiva,c1_0.descrizione,c1_0.durata_validita_ore,c1_0.icona,c1_0.nome from categoria c1_0 where c1_0.id=?
2026-09-27T16:07:12.504+02:00  INFO 26492 --- [crime-app-backend] [http-nio-8080-exec-1] c.d.c.config.RequestLoggingFilter        : GET /api/segnalazioni/vicine?lat=45.081615728434116&lng=7.685301303863526&raggioMetri=419 -> 200 (8 ms)
2026-09-27T16:07:14.414+02:00 DEBUG 26492 --- [crime-app-backend] [http-nio-8080-exec-2] org.hibernate.SQL                        : SELECT * FROM segnalazione s
WHERE s.stato = 'ATTIVA'
  AND ST_DWithin(s.posizione, ST_SetSRID(ST_MakePoint(?, ?), 4326)::geography, ?)

2026-09-27T16:07:14.417+02:00  INFO 26492 --- [crime-app-backend] [http-nio-8080-exec-2] c.d.c.config.RequestLoggingFilter        : GET /api/segnalazioni/vicine?lat=45.084888301870144&lng=7.6809024810791025&raggioMetri=419 -> 200 (5 ms)
2026-09-27T16:07:16.621+02:00 DEBUG 26492 --- [crime-app-backend] [http-nio-8080-exec-3] org.hibernate.SQL                        : SELECT * FROM segnalazione s
WHERE s.stato = 'ATTIVA'
  AND ST_DWithin(s.posizione, ST_SetSRID(ST_MakePoint(?, ?), 4326)::geography, ?)

2026-09-27T16:07:16.623+02:00 DEBUG 26492 --- [crime-app-backend] [http-nio-8080-exec-3] org.hibernate.SQL                        : select c1_0.id,c1_0.attiva,c1_0.descrizione,c1_0.durata_validita_ore,c1_0.icona,c1_0.nome from categoria c1_0 where c1_0.id=?
2026-09-27T16:07:16.624+02:00 DEBUG 26492 --- [crime-app-backend] [http-nio-8080-exec-3] org.hibernate.SQL                        : select c1_0.id,c1_0.attiva,c1_0.descrizione,c1_0.durata_validita_ore,c1_0.icona,c1_0.nome from categoria c1_0 where c1_0.id=?
2026-09-27T16:07:16.627+02:00  INFO 26492 --- [crime-app-backend] [http-nio-8080-exec-3] c.d.c.config.RequestLoggingFilter        : GET /api/segnalazioni/vicine?lat=45.081615728434116&lng=7.685301303863526&raggioMetri=419 -> 200 (9 ms)
2026-09-27T16:07:23.095+02:00 DEBUG 26492 --- [crime-app-backend] [http-nio-8080-exec-4] org.hibernate.SQL                        : SELECT * FROM segnalazione s
WHERE s.stato = 'ATTIVA'
  AND ST_DWithin(s.posizione, ST_SetSRID(ST_MakePoint(?, ?), 4326)::geography, ?)

2026-09-27T16:07:23.097+02:00 DEBUG 26492 --- [crime-app-backend] [http-nio-8080-exec-4] org.hibernate.SQL                        : select c1_0.id,c1_0.attiva,c1_0.descrizione,c1_0.durata_validita_ore,c1_0.icona,c1_0.nome from categoria c1_0 where c1_0.id=?
2026-09-27T16:07:23.100+02:00  INFO 26492 --- [crime-app-backend] [http-nio-8080-exec-4] c.d.c.config.RequestLoggingFilter        : GET /api/segnalazioni/vicine?lat=45.0763125494198&lng=7.685301303863526&raggioMetri=419 -> 200 (7 ms)
2026-09-27T16:07:24.099+02:00 DEBUG 26492 --- [crime-app-backend] [http-nio-8080-exec-5] org.hibernate.SQL                        : SELECT * FROM segnalazione s
WHERE s.stato = 'ATTIVA'
  AND ST_DWithin(s.posizione, ST_SetSRID(ST_MakePoint(?, ?), 4326)::geography, ?)

2026-09-27T16:07:24.102+02:00 DEBUG 26492 --- [crime-app-backend] [http-nio-8080-exec-5] org.hibernate.SQL                        : select c1_0.id,c1_0.attiva,c1_0.descrizione,c1_0.durata_validita_ore,c1_0.icona,c1_0.nome from categoria c1_0 where c1_0.id=?
2026-09-27T16:07:24.105+02:00  INFO 26492 --- [crime-app-backend] [http-nio-8080-exec-5] c.d.c.config.RequestLoggingFilter        : GET /api/segnalazioni/vicine?lat=45.07466846398286&lng=7.685301303863526&raggioMetri=419 -> 200 (8 ms)
2026-09-27T16:07:26.993+02:00 DEBUG 26492 --- [crime-app-backend] [http-nio-8080-exec-6] org.hibernate.SQL                        : SELECT * FROM segnalazione s
WHERE s.stato = 'ATTIVA'
  AND ST_DWithin(s.posizione, ST_SetSRID(ST_MakePoint(?, ?), 4326)::geography, ?)

2026-09-27T16:07:26.995+02:00 DEBUG 26492 --- [crime-app-backend] [http-nio-8080-exec-6] org.hibernate.SQL                        : select c1_0.id,c1_0.attiva,c1_0.descrizione,c1_0.durata_validita_ore,c1_0.icona,c1_0.nome from categoria c1_0 where c1_0.id=?
2026-09-27T16:07:26.996+02:00 DEBUG 26492 --- [crime-app-backend] [http-nio-8080-exec-6] org.hibernate.SQL                        : select c1_0.id,c1_0.attiva,c1_0.descrizione,c1_0.durata_validita_ore,c1_0.icona,c1_0.nome from categoria c1_0 where c1_0.id=?
2026-09-27T16:07:26.998+02:00  INFO 26492 --- [crime-app-backend] [http-nio-8080-exec-6] c.d.c.config.RequestLoggingFilter        : GET /api/segnalazioni/vicine?lat=45.08337324488014&lng=7.691373825073243&raggioMetri=419 -> 200 (8 ms)
2026-09-27T16:07:28.732+02:00 DEBUG 26492 --- [crime-app-backend] [http-nio-8080-exec-7] org.hibernate.SQL                        : SELECT * FROM segnalazione s
WHERE s.stato = 'ATTIVA'
  AND ST_DWithin(s.posizione, ST_SetSRID(ST_MakePoint(?, ?), 4326)::geography, ?)

2026-09-27T16:07:28.735+02:00  INFO 26492 --- [crime-app-backend] [http-nio-8080-exec-7] c.d.c.config.RequestLoggingFilter        : GET /api/segnalazioni/vicine?lat=45.079077839890026&lng=7.691373825073243&raggioMetri=419 -> 200 (6 ms)
2026-09-27T16:07:30.203+02:00 DEBUG 26492 --- [crime-app-backend] [http-nio-8080-exec-8] org.hibernate.SQL                        : SELECT * FROM segnalazione s
WHERE s.stato = 'ATTIVA'
  AND ST_DWithin(s.posizione, ST_SetSRID(ST_MakePoint(?, ?), 4326)::geography, ?)

2026-09-27T16:07:30.205+02:00 DEBUG 26492 --- [crime-app-backend] [http-nio-8080-exec-8] org.hibernate.SQL                        : select c1_0.id,c1_0.attiva,c1_0.descrizione,c1_0.durata_validita_ore,c1_0.icona,c1_0.nome from categoria c1_0 where c1_0.id=?
2026-09-27T16:07:30.207+02:00  INFO 26492 --- [crime-app-backend] [http-nio-8080-exec-8] c.d.c.config.RequestLoggingFilter        : GET /api/segnalazioni/vicine?lat=45.079077839890026&lng=7.6876187324523935&raggioMetri=419 -> 200 (6 ms)
2026-09-27T16:07:31.475+02:00 DEBUG 26492 --- [crime-app-backend] [http-nio-8080-exec-9] org.hibernate.SQL                        : SELECT * FROM segnalazione s
WHERE s.stato = 'ATTIVA'
  AND ST_DWithin(s.posizione, ST_SetSRID(ST_MakePoint(?, ?), 4326)::geography, ?)

2026-09-27T16:07:31.478+02:00  INFO 26492 --- [crime-app-backend] [http-nio-8080-exec-9] c.d.c.config.RequestLoggingFilter        : GET /api/segnalazioni/vicine?lat=45.084638320234696&lng=7.697778940200806&raggioMetri=419 -> 200 (5 ms)
2026-09-27T16:07:32.555+02:00 DEBUG 26492 --- [crime-app-backend] [http-nio-8080-exec-10] org.hibernate.SQL                        : SELECT * FROM segnalazione s
WHERE s.stato = 'ATTIVA'
  AND ST_DWithin(s.posizione, ST_SetSRID(ST_MakePoint(?, ?), 4326)::geography, ?)

2026-09-27T16:07:32.558+02:00  INFO 26492 --- [crime-app-backend] [http-nio-8080-exec-10] c.d.c.config.RequestLoggingFilter        : GET /api/segnalazioni/vicine?lat=45.084638320234696&lng=7.702285051345826&raggioMetri=419 -> 200 (4 ms)
2026-09-27T16:07:33.976+02:00 DEBUG 26492 --- [crime-app-backend] [http-nio-8080-exec-1] org.hibernate.SQL                        : SELECT * FROM segnalazione s
WHERE s.stato = 'ATTIVA'
  AND ST_DWithin(s.posizione, ST_SetSRID(ST_MakePoint(?, ?), 4326)::geography, ?)

2026-09-27T16:07:33.978+02:00 DEBUG 26492 --- [crime-app-backend] [http-nio-8080-exec-1] org.hibernate.SQL                        : select c1_0.id,c1_0.attiva,c1_0.descrizione,c1_0.durata_validita_ore,c1_0.icona,c1_0.nome from categoria c1_0 where c1_0.id=?
2026-09-27T16:07:33.979+02:00 DEBUG 26492 --- [crime-app-backend] [http-nio-8080-exec-1] org.hibernate.SQL                        : select c1_0.id,c1_0.attiva,c1_0.descrizione,c1_0.durata_validita_ore,c1_0.icona,c1_0.nome from categoria c1_0 where c1_0.id=?
2026-09-27T16:07:33.981+02:00  INFO 26492 --- [crime-app-backend] [http-nio-8080-exec-1] c.d.c.config.RequestLoggingFilter        : GET /api/segnalazioni/vicine?lat=45.081615728434116&lng=7.685301303863526&raggioMetri=419 -> 200 (7 ms)
2026-09-27T16:07:35.670+02:00 DEBUG 26492 --- [crime-app-backend] [http-nio-8080-exec-2] org.hibernate.SQL                        : SELECT * FROM segnalazione s
WHERE s.stato = 'ATTIVA'
  AND ST_DWithin(s.posizione, ST_SetSRID(ST_MakePoint(?, ?), 4326)::geography, ?)

2026-09-27T16:07:35.672+02:00 DEBUG 26492 --- [crime-app-backend] [http-nio-8080-exec-2] org.hibernate.SQL                        : select c1_0.id,c1_0.attiva,c1_0.descrizione,c1_0.durata_validita_ore,c1_0.icona,c1_0.nome from categoria c1_0 where c1_0.id=?
2026-09-27T16:07:35.673+02:00 DEBUG 26492 --- [crime-app-backend] [http-nio-8080-exec-2] org.hibernate.SQL                        : select c1_0.id,c1_0.attiva,c1_0.descrizione,c1_0.durata_validita_ore,c1_0.icona,c1_0.nome from categoria c1_0 where c1_0.id=?
2026-09-27T16:07:35.675+02:00  INFO 26492 --- [crime-app-backend] [http-nio-8080-exec-2] c.d.c.config.RequestLoggingFilter        : GET /api/segnalazioni/vicine?lat=45.081615728434116&lng=7.685279846191407&raggioMetri=419 -> 200 (7 ms)
2026-09-27T16:07:53.266+02:00 DEBUG 26492 --- [crime-app-backend] [http-nio-8080-exec-3] org.hibernate.SQL                        : SELECT * FROM segnalazione s
WHERE s.stato = 'ATTIVA'
  AND ST_DWithin(s.posizione, ST_SetSRID(ST_MakePoint(?, ?), 4326)::geography, ?)

2026-09-27T16:07:53.290+02:00 DEBUG 26492 --- [crime-app-backend] [http-nio-8080-exec-3] org.hibernate.SQL                        : select c1_0.id,c1_0.attiva,c1_0.descrizione,c1_0.durata_validita_ore,c1_0.icona,c1_0.nome from categoria c1_0 where c1_0.id=?
2026-09-27T16:07:53.291+02:00 DEBUG 26492 --- [crime-app-backend] [http-nio-8080-exec-3] org.hibernate.SQL                        : select c1_0.id,c1_0.attiva,c1_0.descrizione,c1_0.durata_validita_ore,c1_0.icona,c1_0.nome from categoria c1_0 where c1_0.id=?
2026-09-27T16:07:53.294+02:00  INFO 26492 --- [crime-app-backend] [http-nio-8080-exec-3] c.d.c.config.RequestLoggingFilter        : GET /api/segnalazioni/vicine?lat=45.081615728434116&lng=7.685301303863526&raggioMetri=419 -> 200 (30 ms)
2026-09-27T16:07:54.458+02:00 DEBUG 26492 --- [crime-app-backend] [http-nio-8080-exec-4] org.hibernate.SQL                        : SELECT * FROM segnalazione s
WHERE s.stato = 'ATTIVA'
  AND ST_DWithin(s.posizione, ST_SetSRID(ST_MakePoint(?, ?), 4326)::geography, ?)

2026-09-27T16:07:54.460+02:00 DEBUG 26492 --- [crime-app-backend] [http-nio-8080-exec-4] org.hibernate.SQL                        : select c1_0.id,c1_0.attiva,c1_0.descrizione,c1_0.durata_validita_ore,c1_0.icona,c1_0.nome from categoria c1_0 where c1_0.id=?
2026-09-27T16:07:54.462+02:00 DEBUG 26492 --- [crime-app-backend] [http-nio-8080-exec-4] org.hibernate.SQL                        : select c1_0.id,c1_0.attiva,c1_0.descrizione,c1_0.durata_validita_ore,c1_0.icona,c1_0.nome from categoria c1_0 where c1_0.id=?
2026-09-27T16:07:54.463+02:00 DEBUG 26492 --- [crime-app-backend] [http-nio-8080-exec-4] org.hibernate.SQL                        : select c1_0.id,c1_0.attiva,c1_0.descrizione,c1_0.durata_validita_ore,c1_0.icona,c1_0.nome from categoria c1_0 where c1_0.id=?
2026-09-27T16:07:54.466+02:00  INFO 26492 --- [crime-app-backend] [http-nio-8080-exec-4] c.d.c.config.RequestLoggingFilter        : GET /api/segnalazioni/vicine?lat=45.08007028136972&lng=7.685301303863526&raggioMetri=419 -> 200 (10 ms)
2026-09-27T16:07:55.257+02:00 DEBUG 26492 --- [crime-app-backend] [http-nio-8080-exec-5] org.hibernate.SQL                        : SELECT * FROM segnalazione s
WHERE s.stato = 'ATTIVA'
  AND ST_DWithin(s.posizione, ST_SetSRID(ST_MakePoint(?, ?), 4326)::geography, ?)

2026-09-27T16:07:55.259+02:00 DEBUG 26492 --- [crime-app-backend] [http-nio-8080-exec-5] org.hibernate.SQL                        : select c1_0.id,c1_0.attiva,c1_0.descrizione,c1_0.durata_validita_ore,c1_0.icona,c1_0.nome from categoria c1_0 where c1_0.id=?
2026-09-27T16:07:55.260+02:00 DEBUG 26492 --- [crime-app-backend] [http-nio-8080-exec-5] org.hibernate.SQL                        : select c1_0.id,c1_0.attiva,c1_0.descrizione,c1_0.durata_validita_ore,c1_0.icona,c1_0.nome from categoria c1_0 where c1_0.id=?
2026-09-27T16:07:55.261+02:00 DEBUG 26492 --- [crime-app-backend] [http-nio-8080-exec-5] org.hibernate.SQL                        : select c1_0.id,c1_0.attiva,c1_0.descrizione,c1_0.durata_validita_ore,c1_0.icona,c1_0.nome from categoria c1_0 where c1_0.id=?
2026-09-27T16:07:55.264+02:00  INFO 26492 --- [crime-app-backend] [http-nio-8080-exec-5] c.d.c.config.RequestLoggingFilter        : GET /api/segnalazioni/vicine?lat=45.08044149550862&lng=7.6863205432891855&raggioMetri=419 -> 200 (9 ms)
2026-09-27T16:07:56.036+02:00 DEBUG 26492 --- [crime-app-backend] [http-nio-8080-exec-6] org.hibernate.SQL                        : SELECT * FROM segnalazione s
WHERE s.stato = 'ATTIVA'
  AND ST_DWithin(s.posizione, ST_SetSRID(ST_MakePoint(?, ?), 4326)::geography, ?)

2026-09-27T16:07:56.037+02:00 DEBUG 26492 --- [crime-app-backend] [http-nio-8080-exec-6] org.hibernate.SQL                        : select c1_0.id,c1_0.attiva,c1_0.descrizione,c1_0.durata_validita_ore,c1_0.icona,c1_0.nome from categoria c1_0 where c1_0.id=?
2026-09-27T16:07:56.038+02:00 DEBUG 26492 --- [crime-app-backend] [http-nio-8080-exec-6] org.hibernate.SQL                        : select c1_0.id,c1_0.attiva,c1_0.descrizione,c1_0.durata_validita_ore,c1_0.icona,c1_0.nome from categoria c1_0 where c1_0.id=?
2026-09-27T16:07:56.039+02:00 DEBUG 26492 --- [crime-app-backend] [http-nio-8080-exec-6] org.hibernate.SQL                        : select c1_0.id,c1_0.attiva,c1_0.descrizione,c1_0.durata_validita_ore,c1_0.icona,c1_0.nome from categoria c1_0 where c1_0.id=?
2026-09-27T16:07:56.042+02:00  INFO 26492 --- [crime-app-backend] [http-nio-8080-exec-6] c.d.c.config.RequestLoggingFilter        : GET /api/segnalazioni/vicine?lat=45.080577859280446&lng=7.685537338256837&raggioMetri=419 -> 200 (9 ms)
2026-09-27T16:07:56.529+02:00 DEBUG 26492 --- [crime-app-backend] [http-nio-8080-exec-7] org.hibernate.SQL                        : SELECT * FROM segnalazione s
WHERE s.stato = 'ATTIVA'
  AND ST_DWithin(s.posizione, ST_SetSRID(ST_MakePoint(?, ?), 4326)::geography, ?)

2026-09-27T16:07:56.531+02:00 DEBUG 26492 --- [crime-app-backend] [http-nio-8080-exec-7] org.hibernate.SQL                        : select c1_0.id,c1_0.attiva,c1_0.descrizione,c1_0.durata_validita_ore,c1_0.icona,c1_0.nome from categoria c1_0 where c1_0.id=?
2026-09-27T16:07:56.532+02:00 DEBUG 26492 --- [crime-app-backend] [http-nio-8080-exec-7] org.hibernate.SQL                        : select c1_0.id,c1_0.attiva,c1_0.descrizione,c1_0.durata_validita_ore,c1_0.icona,c1_0.nome from categoria c1_0 where c1_0.id=?
2026-09-27T16:07:56.533+02:00 DEBUG 26492 --- [crime-app-backend] [http-nio-8080-exec-7] org.hibernate.SQL                        : select c1_0.id,c1_0.attiva,c1_0.descrizione,c1_0.durata_validita_ore,c1_0.icona,c1_0.nome from categoria c1_0 where c1_0.id=?
2026-09-27T16:07:56.535+02:00  INFO 26492 --- [crime-app-backend] [http-nio-8080-exec-7] c.d.c.config.RequestLoggingFilter        : GET /api/segnalazioni/vicine?lat=45.080577859280446&lng=7.684882879257203&raggioMetri=419 -> 200 (7 ms)
2026-09-27T16:07:56.886+02:00 DEBUG 26492 --- [crime-app-backend] [http-nio-8080-exec-8] org.hibernate.SQL                        : SELECT * FROM segnalazione s
WHERE s.stato = 'ATTIVA'
  AND ST_DWithin(s.posizione, ST_SetSRID(ST_MakePoint(?, ?), 4326)::geography, ?)

2026-09-27T16:07:56.888+02:00 DEBUG 26492 --- [crime-app-backend] [http-nio-8080-exec-8] org.hibernate.SQL                        : select c1_0.id,c1_0.attiva,c1_0.descrizione,c1_0.durata_validita_ore,c1_0.icona,c1_0.nome from categoria c1_0 where c1_0.id=?
2026-09-27T16:07:56.889+02:00 DEBUG 26492 --- [crime-app-backend] [http-nio-8080-exec-8] org.hibernate.SQL                        : select c1_0.id,c1_0.attiva,c1_0.descrizione,c1_0.durata_validita_ore,c1_0.icona,c1_0.nome from categoria c1_0 where c1_0.id=?
2026-09-27T16:07:56.890+02:00 DEBUG 26492 --- [crime-app-backend] [http-nio-8080-exec-8] org.hibernate.SQL                        : select c1_0.id,c1_0.attiva,c1_0.descrizione,c1_0.durata_validita_ore,c1_0.icona,c1_0.nome from categoria c1_0 where c1_0.id=?
2026-09-27T16:07:56.892+02:00  INFO 26492 --- [crime-app-backend] [http-nio-8080-exec-8] c.d.c.config.RequestLoggingFilter        : GET /api/segnalazioni/vicine?lat=45.08047937436676&lng=7.684561014175415&raggioMetri=419 -> 200 (7 ms)
2026-09-27T16:07:57.257+02:00 DEBUG 26492 --- [crime-app-backend] [http-nio-8080-exec-9] org.hibernate.SQL                        : SELECT * FROM segnalazione s
WHERE s.stato = 'ATTIVA'
  AND ST_DWithin(s.posizione, ST_SetSRID(ST_MakePoint(?, ?), 4326)::geography, ?)

2026-09-27T16:07:57.260+02:00 DEBUG 26492 --- [crime-app-backend] [http-nio-8080-exec-9] org.hibernate.SQL                        : select c1_0.id,c1_0.attiva,c1_0.descrizione,c1_0.durata_validita_ore,c1_0.icona,c1_0.nome from categoria c1_0 where c1_0.id=?
2026-09-27T16:07:57.261+02:00 DEBUG 26492 --- [crime-app-backend] [http-nio-8080-exec-9] org.hibernate.SQL                        : select c1_0.id,c1_0.attiva,c1_0.descrizione,c1_0.durata_validita_ore,c1_0.icona,c1_0.nome from categoria c1_0 where c1_0.id=?
2026-09-27T16:07:57.262+02:00 DEBUG 26492 --- [crime-app-backend] [http-nio-8080-exec-9] org.hibernate.SQL                        : select c1_0.id,c1_0.attiva,c1_0.descrizione,c1_0.durata_validita_ore,c1_0.icona,c1_0.nome from categoria c1_0 where c1_0.id=?
2026-09-27T16:07:57.264+02:00  INFO 26492 --- [crime-app-backend] [http-nio-8080-exec-9] c.d.c.config.RequestLoggingFilter        : GET /api/segnalazioni/vicine?lat=45.080289979824876&lng=7.685000896453858&raggioMetri=419 -> 200 (8 ms)
2026-09-27T16:07:58.065+02:00 DEBUG 26492 --- [crime-app-backend] [http-nio-8080-exec-10] org.hibernate.SQL                        : SELECT * FROM segnalazione s
WHERE s.stato = 'ATTIVA'
  AND ST_DWithin(s.posizione, ST_SetSRID(ST_MakePoint(?, ?), 4326)::geography, ?)

2026-09-27T16:07:58.067+02:00 DEBUG 26492 --- [crime-app-backend] [http-nio-8080-exec-10] org.hibernate.SQL                        : select c1_0.id,c1_0.attiva,c1_0.descrizione,c1_0.durata_validita_ore,c1_0.icona,c1_0.nome from categoria c1_0 where c1_0.id=?
2026-09-27T16:07:58.067+02:00 DEBUG 26492 --- [crime-app-backend] [http-nio-8080-exec-10] org.hibernate.SQL                        : select c1_0.id,c1_0.attiva,c1_0.descrizione,c1_0.durata_validita_ore,c1_0.icona,c1_0.nome from categoria c1_0 where c1_0.id=?
2026-09-27T16:07:58.069+02:00 DEBUG 26492 --- [crime-app-backend] [http-nio-8080-exec-10] org.hibernate.SQL                        : select c1_0.id,c1_0.attiva,c1_0.descrizione,c1_0.durata_validita_ore,c1_0.icona,c1_0.nome from categoria c1_0 where c1_0.id=?
2026-09-27T16:07:58.071+02:00  INFO 26492 --- [crime-app-backend] [http-nio-8080-exec-10] c.d.c.config.RequestLoggingFilter        : GET /api/segnalazioni/vicine?lat=45.080335434572184&lng=7.685365676879884&raggioMetri=419 -> 200 (9 ms)
2026-09-27T16:07:58.429+02:00 DEBUG 26492 --- [crime-app-backend] [http-nio-8080-exec-1] org.hibernate.SQL                        : SELECT * FROM segnalazione s
WHERE s.stato = 'ATTIVA'
  AND ST_DWithin(s.posizione, ST_SetSRID(ST_MakePoint(?, ?), 4326)::geography, ?)

2026-09-27T16:07:58.431+02:00 DEBUG 26492 --- [crime-app-backend] [http-nio-8080-exec-1] org.hibernate.SQL                        : select c1_0.id,c1_0.attiva,c1_0.descrizione,c1_0.durata_validita_ore,c1_0.icona,c1_0.nome from categoria c1_0 where c1_0.id=?
2026-09-27T16:07:58.432+02:00 DEBUG 26492 --- [crime-app-backend] [http-nio-8080-exec-1] org.hibernate.SQL                        : select c1_0.id,c1_0.attiva,c1_0.descrizione,c1_0.durata_validita_ore,c1_0.icona,c1_0.nome from categoria c1_0 where c1_0.id=?
2026-09-27T16:07:58.433+02:00 DEBUG 26492 --- [crime-app-backend] [http-nio-8080-exec-1] org.hibernate.SQL                        : select c1_0.id,c1_0.attiva,c1_0.descrizione,c1_0.durata_validita_ore,c1_0.icona,c1_0.nome from categoria c1_0 where c1_0.id=?
2026-09-27T16:07:58.435+02:00  INFO 26492 --- [crime-app-backend] [http-nio-8080-exec-1] c.d.c.config.RequestLoggingFilter        : GET /api/segnalazioni/vicine?lat=45.08035816193228&lng=7.684668302536012&raggioMetri=419 -> 200 (7 ms)
2026-09-27T16:07:58.858+02:00 DEBUG 26492 --- [crime-app-backend] [http-nio-8080-exec-2] org.hibernate.SQL                        : SELECT * FROM segnalazione s
WHERE s.stato = 'ATTIVA'
  AND ST_DWithin(s.posizione, ST_SetSRID(ST_MakePoint(?, ?), 4326)::geography, ?)

2026-09-27T16:07:58.860+02:00 DEBUG 26492 --- [crime-app-backend] [http-nio-8080-exec-2] org.hibernate.SQL                        : select c1_0.id,c1_0.attiva,c1_0.descrizione,c1_0.durata_validita_ore,c1_0.icona,c1_0.nome from categoria c1_0 where c1_0.id=?
2026-09-27T16:07:58.861+02:00 DEBUG 26492 --- [crime-app-backend] [http-nio-8080-exec-2] org.hibernate.SQL                        : select c1_0.id,c1_0.attiva,c1_0.descrizione,c1_0.durata_validita_ore,c1_0.icona,c1_0.nome from categoria c1_0 where c1_0.id=?
2026-09-27T16:07:58.862+02:00 DEBUG 26492 --- [crime-app-backend] [http-nio-8080-exec-2] org.hibernate.SQL                        : select c1_0.id,c1_0.attiva,c1_0.descrizione,c1_0.durata_validita_ore,c1_0.icona,c1_0.nome from categoria c1_0 where c1_0.id=?
2026-09-27T16:07:58.864+02:00  INFO 26492 --- [crime-app-backend] [http-nio-8080-exec-2] c.d.c.config.RequestLoggingFilter        : GET /api/segnalazioni/vicine?lat=45.08038088928334&lng=7.685397863388062&raggioMetri=419 -> 200 (7 ms)
2026-09-27T16:07:59.630+02:00 DEBUG 26492 --- [crime-app-backend] [http-nio-8080-exec-3] org.hibernate.SQL                        : SELECT * FROM segnalazione s
WHERE s.stato = 'ATTIVA'
  AND ST_DWithin(s.posizione, ST_SetSRID(ST_MakePoint(?, ?), 4326)::geography, ?)

2026-09-27T16:07:59.632+02:00 DEBUG 26492 --- [crime-app-backend] [http-nio-8080-exec-3] org.hibernate.SQL                        : select c1_0.id,c1_0.attiva,c1_0.descrizione,c1_0.durata_validita_ore,c1_0.icona,c1_0.nome from categoria c1_0 where c1_0.id=?
2026-09-27T16:07:59.633+02:00 DEBUG 26492 --- [crime-app-backend] [http-nio-8080-exec-3] org.hibernate.SQL                        : select c1_0.id,c1_0.attiva,c1_0.descrizione,c1_0.durata_validita_ore,c1_0.icona,c1_0.nome from categoria c1_0 where c1_0.id=?
2026-09-27T16:07:59.636+02:00  INFO 26492 --- [crime-app-backend] [http-nio-8080-exec-3] c.d.c.config.RequestLoggingFilter        : GET /api/segnalazioni/vicine?lat=45.081615728434116&lng=7.685301303863526&raggioMetri=419 -> 200 (8 ms)
2026-09-27T16:08:01.483+02:00 DEBUG 26492 --- [crime-app-backend] [http-nio-8080-exec-4] org.hibernate.SQL                        : SELECT * FROM segnalazione s
WHERE s.stato = 'ATTIVA'
  AND ST_DWithin(s.posizione, ST_SetSRID(ST_MakePoint(?, ?), 4326)::geography, ?)

2026-09-27T16:08:01.484+02:00 DEBUG 26492 --- [crime-app-backend] [http-nio-8080-exec-4] org.hibernate.SQL                        : select c1_0.id,c1_0.attiva,c1_0.descrizione,c1_0.durata_validita_ore,c1_0.icona,c1_0.nome from categoria c1_0 where c1_0.id=?
2026-09-27T16:08:01.486+02:00 DEBUG 26492 --- [crime-app-backend] [http-nio-8080-exec-4] org.hibernate.SQL                        : select c1_0.id,c1_0.attiva,c1_0.descrizione,c1_0.durata_validita_ore,c1_0.icona,c1_0.nome from categoria c1_0 where c1_0.id=?
2026-09-27T16:08:01.488+02:00  INFO 26492 --- [crime-app-backend] [http-nio-8080-exec-4] c.d.c.config.RequestLoggingFilter        : GET /api/segnalazioni/vicine?lat=45.081615728434116&lng=7.685301303863526&raggioMetri=419 -> 200 (7 ms)
2026-09-27T16:08:02.392+02:00 DEBUG 26492 --- [crime-app-backend] [http-nio-8080-exec-5] org.hibernate.SQL                        : SELECT * FROM segnalazione s
WHERE s.stato = 'ATTIVA'
  AND ST_DWithin(s.posizione, ST_SetSRID(ST_MakePoint(?, ?), 4326)::geography, ?)

2026-09-27T16:08:02.394+02:00 DEBUG 26492 --- [crime-app-backend] [http-nio-8080-exec-5] org.hibernate.SQL                        : select c1_0.id,c1_0.attiva,c1_0.descrizione,c1_0.durata_validita_ore,c1_0.icona,c1_0.nome from categoria c1_0 where c1_0.id=?
2026-09-27T16:08:02.395+02:00 DEBUG 26492 --- [crime-app-backend] [http-nio-8080-exec-5] org.hibernate.SQL                        : select c1_0.id,c1_0.attiva,c1_0.descrizione,c1_0.durata_validita_ore,c1_0.icona,c1_0.nome from categoria c1_0 where c1_0.id=?
2026-09-27T16:08:02.396+02:00 DEBUG 26492 --- [crime-app-backend] [http-nio-8080-exec-5] org.hibernate.SQL                        : select c1_0.id,c1_0.attiva,c1_0.descrizione,c1_0.durata_validita_ore,c1_0.icona,c1_0.nome from categoria c1_0 where c1_0.id=?
2026-09-27T16:08:02.399+02:00  INFO 26492 --- [crime-app-backend] [http-nio-8080-exec-5] c.d.c.config.RequestLoggingFilter        : GET /api/segnalazioni/vicine?lat=45.08007028136972&lng=7.685301303863526&raggioMetri=419 -> 200 (10 ms)
2026-09-27T16:08:03.753+02:00 DEBUG 26492 --- [crime-app-backend] [http-nio-8080-exec-6] org.hibernate.SQL                        : SELECT * FROM segnalazione s
WHERE s.stato = 'ATTIVA'
  AND ST_DWithin(s.posizione, ST_SetSRID(ST_MakePoint(?, ?), 4326)::geography, ?)

2026-09-27T16:08:03.755+02:00 DEBUG 26492 --- [crime-app-backend] [http-nio-8080-exec-6] org.hibernate.SQL                        : select c1_0.id,c1_0.attiva,c1_0.descrizione,c1_0.durata_validita_ore,c1_0.icona,c1_0.nome from categoria c1_0 where c1_0.id=?
2026-09-27T16:08:03.756+02:00 DEBUG 26492 --- [crime-app-backend] [http-nio-8080-exec-6] org.hibernate.SQL                        : select c1_0.id,c1_0.attiva,c1_0.descrizione,c1_0.durata_validita_ore,c1_0.icona,c1_0.nome from categoria c1_0 where c1_0.id=?
2026-09-27T16:08:03.759+02:00  INFO 26492 --- [crime-app-backend] [http-nio-8080-exec-6] c.d.c.config.RequestLoggingFilter        : GET /api/segnalazioni/vicine?lat=45.081615728434116&lng=7.685301303863526&raggioMetri=419 -> 200 (9 ms)
2026-09-27T16:08:04.943+02:00 DEBUG 26492 --- [crime-app-backend] [http-nio-8080-exec-7] org.hibernate.SQL                        : SELECT * FROM segnalazione s
WHERE s.stato = 'ATTIVA'
  AND ST_DWithin(s.posizione, ST_SetSRID(ST_MakePoint(?, ?), 4326)::geography, ?)

2026-09-27T16:08:04.945+02:00 DEBUG 26492 --- [crime-app-backend] [http-nio-8080-exec-7] org.hibernate.SQL                        : select c1_0.id,c1_0.attiva,c1_0.descrizione,c1_0.durata_validita_ore,c1_0.icona,c1_0.nome from categoria c1_0 where c1_0.id=?
2026-09-27T16:08:04.945+02:00 DEBUG 26492 --- [crime-app-backend] [http-nio-8080-exec-7] org.hibernate.SQL                        : select c1_0.id,c1_0.attiva,c1_0.descrizione,c1_0.durata_validita_ore,c1_0.icona,c1_0.nome from categoria c1_0 where c1_0.id=?
2026-09-27T16:08:04.948+02:00  INFO 26492 --- [crime-app-backend] [http-nio-8080-exec-7] c.d.c.config.RequestLoggingFilter        : GET /api/segnalazioni/vicine?lat=45.081615728434116&lng=7.685301303863526&raggioMetri=419 -> 200 (7 ms)
2026-09-27T16:08:09.168+02:00 DEBUG 26492 --- [crime-app-backend] [http-nio-8080-exec-8] org.hibernate.SQL                        : SELECT * FROM segnalazione s
WHERE s.stato = 'ATTIVA'
  AND ST_DWithin(s.posizione, ST_SetSRID(ST_MakePoint(?, ?), 4326)::geography, ?)

2026-09-27T16:08:09.170+02:00 DEBUG 26492 --- [crime-app-backend] [http-nio-8080-exec-8] org.hibernate.SQL                        : select c1_0.id,c1_0.attiva,c1_0.descrizione,c1_0.durata_validita_ore,c1_0.icona,c1_0.nome from categoria c1_0 where c1_0.id=?
2026-09-27T16:08:09.171+02:00 DEBUG 26492 --- [crime-app-backend] [http-nio-8080-exec-8] org.hibernate.SQL                        : select c1_0.id,c1_0.attiva,c1_0.descrizione,c1_0.durata_validita_ore,c1_0.icona,c1_0.nome from categoria c1_0 where c1_0.id=?
2026-09-27T16:08:09.174+02:00  INFO 26492 --- [crime-app-backend] [http-nio-8080-exec-8] c.d.c.config.RequestLoggingFilter        : GET /api/segnalazioni/vicine?lat=45.082017234800865&lng=7.685129642486573&raggioMetri=419 -> 200 (8 ms)
2026-09-27T16:08:14.197+02:00 DEBUG 26492 --- [crime-app-backend] [scheduling-1] org.hibernate.SQL                        : select s1_0.id,s1_0.anonima,s1_0.autore_id,s1_0.categoria_id,s1_0.data_creazione,s1_0.data_rimozione,s1_0.data_scadenza,s1_0.data_ultima_conferma,s1_0.descrizione,s1_0.posizione,s1_0.stato from segnalazione s1_0 where s1_0.stato=? and s1_0.data_scadenza<?
2026-09-27T16:08:18.630+02:00 DEBUG 26492 --- [crime-app-backend] [http-nio-8080-exec-9] org.hibernate.SQL                        : SELECT * FROM segnalazione s
WHERE s.stato = 'ATTIVA'
  AND ST_DWithin(s.posizione, ST_SetSRID(ST_MakePoint(?, ?), 4326)::geography, ?)

2026-09-27T16:08:18.632+02:00 DEBUG 26492 --- [crime-app-backend] [http-nio-8080-exec-9] org.hibernate.SQL                        : select c1_0.id,c1_0.attiva,c1_0.descrizione,c1_0.durata_validita_ore,c1_0.icona,c1_0.nome from categoria c1_0 where c1_0.id=?
2026-09-27T16:08:18.633+02:00 DEBUG 26492 --- [crime-app-backend] [http-nio-8080-exec-9] org.hibernate.SQL                        : select c1_0.id,c1_0.attiva,c1_0.descrizione,c1_0.durata_validita_ore,c1_0.icona,c1_0.nome from categoria c1_0 where c1_0.id=?
2026-09-27T16:08:18.636+02:00  INFO 26492 --- [crime-app-backend] [http-nio-8080-exec-9] c.d.c.config.RequestLoggingFilter        : GET /api/segnalazioni/vicine?lat=45.08240358732004&lng=7.685301303863526&raggioMetri=419 -> 200 (8 ms)
2026-09-27T16:08:19.769+02:00 DEBUG 26492 --- [crime-app-backend] [http-nio-8080-exec-10] org.hibernate.SQL                        : SELECT * FROM segnalazione s
WHERE s.stato = 'ATTIVA'
  AND ST_DWithin(s.posizione, ST_SetSRID(ST_MakePoint(?, ?), 4326)::geography, ?)

2026-09-27T16:08:19.771+02:00 DEBUG 26492 --- [crime-app-backend] [http-nio-8080-exec-10] org.hibernate.SQL                        : select c1_0.id,c1_0.attiva,c1_0.descrizione,c1_0.durata_validita_ore,c1_0.icona,c1_0.nome from categoria c1_0 where c1_0.id=?
2026-09-27T16:08:19.771+02:00 DEBUG 26492 --- [crime-app-backend] [http-nio-8080-exec-10] org.hibernate.SQL                        : select c1_0.id,c1_0.attiva,c1_0.descrizione,c1_0.durata_validita_ore,c1_0.icona,c1_0.nome from categoria c1_0 where c1_0.id=?
2026-09-27T16:08:19.775+02:00  INFO 26492 --- [crime-app-backend] [http-nio-8080-exec-10] c.d.c.config.RequestLoggingFilter        : GET /api/segnalazioni/vicine?lat=45.08363838275388&lng=7.687425613403321&raggioMetri=419 -> 200 (7 ms)
2026-09-27T16:08:20.572+02:00 DEBUG 26492 --- [crime-app-backend] [http-nio-8080-exec-1] org.hibernate.SQL                        : SELECT * FROM segnalazione s
WHERE s.stato = 'ATTIVA'
  AND ST_DWithin(s.posizione, ST_SetSRID(ST_MakePoint(?, ?), 4326)::geography, ?)

2026-09-27T16:08:20.574+02:00 DEBUG 26492 --- [crime-app-backend] [http-nio-8080-exec-1] org.hibernate.SQL                        : select c1_0.id,c1_0.attiva,c1_0.descrizione,c1_0.durata_validita_ore,c1_0.icona,c1_0.nome from categoria c1_0 where c1_0.id=?
2026-09-27T16:08:20.575+02:00 DEBUG 26492 --- [crime-app-backend] [http-nio-8080-exec-1] org.hibernate.SQL                        : select c1_0.id,c1_0.attiva,c1_0.descrizione,c1_0.durata_validita_ore,c1_0.icona,c1_0.nome from categoria c1_0 where c1_0.id=?
2026-09-27T16:08:20.577+02:00  INFO 26492 --- [crime-app-backend] [http-nio-8080-exec-1] c.d.c.config.RequestLoggingFilter        : GET /api/segnalazioni/vicine?lat=45.083274764785045&lng=7.68670678138733&raggioMetri=419 -> 200 (7 ms)
2026-09-27T16:08:21.391+02:00 DEBUG 26492 --- [crime-app-backend] [http-nio-8080-exec-2] org.hibernate.SQL                        : SELECT * FROM segnalazione s
WHERE s.stato = 'ATTIVA'
  AND ST_DWithin(s.posizione, ST_SetSRID(ST_MakePoint(?, ?), 4326)::geography, ?)

2026-09-27T16:08:21.393+02:00 DEBUG 26492 --- [crime-app-backend] [http-nio-8080-exec-2] org.hibernate.SQL                        : select c1_0.id,c1_0.attiva,c1_0.descrizione,c1_0.durata_validita_ore,c1_0.icona,c1_0.nome from categoria c1_0 where c1_0.id=?
2026-09-27T16:08:21.394+02:00 DEBUG 26492 --- [crime-app-backend] [http-nio-8080-exec-2] org.hibernate.SQL                        : select c1_0.id,c1_0.attiva,c1_0.descrizione,c1_0.durata_validita_ore,c1_0.icona,c1_0.nome from categoria c1_0 where c1_0.id=?
2026-09-27T16:08:21.397+02:00  INFO 26492 --- [crime-app-backend] [http-nio-8080-exec-2] c.d.c.config.RequestLoggingFilter        : GET /api/segnalazioni/vicine?lat=45.08322173697125&lng=7.683885097503662&raggioMetri=419 -> 200 (8 ms)
2026-09-27T16:08:22.157+02:00 DEBUG 26492 --- [crime-app-backend] [http-nio-8080-exec-3] org.hibernate.SQL                        : SELECT * FROM segnalazione s
WHERE s.stato = 'ATTIVA'
  AND ST_DWithin(s.posizione, ST_SetSRID(ST_MakePoint(?, ?), 4326)::geography, ?)

2026-09-27T16:08:22.158+02:00 DEBUG 26492 --- [crime-app-backend] [http-nio-8080-exec-3] org.hibernate.SQL                        : select c1_0.id,c1_0.attiva,c1_0.descrizione,c1_0.durata_validita_ore,c1_0.icona,c1_0.nome from categoria c1_0 where c1_0.id=?
2026-09-27T16:08:22.161+02:00  INFO 26492 --- [crime-app-backend] [http-nio-8080-exec-3] c.d.c.config.RequestLoggingFilter        : GET /api/segnalazioni/vicine?lat=45.0798202786518&lng=7.68396019935608&raggioMetri=419 -> 200 (6 ms)
2026-09-27T16:08:22.606+02:00 DEBUG 26492 --- [crime-app-backend] [http-nio-8080-exec-4] org.hibernate.SQL                        : SELECT * FROM segnalazione s
WHERE s.stato = 'ATTIVA'
  AND ST_DWithin(s.posizione, ST_SetSRID(ST_MakePoint(?, ?), 4326)::geography, ?)

2026-09-27T16:08:22.608+02:00 DEBUG 26492 --- [crime-app-backend] [http-nio-8080-exec-4] org.hibernate.SQL                        : select c1_0.id,c1_0.attiva,c1_0.descrizione,c1_0.durata_validita_ore,c1_0.icona,c1_0.nome from categoria c1_0 where c1_0.id=?
2026-09-27T16:08:22.609+02:00 DEBUG 26492 --- [crime-app-backend] [http-nio-8080-exec-4] org.hibernate.SQL                        : select c1_0.id,c1_0.attiva,c1_0.descrizione,c1_0.durata_validita_ore,c1_0.icona,c1_0.nome from categoria c1_0 where c1_0.id=?
2026-09-27T16:08:22.611+02:00  INFO 26492 --- [crime-app-backend] [http-nio-8080-exec-4] c.d.c.config.RequestLoggingFilter        : GET /api/segnalazioni/vicine?lat=45.08240358732004&lng=7.685301303863526&raggioMetri=419 -> 200 (6 ms)
2026-09-27T16:08:32.936+02:00 DEBUG 26492 --- [crime-app-backend] [http-nio-8080-exec-5] org.hibernate.SQL                        : SELECT * FROM segnalazione s
WHERE s.stato = 'ATTIVA'
  AND ST_DWithin(s.posizione, ST_SetSRID(ST_MakePoint(?, ?), 4326)::geography, ?)

2026-09-27T16:08:32.937+02:00 DEBUG 26492 --- [crime-app-backend] [http-nio-8080-exec-5] org.hibernate.SQL                        : select c1_0.id,c1_0.attiva,c1_0.descrizione,c1_0.durata_validita_ore,c1_0.icona,c1_0.nome from categoria c1_0 where c1_0.id=?
2026-09-27T16:08:32.939+02:00 DEBUG 26492 --- [crime-app-backend] [http-nio-8080-exec-5] org.hibernate.SQL                        : select c1_0.id,c1_0.attiva,c1_0.descrizione,c1_0.durata_validita_ore,c1_0.icona,c1_0.nome from categoria c1_0 where c1_0.id=?
2026-09-27T16:08:32.942+02:00  INFO 26492 --- [crime-app-backend] [http-nio-8080-exec-5] c.d.c.config.RequestLoggingFilter        : GET /api/segnalazioni/vicine?lat=45.081615728434116&lng=7.685301303863526&raggioMetri=419 -> 200 (9 ms)
2026-09-27T16:08:35.135+02:00 DEBUG 26492 --- [crime-app-backend] [http-nio-8080-exec-6] org.hibernate.SQL                        : SELECT * FROM segnalazione s
WHERE s.stato = 'ATTIVA'
  AND ST_DWithin(s.posizione, ST_SetSRID(ST_MakePoint(?, ?), 4326)::geography, ?)

2026-09-27T16:08:35.137+02:00 DEBUG 26492 --- [crime-app-backend] [http-nio-8080-exec-6] org.hibernate.SQL                        : select c1_0.id,c1_0.attiva,c1_0.descrizione,c1_0.durata_validita_ore,c1_0.icona,c1_0.nome from categoria c1_0 where c1_0.id=?
2026-09-27T16:08:35.138+02:00 DEBUG 26492 --- [crime-app-backend] [http-nio-8080-exec-6] org.hibernate.SQL                        : select c1_0.id,c1_0.attiva,c1_0.descrizione,c1_0.durata_validita_ore,c1_0.icona,c1_0.nome from categoria c1_0 where c1_0.id=?
2026-09-27T16:08:35.138+02:00 DEBUG 26492 --- [crime-app-backend] [http-nio-8080-exec-6] org.hibernate.SQL                        : select c1_0.id,c1_0.attiva,c1_0.descrizione,c1_0.durata_validita_ore,c1_0.icona,c1_0.nome from categoria c1_0 where c1_0.id=?
2026-09-27T16:08:35.141+02:00  INFO 26492 --- [crime-app-backend] [http-nio-8080-exec-6] c.d.c.config.RequestLoggingFilter        : GET /api/segnalazioni/vicine?lat=45.080812707235694&lng=7.685301303863526&raggioMetri=419 -> 200 (9 ms)
2026-09-27T16:08:58.162+02:00 DEBUG 26492 --- [crime-app-backend] [http-nio-8080-exec-7] org.hibernate.SQL                        : SELECT * FROM segnalazione s
WHERE s.stato = 'ATTIVA'
  AND ST_DWithin(s.posizione, ST_SetSRID(ST_MakePoint(?, ?), 4326)::geography, ?)

2026-09-27T16:08:58.164+02:00 DEBUG 26492 --- [crime-app-backend] [http-nio-8080-exec-7] org.hibernate.SQL                        : select c1_0.id,c1_0.attiva,c1_0.descrizione,c1_0.durata_validita_ore,c1_0.icona,c1_0.nome from categoria c1_0 where c1_0.id=?
2026-09-27T16:08:58.166+02:00  INFO 26492 --- [crime-app-backend] [http-nio-8080-exec-7] c.d.c.config.RequestLoggingFilter        : GET /api/segnalazioni/vicine?lat=45.079555123058626&lng=7.685301303863526&raggioMetri=419 -> 200 (6 ms)
2026-09-27T16:08:59.409+02:00 DEBUG 26492 --- [crime-app-backend] [http-nio-8080-exec-8] org.hibernate.SQL                        : SELECT * FROM segnalazione s
WHERE s.stato = 'ATTIVA'
  AND ST_DWithin(s.posizione, ST_SetSRID(ST_MakePoint(?, ?), 4326)::geography, ?)

2026-09-27T16:08:59.411+02:00 DEBUG 26492 --- [crime-app-backend] [http-nio-8080-exec-8] org.hibernate.SQL                        : select c1_0.id,c1_0.attiva,c1_0.descrizione,c1_0.durata_validita_ore,c1_0.icona,c1_0.nome from categoria c1_0 where c1_0.id=?
2026-09-27T16:08:59.414+02:00  INFO 26492 --- [crime-app-backend] [http-nio-8080-exec-8] c.d.c.config.RequestLoggingFilter        : GET /api/segnalazioni/vicine?lat=45.078517216473166&lng=7.685301303863526&raggioMetri=419 -> 200 (7 ms)
2026-09-27T16:09:54.680+02:00 DEBUG 26492 --- [crime-app-backend] [http-nio-8080-exec-9] org.hibernate.SQL                        : SELECT * FROM segnalazione s
WHERE s.stato = 'ATTIVA'
  AND ST_DWithin(s.posizione, ST_SetSRID(ST_MakePoint(?, ?), 4326)::geography, ?)

2026-09-27T16:09:54.683+02:00  INFO 26492 --- [crime-app-backend] [http-nio-8080-exec-9] c.d.c.config.RequestLoggingFilter        : GET /api/segnalazioni/vicine?lat=45.06987989036122&lng=7.6731348037719735&raggioMetri=419 -> 200 (5 ms)
2026-09-27T16:09:55.509+02:00 DEBUG 26492 --- [crime-app-backend] [http-nio-8080-exec-10] org.hibernate.SQL                        : SELECT * FROM segnalazione s
WHERE s.stato = 'ATTIVA'
  AND ST_DWithin(s.posizione, ST_SetSRID(ST_MakePoint(?, ?), 4326)::geography, ?)

2026-09-27T16:09:55.511+02:00 DEBUG 26492 --- [crime-app-backend] [http-nio-8080-exec-10] org.hibernate.SQL                        : select c1_0.id,c1_0.attiva,c1_0.descrizione,c1_0.durata_validita_ore,c1_0.icona,c1_0.nome from categoria c1_0 where c1_0.id=?
2026-09-27T16:09:55.512+02:00 DEBUG 26492 --- [crime-app-backend] [http-nio-8080-exec-10] org.hibernate.SQL                        : select c1_0.id,c1_0.attiva,c1_0.descrizione,c1_0.durata_validita_ore,c1_0.icona,c1_0.nome from categoria c1_0 where c1_0.id=?
2026-09-27T16:09:55.515+02:00  INFO 26492 --- [crime-app-backend] [http-nio-8080-exec-10] c.d.c.config.RequestLoggingFilter        : GET /api/segnalazioni/vicine?lat=45.081615728434116&lng=7.685301303863526&raggioMetri=419 -> 200 (7 ms)
2026-09-27T16:09:57.284+02:00 DEBUG 26492 --- [crime-app-backend] [http-nio-8080-exec-1] org.hibernate.SQL                        : SELECT * FROM segnalazione s
WHERE s.stato = 'ATTIVA'
  AND ST_DWithin(s.posizione, ST_SetSRID(ST_MakePoint(?, ?), 4326)::geography, ?)

2026-09-27T16:09:57.286+02:00 DEBUG 26492 --- [crime-app-backend] [http-nio-8080-exec-1] org.hibernate.SQL                        : select c1_0.id,c1_0.attiva,c1_0.descrizione,c1_0.durata_validita_ore,c1_0.icona,c1_0.nome from categoria c1_0 where c1_0.id=?
2026-09-27T16:09:57.287+02:00 DEBUG 26492 --- [crime-app-backend] [http-nio-8080-exec-1] org.hibernate.SQL                        : select c1_0.id,c1_0.attiva,c1_0.descrizione,c1_0.durata_validita_ore,c1_0.icona,c1_0.nome from categoria c1_0 where c1_0.id=?
2026-09-27T16:09:57.288+02:00  INFO 26492 --- [crime-app-backend] [http-nio-8080-exec-1] c.d.c.config.RequestLoggingFilter        : GET /api/segnalazioni/vicine?lat=45.081615728434116&lng=7.685301303863526&raggioMetri=419 -> 200 (5 ms)
2026-09-27T16:09:59.465+02:00 DEBUG 26492 --- [crime-app-backend] [http-nio-8080-exec-2] org.hibernate.SQL                        : SELECT * FROM segnalazione s
WHERE s.stato = 'ATTIVA'
  AND ST_DWithin(s.posizione, ST_SetSRID(ST_MakePoint(?, ?), 4326)::geography, ?)

2026-09-27T16:09:59.467+02:00 DEBUG 26492 --- [crime-app-backend] [http-nio-8080-exec-2] org.hibernate.SQL                        : select c1_0.id,c1_0.attiva,c1_0.descrizione,c1_0.durata_validita_ore,c1_0.icona,c1_0.nome from categoria c1_0 where c1_0.id=?
2026-09-27T16:09:59.468+02:00 DEBUG 26492 --- [crime-app-backend] [http-nio-8080-exec-2] org.hibernate.SQL                        : select c1_0.id,c1_0.attiva,c1_0.descrizione,c1_0.durata_validita_ore,c1_0.icona,c1_0.nome from categoria c1_0 where c1_0.id=?
2026-09-27T16:09:59.470+02:00  INFO 26492 --- [crime-app-backend] [http-nio-8080-exec-2] c.d.c.config.RequestLoggingFilter        : GET /api/segnalazioni/vicine?lat=45.08196420581982&lng=7.685333490371705&raggioMetri=419 -> 200 (7 ms)
2026-09-27T16:10:03.805+02:00 DEBUG 26492 --- [crime-app-backend] [http-nio-8080-exec-3] org.hibernate.SQL                        : SELECT * FROM segnalazione s
WHERE s.stato = 'ATTIVA'
  AND ST_DWithin(s.posizione, ST_SetSRID(ST_MakePoint(?, ?), 4326)::geography, ?)

2026-09-27T16:10:03.807+02:00 DEBUG 26492 --- [crime-app-backend] [http-nio-8080-exec-3] org.hibernate.SQL                        : select c1_0.id,c1_0.attiva,c1_0.descrizione,c1_0.durata_validita_ore,c1_0.icona,c1_0.nome from categoria c1_0 where c1_0.id=?
2026-09-27T16:10:03.808+02:00 DEBUG 26492 --- [crime-app-backend] [http-nio-8080-exec-3] org.hibernate.SQL                        : select c1_0.id,c1_0.attiva,c1_0.descrizione,c1_0.durata_validita_ore,c1_0.icona,c1_0.nome from categoria c1_0 where c1_0.id=?
2026-09-27T16:10:03.810+02:00  INFO 26492 --- [crime-app-backend] [http-nio-8080-exec-3] c.d.c.config.RequestLoggingFilter        : GET /api/segnalazioni/vicine?lat=45.08196420581982&lng=7.6843464374542245&raggioMetri=419 -> 200 (8 ms)
2026-09-27T16:10:05.565+02:00 DEBUG 26492 --- [crime-app-backend] [http-nio-8080-exec-4] org.hibernate.SQL                        : SELECT * FROM segnalazione s
WHERE s.stato = 'ATTIVA'
  AND ST_DWithin(s.posizione, ST_SetSRID(ST_MakePoint(?, ?), 4326)::geography, ?)

2026-09-27T16:10:05.568+02:00  INFO 26492 --- [crime-app-backend] [http-nio-8080-exec-4] c.d.c.config.RequestLoggingFilter        : GET /api/segnalazioni/vicine?lat=45.08196420581982&lng=7.662030458450317&raggioMetri=419 -> 200 (5 ms)
2026-09-27T16:10:07.771+02:00 DEBUG 26492 --- [crime-app-backend] [http-nio-8080-exec-5] org.hibernate.SQL                        : SELECT * FROM segnalazione s
WHERE s.stato = 'ATTIVA'
  AND ST_DWithin(s.posizione, ST_SetSRID(ST_MakePoint(?, ?), 4326)::geography, ?)

2026-09-27T16:10:07.775+02:00  INFO 26492 --- [crime-app-backend] [http-nio-8080-exec-5] c.d.c.config.RequestLoggingFilter        : GET /api/segnalazioni/vicine?lat=45.08121043140977&lng=7.661161422729493&raggioMetri=838 -> 200 (6 ms)
2026-09-27T16:10:09.500+02:00 DEBUG 26492 --- [crime-app-backend] [http-nio-8080-exec-6] org.hibernate.SQL                        : SELECT * FROM segnalazione s
WHERE s.stato = 'ATTIVA'
  AND ST_DWithin(s.posizione, ST_SetSRID(ST_MakePoint(?, ?), 4326)::geography, ?)

2026-09-27T16:10:09.504+02:00  INFO 26492 --- [crime-app-backend] [http-nio-8080-exec-6] c.d.c.config.RequestLoggingFilter        : GET /api/segnalazioni/vicine?lat=45.082407375076905&lng=7.703390121459962&raggioMetri=838 -> 200 (7 ms)
2026-09-27T16:10:11.269+02:00 DEBUG 26492 --- [crime-app-backend] [http-nio-8080-exec-7] org.hibernate.SQL                        : SELECT * FROM segnalazione s
WHERE s.stato = 'ATTIVA'
  AND ST_DWithin(s.posizione, ST_SetSRID(ST_MakePoint(?, ?), 4326)::geography, ?)

2026-09-27T16:10:11.271+02:00 DEBUG 26492 --- [crime-app-backend] [http-nio-8080-exec-7] org.hibernate.SQL                        : select c1_0.id,c1_0.attiva,c1_0.descrizione,c1_0.durata_validita_ore,c1_0.icona,c1_0.nome from categoria c1_0 where c1_0.id=?
2026-09-27T16:10:11.272+02:00 DEBUG 26492 --- [crime-app-backend] [http-nio-8080-exec-7] org.hibernate.SQL                        : select c1_0.id,c1_0.attiva,c1_0.descrizione,c1_0.durata_validita_ore,c1_0.icona,c1_0.nome from categoria c1_0 where c1_0.id=?
2026-09-27T16:10:11.274+02:00  INFO 26492 --- [crime-app-backend] [http-nio-8080-exec-7] c.d.c.config.RequestLoggingFilter        : GET /api/segnalazioni/vicine?lat=45.081615728434116&lng=7.685301303863526&raggioMetri=419 -> 200 (6 ms)
2026-09-27T16:10:19.409+02:00 DEBUG 26492 --- [crime-app-backend] [http-nio-8080-exec-8] org.hibernate.SQL                        : SELECT * FROM segnalazione s
WHERE s.stato = 'ATTIVA'
  AND ST_DWithin(s.posizione, ST_SetSRID(ST_MakePoint(?, ?), 4326)::geography, ?)

2026-09-27T16:10:19.411+02:00 DEBUG 26492 --- [crime-app-backend] [http-nio-8080-exec-8] org.hibernate.SQL                        : select c1_0.id,c1_0.attiva,c1_0.descrizione,c1_0.durata_validita_ore,c1_0.icona,c1_0.nome from categoria c1_0 where c1_0.id=?
2026-09-27T16:10:19.412+02:00 DEBUG 26492 --- [crime-app-backend] [http-nio-8080-exec-8] org.hibernate.SQL                        : select c1_0.id,c1_0.attiva,c1_0.descrizione,c1_0.durata_validita_ore,c1_0.icona,c1_0.nome from categoria c1_0 where c1_0.id=?
2026-09-27T16:10:19.414+02:00  INFO 26492 --- [crime-app-backend] [http-nio-8080-exec-8] c.d.c.config.RequestLoggingFilter        : GET /api/segnalazioni/vicine?lat=45.081615728434116&lng=7.690579891204835&raggioMetri=419 -> 200 (7 ms)
2026-09-27T16:10:22.283+02:00 DEBUG 26492 --- [crime-app-backend] [http-nio-8080-exec-9] org.hibernate.SQL                        : SELECT * FROM segnalazione s
WHERE s.stato = 'ATTIVA'
  AND ST_DWithin(s.posizione, ST_SetSRID(ST_MakePoint(?, ?), 4326)::geography, ?)

2026-09-27T16:10:22.285+02:00  INFO 26492 --- [crime-app-backend] [http-nio-8080-exec-9] c.d.c.config.RequestLoggingFilter        : GET /api/segnalazioni/vicine?lat=45.07920663097909&lng=7.692114114761353&raggioMetri=419 -> 200 (5 ms)
2026-09-27T16:10:38.620+02:00 DEBUG 26492 --- [crime-app-backend] [http-nio-8080-exec-10] org.hibernate.SQL                        : SELECT * FROM segnalazione s
WHERE s.stato = 'ATTIVA'
  AND ST_DWithin(s.posizione, ST_SetSRID(ST_MakePoint(?, ?), 4326)::geography, ?)

2026-09-27T16:10:38.622+02:00 DEBUG 26492 --- [crime-app-backend] [http-nio-8080-exec-10] org.hibernate.SQL                        : select c1_0.id,c1_0.attiva,c1_0.descrizione,c1_0.durata_validita_ore,c1_0.icona,c1_0.nome from categoria c1_0 where c1_0.id=?
2026-09-27T16:10:38.623+02:00 DEBUG 26492 --- [crime-app-backend] [http-nio-8080-exec-10] org.hibernate.SQL                        : select c1_0.id,c1_0.attiva,c1_0.descrizione,c1_0.durata_validita_ore,c1_0.icona,c1_0.nome from categoria c1_0 where c1_0.id=?
2026-09-27T16:10:38.626+02:00  INFO 26492 --- [crime-app-backend] [http-nio-8080-exec-10] c.d.c.config.RequestLoggingFilter        : GET /api/segnalazioni/vicine?lat=45.08240358732004&lng=7.685301303863526&raggioMetri=419 -> 200 (9 ms)
2026-09-27T16:10:39.713+02:00 DEBUG 26492 --- [crime-app-backend] [http-nio-8080-exec-1] org.hibernate.SQL                        : SELECT * FROM segnalazione s
WHERE s.stato = 'ATTIVA'
  AND ST_DWithin(s.posizione, ST_SetSRID(ST_MakePoint(?, ?), 4326)::geography, ?)

2026-09-27T16:10:39.716+02:00 DEBUG 26492 --- [crime-app-backend] [http-nio-8080-exec-1] org.hibernate.SQL                        : select c1_0.id,c1_0.attiva,c1_0.descrizione,c1_0.durata_validita_ore,c1_0.icona,c1_0.nome from categoria c1_0 where c1_0.id=?
2026-09-27T16:10:39.717+02:00 DEBUG 26492 --- [crime-app-backend] [http-nio-8080-exec-1] org.hibernate.SQL                        : select c1_0.id,c1_0.attiva,c1_0.descrizione,c1_0.durata_validita_ore,c1_0.icona,c1_0.nome from categoria c1_0 where c1_0.id=?
2026-09-27T16:10:39.719+02:00  INFO 26492 --- [crime-app-backend] [http-nio-8080-exec-1] c.d.c.config.RequestLoggingFilter        : GET /api/segnalazioni/vicine?lat=45.08219904807651&lng=7.686181068420411&raggioMetri=419 -> 200 (7 ms)
2026-09-27T16:10:42.825+02:00 DEBUG 26492 --- [crime-app-backend] [http-nio-8080-exec-2] org.hibernate.SQL                        : SELECT * FROM segnalazione s
WHERE s.stato = 'ATTIVA'
  AND ST_DWithin(s.posizione, ST_SetSRID(ST_MakePoint(?, ?), 4326)::geography, ?)

2026-09-27T16:10:42.827+02:00 DEBUG 26492 --- [crime-app-backend] [http-nio-8080-exec-2] org.hibernate.SQL                        : select c1_0.id,c1_0.attiva,c1_0.descrizione,c1_0.durata_validita_ore,c1_0.icona,c1_0.nome from categoria c1_0 where c1_0.id=?
2026-09-27T16:10:42.828+02:00 DEBUG 26492 --- [crime-app-backend] [http-nio-8080-exec-2] org.hibernate.SQL                        : select c1_0.id,c1_0.attiva,c1_0.descrizione,c1_0.durata_validita_ore,c1_0.icona,c1_0.nome from categoria c1_0 where c1_0.id=?
2026-09-27T16:10:42.830+02:00  INFO 26492 --- [crime-app-backend] [http-nio-8080-exec-2] c.d.c.config.RequestLoggingFilter        : GET /api/segnalazioni/vicine?lat=45.081865723295856&lng=7.687007188796998&raggioMetri=419 -> 200 (7 ms)
2026-09-27T16:10:44.949+02:00 DEBUG 26492 --- [crime-app-backend] [http-nio-8080-exec-3] org.hibernate.SQL                        : SELECT * FROM segnalazione s
WHERE s.stato = 'ATTIVA'
  AND ST_DWithin(s.posizione, ST_SetSRID(ST_MakePoint(?, ?), 4326)::geography, ?)

2026-09-27T16:10:44.951+02:00 DEBUG 26492 --- [crime-app-backend] [http-nio-8080-exec-3] org.hibernate.SQL                        : select c1_0.id,c1_0.attiva,c1_0.descrizione,c1_0.durata_validita_ore,c1_0.icona,c1_0.nome from categoria c1_0 where c1_0.id=?
2026-09-27T16:10:44.952+02:00 DEBUG 26492 --- [crime-app-backend] [http-nio-8080-exec-3] org.hibernate.SQL                        : select c1_0.id,c1_0.attiva,c1_0.descrizione,c1_0.durata_validita_ore,c1_0.icona,c1_0.nome from categoria c1_0 where c1_0.id=?
2026-09-27T16:10:44.955+02:00  INFO 26492 --- [crime-app-backend] [http-nio-8080-exec-3] c.d.c.config.RequestLoggingFilter        : GET /api/segnalazioni/vicine?lat=45.08219904807651&lng=7.686181068420411&raggioMetri=419 -> 200 (8 ms)
2026-09-27T16:10:47.069+02:00 DEBUG 26492 --- [crime-app-backend] [http-nio-8080-exec-4] org.hibernate.SQL                        : SELECT * FROM segnalazione s
WHERE s.stato = 'ATTIVA'
  AND ST_DWithin(s.posizione, ST_SetSRID(ST_MakePoint(?, ?), 4326)::geography, ?)

2026-09-27T16:10:47.071+02:00 DEBUG 26492 --- [crime-app-backend] [http-nio-8080-exec-4] org.hibernate.SQL                        : select c1_0.id,c1_0.attiva,c1_0.descrizione,c1_0.durata_validita_ore,c1_0.icona,c1_0.nome from categoria c1_0 where c1_0.id=?
2026-09-27T16:10:47.072+02:00 DEBUG 26492 --- [crime-app-backend] [http-nio-8080-exec-4] org.hibernate.SQL                        : select c1_0.id,c1_0.attiva,c1_0.descrizione,c1_0.durata_validita_ore,c1_0.icona,c1_0.nome from categoria c1_0 where c1_0.id=?
2026-09-27T16:10:47.074+02:00  INFO 26492 --- [crime-app-backend] [http-nio-8080-exec-4] c.d.c.config.RequestLoggingFilter        : GET /api/segnalazioni/vicine?lat=45.081865723295856&lng=7.687007188796998&raggioMetri=419 -> 200 (7 ms)
2026-09-27T16:10:48.968+02:00 DEBUG 26492 --- [crime-app-backend] [http-nio-8080-exec-5] org.hibernate.SQL                        : SELECT * FROM segnalazione s
WHERE s.stato = 'ATTIVA'
  AND ST_DWithin(s.posizione, ST_SetSRID(ST_MakePoint(?, ?), 4326)::geography, ?)

2026-09-27T16:10:48.970+02:00 DEBUG 26492 --- [crime-app-backend] [http-nio-8080-exec-5] org.hibernate.SQL                        : select c1_0.id,c1_0.attiva,c1_0.descrizione,c1_0.durata_validita_ore,c1_0.icona,c1_0.nome from categoria c1_0 where c1_0.id=?
2026-09-27T16:10:48.972+02:00 DEBUG 26492 --- [crime-app-backend] [http-nio-8080-exec-5] org.hibernate.SQL                        : select c1_0.id,c1_0.attiva,c1_0.descrizione,c1_0.durata_validita_ore,c1_0.icona,c1_0.nome from categoria c1_0 where c1_0.id=?
2026-09-27T16:10:48.973+02:00  INFO 26492 --- [crime-app-backend] [http-nio-8080-exec-5] c.d.c.config.RequestLoggingFilter        : GET /api/segnalazioni/vicine?lat=45.08219904807651&lng=7.686181068420411&raggioMetri=419 -> 200 (6 ms)
2026-09-27T16:10:50.498+02:00 DEBUG 26492 --- [crime-app-backend] [http-nio-8080-exec-6] org.hibernate.SQL                        : SELECT * FROM segnalazione s
WHERE s.stato = 'ATTIVA'
  AND ST_DWithin(s.posizione, ST_SetSRID(ST_MakePoint(?, ?), 4326)::geography, ?)

2026-09-27T16:10:50.499+02:00 DEBUG 26492 --- [crime-app-backend] [http-nio-8080-exec-6] org.hibernate.SQL                        : select c1_0.id,c1_0.attiva,c1_0.descrizione,c1_0.durata_validita_ore,c1_0.icona,c1_0.nome from categoria c1_0 where c1_0.id=?
2026-09-27T16:10:50.500+02:00 DEBUG 26492 --- [crime-app-backend] [http-nio-8080-exec-6] org.hibernate.SQL                        : select c1_0.id,c1_0.attiva,c1_0.descrizione,c1_0.durata_validita_ore,c1_0.icona,c1_0.nome from categoria c1_0 where c1_0.id=?
2026-09-27T16:10:50.502+02:00  INFO 26492 --- [crime-app-backend] [http-nio-8080-exec-6] c.d.c.config.RequestLoggingFilter        : GET /api/segnalazioni/vicine?lat=45.081865723295856&lng=7.687007188796998&raggioMetri=419 -> 200 (7 ms)
2026-09-27T16:12:19.552+02:00 DEBUG 26492 --- [crime-app-backend] [http-nio-8080-exec-8] org.hibernate.SQL                        : select c1_0.id,c1_0.attiva,c1_0.descrizione,c1_0.durata_validita_ore,c1_0.icona,c1_0.nome from categoria c1_0
2026-09-27T16:12:19.557+02:00  INFO 26492 --- [crime-app-backend] [http-nio-8080-exec-8] c.d.c.config.RequestLoggingFilter        : GET /api/categorie -> 200 (9 ms)
2026-09-27T16:12:20.213+02:00 DEBUG 26492 --- [crime-app-backend] [http-nio-8080-exec-9] org.hibernate.SQL                        : SELECT * FROM segnalazione s
WHERE s.stato = 'ATTIVA'
  AND ST_DWithin(s.posizione, ST_SetSRID(ST_MakePoint(?, ?), 4326)::geography, ?)

2026-09-27T16:12:20.216+02:00  INFO 26492 --- [crime-app-backend] [http-nio-8080-exec-9] c.d.c.config.RequestLoggingFilter        : GET /api/segnalazioni/vicine?lat=45.31805570944313&lng=8.858928680419924&raggioMetri=6666 -> 200 (5 ms)
2026-09-27T16:13:14.191+02:00 DEBUG 26492 --- [crime-app-backend] [scheduling-1] org.hibernate.SQL                        : select s1_0.id,s1_0.anonima,s1_0.autore_id,s1_0.categoria_id,s1_0.data_creazione,s1_0.data_rimozione,s1_0.data_scadenza,s1_0.data_ultima_conferma,s1_0.descrizione,s1_0.posizione,s1_0.stato from segnalazione s1_0 where s1_0.stato=? and s1_0.data_scadenza<?
2026-09-27T16:14:50.096+02:00 DEBUG 26492 --- [crime-app-backend] [http-nio-8080-exec-1] org.hibernate.SQL                        : select c1_0.id,c1_0.attiva,c1_0.descrizione,c1_0.durata_validita_ore,c1_0.icona,c1_0.nome from categoria c1_0
2026-09-27T16:14:50.099+02:00  INFO 26492 --- [crime-app-backend] [http-nio-8080-exec-1] c.d.c.config.RequestLoggingFilter        : GET /api/categorie -> 200 (7 ms)
2026-09-27T16:14:53.152+02:00 DEBUG 26492 --- [crime-app-backend] [http-nio-8080-exec-2] org.hibernate.SQL                        : SELECT * FROM segnalazione s
WHERE s.stato = 'ATTIVA'
  AND ST_DWithin(s.posizione, ST_SetSRID(ST_MakePoint(?, ?), 4326)::geography, ?)

2026-09-27T16:14:53.156+02:00  INFO 26492 --- [crime-app-backend] [http-nio-8080-exec-2] c.d.c.config.RequestLoggingFilter        : GET /api/segnalazioni/vicine?lat=45.31805570944313&lng=8.858928680419924&raggioMetri=6666 -> 200 (7 ms)
2026-09-27T16:15:36.056+02:00 DEBUG 26492 --- [crime-app-backend] [http-nio-8080-exec-3] org.hibernate.SQL                        : select c1_0.id,c1_0.attiva,c1_0.descrizione,c1_0.durata_validita_ore,c1_0.icona,c1_0.nome from categoria c1_0
2026-09-27T16:15:36.059+02:00  INFO 26492 --- [crime-app-backend] [http-nio-8080-exec-3] c.d.c.config.RequestLoggingFilter        : GET /api/categorie -> 200 (7 ms)
2026-09-27T16:15:39.218+02:00 DEBUG 26492 --- [crime-app-backend] [http-nio-8080-exec-4] org.hibernate.SQL                        : SELECT * FROM segnalazione s
WHERE s.stato = 'ATTIVA'
  AND ST_DWithin(s.posizione, ST_SetSRID(ST_MakePoint(?, ?), 4326)::geography, ?)

2026-09-27T16:15:39.220+02:00  INFO 26492 --- [crime-app-backend] [http-nio-8080-exec-4] c.d.c.config.RequestLoggingFilter        : GET /api/segnalazioni/vicine?lat=45.31805570944313&lng=8.858928680419924&raggioMetri=6666 -> 200 (4 ms)
2026-09-27T16:16:30.930+02:00 DEBUG 26492 --- [crime-app-backend] [http-nio-8080-exec-5] org.hibernate.SQL                        : select c1_0.id,c1_0.attiva,c1_0.descrizione,c1_0.durata_validita_ore,c1_0.icona,c1_0.nome from categoria c1_0
2026-09-27T16:16:30.934+02:00  INFO 26492 --- [crime-app-backend] [http-nio-8080-exec-5] c.d.c.config.RequestLoggingFilter        : GET /api/categorie -> 200 (6 ms)
2026-09-27T16:16:33.876+02:00 DEBUG 26492 --- [crime-app-backend] [http-nio-8080-exec-6] org.hibernate.SQL                        : SELECT * FROM segnalazione s
WHERE s.stato = 'ATTIVA'
  AND ST_DWithin(s.posizione, ST_SetSRID(ST_MakePoint(?, ?), 4326)::geography, ?)

2026-09-27T16:16:33.879+02:00  INFO 26492 --- [crime-app-backend] [http-nio-8080-exec-6] c.d.c.config.RequestLoggingFilter        : GET /api/segnalazioni/vicine?lat=45.31805570944313&lng=8.858928680419924&raggioMetri=6666 -> 200 (5 ms)
2026-09-27T16:18:14.194+02:00 DEBUG 26492 --- [crime-app-backend] [scheduling-1] org.hibernate.SQL                        : select s1_0.id,s1_0.anonima,s1_0.autore_id,s1_0.categoria_id,s1_0.data_creazione,s1_0.data_rimozione,s1_0.data_scadenza,s1_0.data_ultima_conferma,s1_0.descrizione,s1_0.posizione,s1_0.stato from segnalazione s1_0 where s1_0.stato=? and s1_0.data_scadenza<?
2026-09-27T16:20:18.532+02:00 DEBUG 26492 --- [crime-app-backend] [http-nio-8080-exec-8] org.hibernate.SQL                        : select c1_0.id,c1_0.attiva,c1_0.descrizione,c1_0.durata_validita_ore,c1_0.icona,c1_0.nome from categoria c1_0
2026-09-27T16:20:18.536+02:00  INFO 26492 --- [crime-app-backend] [http-nio-8080-exec-8] c.d.c.config.RequestLoggingFilter        : GET /api/categorie -> 200 (6 ms)
2026-09-27T16:20:19.216+02:00 DEBUG 26492 --- [crime-app-backend] [http-nio-8080-exec-9] org.hibernate.SQL                        : SELECT * FROM segnalazione s
WHERE s.stato = 'ATTIVA'
  AND ST_DWithin(s.posizione, ST_SetSRID(ST_MakePoint(?, ?), 4326)::geography, ?)

2026-09-27T16:20:19.220+02:00  INFO 26492 --- [crime-app-backend] [http-nio-8080-exec-9] c.d.c.config.RequestLoggingFilter        : GET /api/segnalazioni/vicine?lat=45.31805570944313&lng=8.858928680419924&raggioMetri=6666 -> 200 (7 ms)
